Date,WeekEnd,RSI,Regime
2010-03-11,2010-03-05,65.1226,TOP
2010-03-12,2010-03-05,65.1226,TOP
2010-03-15,2010-03-12,67.7848,TOP
2010-03-16,2010-03-12,67.7848,TOP
2010-03-17,2010-03-12,67.7848,TOP
2010-03-18,2010-03-12,67.7848,TOP
2010-03-19,2010-03-12,67.7848,TOP
2010-03-22,2010-03-19,68.2967,TOP
2010-03-23,2010-03-19,68.2967,TOP
2010-03-24,2010-03-19,68.2967,TOP
2010-03-25,2010-03-19,68.2967,TOP
2010-03-26,2010-03-19,68.2967,TOP
2010-03-29,2010-03-26,69.7587,TOP
2010-03-30,2010-03-26,69.7587,TOP
2010-03-31,2010-03-26,69.7587,TOP
2010-04-01,2010-03-26,69.7587,TOP
2010-04-05,2010-04-01,70.2226,TOP
2010-04-06,2010-04-01,70.2226,TOP
2010-04-07,2010-04-01,70.2226,TOP
2010-04-08,2010-04-01,70.2226,TOP
2010-04-09,2010-04-01,70.2226,TOP
2010-04-12,2010-04-09,72.6773,TOP
2010-04-13,2010-04-09,72.6773,TOP
2010-04-14,2010-04-09,72.6773,TOP
2010-04-15,2010-04-09,72.6773,TOP
2010-04-16,2010-04-09,72.6773,TOP
2010-04-19,2010-04-16,74.0036,TOP
2010-04-20,2010-04-16,74.0036,TOP
2010-04-21,2010-04-16,74.0036,TOP
2010-04-22,2010-04-16,74.0036,TOP
2010-04-23,2010-04-16,74.0036,TOP
2010-04-26,2010-04-23,76.4420,TOP
2010-04-27,2010-04-23,76.4420,TOP
2010-04-28,2010-04-23,76.4420,TOP
2010-04-29,2010-04-23,76.4420,TOP
2010-04-30,2010-04-23,76.4420,TOP
2010-05-03,2010-04-30,67.6116,TOP
2010-05-04,2010-04-30,67.6116,TOP
2010-05-05,2010-04-30,67.6116,TOP
2010-05-06,2010-04-30,67.6116,TOP
2010-05-07,2010-04-30,67.6116,TOP
2010-05-10,2010-05-07,49.2712,BOTTOM
2010-05-11,2010-05-07,49.2712,BOTTOM
2010-05-12,2010-05-07,49.2712,BOTTOM
2010-05-13,2010-05-07,49.2712,BOTTOM
2010-05-14,2010-05-07,49.2712,BOTTOM
2010-05-17,2010-05-14,54.5415,TOP
2010-05-18,2010-05-14,54.5415,TOP
2010-05-19,2010-05-14,54.5415,TOP
2010-05-20,2010-05-14,54.5415,TOP
2010-05-21,2010-05-14,54.5415,TOP
2010-05-24,2010-05-21,47.2695,BOTTOM
2010-05-25,2010-05-21,47.2695,BOTTOM
2010-05-26,2010-05-21,47.2695,BOTTOM
2010-05-27,2010-05-21,47.2695,BOTTOM
2010-05-28,2010-05-21,47.2695,BOTTOM
2010-06-01,2010-05-28,49.8861,BOTTOM
2010-06-02,2010-05-28,49.8861,BOTTOM
2010-06-03,2010-05-28,49.8861,BOTTOM
2010-06-04,2010-05-28,49.8861,BOTTOM
2010-06-07,2010-06-04,48.1591,BOTTOM
2010-06-08,2010-06-04,48.1591,BOTTOM
2010-06-09,2010-06-04,48.1591,BOTTOM
2010-06-10,2010-06-04,48.1591,BOTTOM
2010-06-11,2010-06-04,48.1591,BOTTOM
2010-06-14,2010-06-11,49.6677,BOTTOM
2010-06-15,2010-06-11,49.6677,BOTTOM
2010-06-16,2010-06-11,49.6677,BOTTOM
2010-06-17,2010-06-11,49.6677,BOTTOM
2010-06-18,2010-06-11,49.6677,BOTTOM
2010-06-21,2010-06-18,55.1188,TOP
2010-06-22,2010-06-18,55.1188,TOP
2010-06-23,2010-06-18,55.1188,TOP
2010-06-24,2010-06-18,55.1188,TOP
2010-06-25,2010-06-18,55.1188,TOP
2010-06-28,2010-06-25,49.1837,BOTTOM
2010-06-29,2010-06-25,49.1837,BOTTOM
2010-06-30,2010-06-25,49.1837,BOTTOM
2010-07-01,2010-06-25,49.1837,BOTTOM
2010-07-02,2010-06-25,49.1837,BOTTOM
2010-07-06,2010-07-02,41.0461,BOTTOM
2010-07-07,2010-07-02,41.0461,BOTTOM
2010-07-08,2010-07-02,41.0461,BOTTOM
2010-07-09,2010-07-02,41.0461,BOTTOM
2010-07-12,2010-07-09,48.1412,BOTTOM
2010-07-13,2010-07-09,48.1412,BOTTOM
2010-07-14,2010-07-09,48.1412,BOTTOM
2010-07-15,2010-07-09,48.1412,BOTTOM
2010-07-16,2010-07-09,48.1412,BOTTOM
2010-07-19,2010-07-16,47.3422,BOTTOM
2010-07-20,2010-07-16,47.3422,BOTTOM
2010-07-21,2010-07-16,47.3422,BOTTOM
2010-07-22,2010-07-16,47.3422,BOTTOM
2010-07-23,2010-07-16,47.3422,BOTTOM
2010-07-26,2010-07-23,52.5524,TOP
2010-07-27,2010-07-23,52.5524,TOP
2010-07-28,2010-07-23,52.5524,TOP
2010-07-29,2010-07-23,52.5524,TOP
2010-07-30,2010-07-23,52.5524,TOP
2010-08-02,2010-07-30,51.7509,TOP
2010-08-03,2010-07-30,51.7509,TOP
2010-08-04,2010-07-30,51.7509,TOP
2010-08-05,2010-07-30,51.7509,TOP
2010-08-06,2010-07-30,51.7509,TOP
2010-08-09,2010-08-06,54.5853,TOP
2010-08-10,2010-08-06,54.5853,TOP
2010-08-11,2010-08-06,54.5853,TOP
2010-08-12,2010-08-06,54.5853,TOP
2010-08-13,2010-08-06,54.5853,TOP
2010-08-16,2010-08-13,48.0565,BOTTOM
2010-08-17,2010-08-13,48.0565,BOTTOM
2010-08-18,2010-08-13,48.0565,BOTTOM
2010-08-19,2010-08-13,48.0565,BOTTOM
2010-08-20,2010-08-13,48.0565,BOTTOM
2010-08-23,2010-08-20,48.7044,BOTTOM
2010-08-24,2010-08-20,48.7044,BOTTOM
2010-08-25,2010-08-20,48.7044,BOTTOM
2010-08-26,2010-08-20,48.7044,BOTTOM
2010-08-27,2010-08-20,48.7044,BOTTOM
2010-08-30,2010-08-27,46.0746,BOTTOM
2010-08-31,2010-08-27,46.0746,BOTTOM
2010-09-01,2010-08-27,46.0746,BOTTOM
2010-09-02,2010-08-27,46.0746,BOTTOM
2010-09-03,2010-08-27,46.0746,BOTTOM
2010-09-07,2010-09-03,52.3928,TOP
2010-09-08,2010-09-03,52.3928,TOP
2010-09-09,2010-09-03,52.3928,TOP
2010-09-10,2010-09-03,52.3928,TOP
2010-09-13,2010-09-10,54.1521,TOP
2010-09-14,2010-09-10,54.1521,TOP
2010-09-15,2010-09-10,54.1521,TOP
2010-09-16,2010-09-10,54.1521,TOP
2010-09-17,2010-09-10,54.1521,TOP
2010-09-20,2010-09-17,58.3710,TOP
2010-09-21,2010-09-17,58.3710,TOP
2010-09-22,2010-09-17,58.3710,TOP
2010-09-23,2010-09-17,58.3710,TOP
2010-09-24,2010-09-17,58.3710,TOP
2010-09-27,2010-09-24,62.5103,TOP
2010-09-28,2010-09-24,62.5103,TOP
2010-09-29,2010-09-24,62.5103,TOP
2010-09-30,2010-09-24,62.5103,TOP
2010-10-01,2010-09-24,62.5103,TOP
2010-10-04,2010-10-01,60.0092,TOP
2010-10-05,2010-10-01,60.0092,TOP
2010-10-06,2010-10-01,60.0092,TOP
2010-10-07,2010-10-01,60.0092,TOP
2010-10-08,2010-10-01,60.0092,TOP
2010-10-11,2010-10-08,61.8792,TOP
2010-10-12,2010-10-08,61.8792,TOP
2010-10-13,2010-10-08,61.8792,TOP
2010-10-14,2010-10-08,61.8792,TOP
2010-10-15,2010-10-08,61.8792,TOP
2010-10-18,2010-10-15,65.9151,TOP
2010-10-19,2010-10-15,65.9151,TOP
2010-10-20,2010-10-15,65.9151,TOP
2010-10-21,2010-10-15,65.9151,TOP
2010-10-22,2010-10-15,65.9151,TOP
2010-10-25,2010-10-22,66.2469,TOP
2010-10-26,2010-10-22,66.2469,TOP
2010-10-27,2010-10-22,66.2469,TOP
2010-10-28,2010-10-22,66.2469,TOP
2010-10-29,2010-10-22,66.2469,TOP
2010-11-01,2010-10-29,67.4742,TOP
2010-11-02,2010-10-29,67.4742,TOP
2010-11-03,2010-10-29,67.4742,TOP
2010-11-04,2010-10-29,67.4742,TOP
2010-11-05,2010-10-29,67.4742,TOP
2010-11-08,2010-11-05,70.6461,TOP
2010-11-09,2010-11-05,70.6461,TOP
2010-11-10,2010-11-05,70.6461,TOP
2010-11-11,2010-11-05,70.6461,TOP
2010-11-12,2010-11-05,70.6461,TOP
2010-11-15,2010-11-12,65.3066,TOP
2010-11-16,2010-11-12,65.3066,TOP
2010-11-17,2010-11-12,65.3066,TOP
2010-11-18,2010-11-12,65.3066,TOP
2010-11-19,2010-11-12,65.3066,TOP
2010-11-22,2010-11-19,65.1239,TOP
2010-11-23,2010-11-19,65.1239,TOP
2010-11-24,2010-11-19,65.1239,TOP
2010-11-26,2010-11-19,65.1239,TOP
2010-11-29,2010-11-26,65.8948,TOP
2010-11-30,2010-11-26,65.8948,TOP
2010-12-01,2010-11-26,65.8948,TOP
2010-12-02,2010-11-26,65.8948,TOP
2010-12-03,2010-11-26,65.8948,TOP
2010-12-06,2010-12-03,68.6329,TOP
2010-12-07,2010-12-03,68.6329,TOP
2010-12-08,2010-12-03,68.6329,TOP
2010-12-09,2010-12-03,68.6329,TOP
2010-12-10,2010-12-03,68.6329,TOP
2010-12-13,2010-12-10,70.0904,TOP
2010-12-14,2010-12-10,70.0904,TOP
2010-12-15,2010-12-10,70.0904,TOP
2010-12-16,2010-12-10,70.0904,TOP
2010-12-17,2010-12-10,70.0904,TOP
2010-12-20,2010-12-17,70.4201,TOP
2010-12-21,2010-12-17,70.4201,TOP
2010-12-22,2010-12-17,70.4201,TOP
2010-12-23,2010-12-17,70.4201,TOP
2010-12-27,2010-12-23,70.9702,TOP
2010-12-28,2010-12-23,70.9702,TOP
2010-12-29,2010-12-23,70.9702,TOP
2010-12-30,2010-12-23,70.9702,TOP
2010-12-31,2010-12-23,70.9702,TOP
2011-01-03,2010-12-31,69.2062,TOP
2011-01-04,2010-12-31,69.2062,TOP
2011-01-05,2010-12-31,69.2062,TOP
2011-01-06,2010-12-31,69.2062,TOP
2011-01-07,2010-12-31,69.2062,TOP
2011-01-10,2011-01-07,72.8640,TOP
2011-01-11,2011-01-07,72.8640,TOP
2011-01-12,2011-01-07,72.8640,TOP
2011-01-13,2011-01-07,72.8640,TOP
2011-01-14,2011-01-07,72.8640,TOP
2011-01-18,2011-01-14,75.3872,TOP
2011-01-19,2011-01-14,75.3872,TOP
2011-01-20,2011-01-14,75.3872,TOP
2011-01-21,2011-01-14,75.3872,TOP
2011-01-24,2011-01-21,67.4922,TOP
2011-01-25,2011-01-21,67.4922,TOP
2011-01-26,2011-01-21,67.4922,TOP
2011-01-27,2011-01-21,67.4922,TOP
2011-01-28,2011-01-21,67.4922,TOP
2011-01-31,2011-01-28,67.6306,TOP
2011-02-01,2011-01-28,67.6306,TOP
2011-02-02,2011-01-28,67.6306,TOP
2011-02-03,2011-01-28,67.6306,TOP
2011-02-04,2011-01-28,67.6306,TOP
2011-02-07,2011-02-04,71.8814,TOP
2011-02-08,2011-02-04,71.8814,TOP
2011-02-09,2011-02-04,71.8814,TOP
2011-02-10,2011-02-04,71.8814,TOP
2011-02-11,2011-02-04,71.8814,TOP
2011-02-14,2011-02-11,74.2233,TOP
2011-02-15,2011-02-11,74.2233,TOP
2011-02-16,2011-02-11,74.2233,TOP
2011-02-17,2011-02-11,74.2233,TOP
2011-02-18,2011-02-11,74.2233,TOP
2011-02-22,2011-02-18,74.8406,TOP
2011-02-23,2011-02-18,74.8406,TOP
2011-02-24,2011-02-18,74.8406,TOP
2011-02-25,2011-02-18,74.8406,TOP
2011-02-28,2011-02-25,68.2817,TOP
2011-03-01,2011-02-25,68.2817,TOP
2011-03-02,2011-02-25,68.2817,TOP
2011-03-03,2011-02-25,68.2817,TOP
2011-03-04,2011-02-25,68.2817,TOP
2011-03-07,2011-03-04,69.1446,TOP
2011-03-08,2011-03-04,69.1446,TOP
2011-03-09,2011-03-04,69.1446,TOP
2011-03-10,2011-03-04,69.1446,TOP
2011-03-11,2011-03-04,69.1446,TOP
2011-03-14,2011-03-11,60.8937,TOP
2011-03-15,2011-03-11,60.8937,TOP
2011-03-16,2011-03-11,60.8937,TOP
2011-03-17,2011-03-11,60.8937,TOP
2011-03-18,2011-03-11,60.8937,TOP
2011-03-21,2011-03-18,52.0253,TOP
2011-03-22,2011-03-18,52.0253,TOP
2011-03-23,2011-03-18,52.0253,TOP
2011-03-24,2011-03-18,52.0253,TOP
2011-03-25,2011-03-18,52.0253,TOP
2011-03-28,2011-03-25,59.7260,TOP
2011-03-29,2011-03-25,59.7260,TOP
2011-03-30,2011-03-25,59.7260,TOP
2011-03-31,2011-03-25,59.7260,TOP
2011-04-01,2011-03-25,59.7260,TOP
2011-04-04,2011-04-01,61.4545,TOP
2011-04-05,2011-04-01,61.4545,TOP
2011-04-06,2011-04-01,61.4545,TOP
2011-04-07,2011-04-01,61.4545,TOP
2011-04-08,2011-04-01,61.4545,TOP
2011-04-11,2011-04-08,59.2036,TOP
2011-04-12,2011-04-08,59.2036,TOP
2011-04-13,2011-04-08,59.2036,TOP
2011-04-14,2011-04-08,59.2036,TOP
2011-04-15,2011-04-08,59.2036,TOP
2011-04-18,2011-04-15,57.8611,TOP
2011-04-19,2011-04-15,57.8611,TOP
2011-04-20,2011-04-15,57.8611,TOP
2011-04-21,2011-04-15,57.8611,TOP
2011-04-25,2011-04-21,62.9571,TOP
2011-04-26,2011-04-21,62.9571,TOP
2011-04-27,2011-04-21,62.9571,TOP
2011-04-28,2011-04-21,62.9571,TOP
2011-04-29,2011-04-21,62.9571,TOP
2011-05-02,2011-04-29,64.9556,TOP
2011-05-03,2011-04-29,64.9556,TOP
2011-05-04,2011-04-29,64.9556,TOP
2011-05-05,2011-04-29,64.9556,TOP
2011-05-06,2011-04-29,64.9556,TOP
2011-05-09,2011-05-06,61.9868,TOP
2011-05-10,2011-05-06,61.9868,TOP
2011-05-11,2011-05-06,61.9868,TOP
2011-05-12,2011-05-06,61.9868,TOP
2011-05-13,2011-05-06,61.9868,TOP
2011-05-16,2011-05-13,61.6882,TOP
2011-05-17,2011-05-13,61.6882,TOP
2011-05-18,2011-05-13,61.6882,TOP
2011-05-19,2011-05-13,61.6882,TOP
2011-05-20,2011-05-13,61.6882,TOP
2011-05-23,2011-05-20,58.4531,TOP
2011-05-24,2011-05-20,58.4531,TOP
2011-05-25,2011-05-20,58.4531,TOP
2011-05-26,2011-05-20,58.4531,TOP
2011-05-27,2011-05-20,58.4531,TOP
2011-05-31,2011-05-27,56.7503,TOP
2011-06-01,2011-05-27,56.7503,TOP
2011-06-02,2011-05-27,56.7503,TOP
2011-06-03,2011-05-27,56.7503,TOP
2011-06-06,2011-06-03,51.6079,TOP
2011-06-07,2011-06-03,51.6079,TOP
2011-06-08,2011-06-03,51.6079,TOP
2011-06-09,2011-06-03,51.6079,TOP
2011-06-10,2011-06-03,51.6079,TOP
2011-06-13,2011-06-10,44.7010,BOTTOM
2011-06-14,2011-06-10,44.7010,BOTTOM
2011-06-15,2011-06-10,44.7010,BOTTOM
2011-06-16,2011-06-10,44.7010,BOTTOM
2011-06-17,2011-06-10,44.7010,BOTTOM
2011-06-20,2011-06-17,42.1121,BOTTOM
2011-06-21,2011-06-17,42.1121,BOTTOM
2011-06-22,2011-06-17,42.1121,BOTTOM
2011-06-23,2011-06-17,42.1121,BOTTOM
2011-06-24,2011-06-17,42.1121,BOTTOM
2011-06-27,2011-06-24,44.8983,BOTTOM
2011-06-28,2011-06-24,44.8983,BOTTOM
2011-06-29,2011-06-24,44.8983,BOTTOM
2011-06-30,2011-06-24,44.8983,BOTTOM
2011-07-01,2011-06-24,44.8983,BOTTOM
2011-07-05,2011-07-01,57.9417,TOP
2011-07-06,2011-07-01,57.9417,TOP
2011-07-07,2011-07-01,57.9417,TOP
2011-07-08,2011-07-01,57.9417,TOP
2011-07-11,2011-07-08,61.0889,TOP
2011-07-12,2011-07-08,61.0889,TOP
2011-07-13,2011-07-08,61.0889,TOP
2011-07-14,2011-07-08,61.0889,TOP
2011-07-15,2011-07-08,61.0889,TOP
2011-07-18,2011-07-15,56.3082,TOP
2011-07-19,2011-07-15,56.3082,TOP
2011-07-20,2011-07-15,56.3082,TOP
2011-07-21,2011-07-15,56.3082,TOP
2011-07-22,2011-07-15,56.3082,TOP
2011-07-25,2011-07-22,61.1625,TOP
2011-07-26,2011-07-22,61.1625,TOP
2011-07-27,2011-07-22,61.1625,TOP
2011-07-28,2011-07-22,61.1625,TOP
2011-07-29,2011-07-22,61.1625,TOP
2011-08-01,2011-07-29,55.1314,TOP
2011-08-02,2011-07-29,55.1314,TOP
2011-08-03,2011-07-29,55.1314,TOP
2011-08-04,2011-07-29,55.1314,TOP
2011-08-05,2011-07-29,55.1314,TOP
2011-08-08,2011-08-05,43.1807,BOTTOM
2011-08-09,2011-08-05,43.1807,BOTTOM
2011-08-10,2011-08-05,43.1807,BOTTOM
2011-08-11,2011-08-05,43.1807,BOTTOM
2011-08-12,2011-08-05,43.1807,BOTTOM
2011-08-15,2011-08-12,42.5612,BOTTOM
2011-08-16,2011-08-12,42.5612,BOTTOM
2011-08-17,2011-08-12,42.5612,BOTTOM
2011-08-18,2011-08-12,42.5612,BOTTOM
2011-08-19,2011-08-12,42.5612,BOTTOM
2011-08-22,2011-08-19,35.1642,BOTTOM
2011-08-23,2011-08-19,35.1642,BOTTOM
2011-08-24,2011-08-19,35.1642,BOTTOM
2011-08-25,2011-08-19,35.1642,BOTTOM
2011-08-26,2011-08-19,35.1642,BOTTOM
2011-08-29,2011-08-26,44.2945,BOTTOM
2011-08-30,2011-08-26,44.2945,BOTTOM
2011-08-31,2011-08-26,44.2945,BOTTOM
2011-09-01,2011-08-26,44.2945,BOTTOM
2011-09-02,2011-08-26,44.2945,BOTTOM
2011-09-06,2011-09-02,44.7002,BOTTOM
2011-09-07,2011-09-02,44.7002,BOTTOM
2011-09-08,2011-09-02,44.7002,BOTTOM
2011-09-09,2011-09-02,44.7002,BOTTOM
2011-09-12,2011-09-09,44.4677,BOTTOM
2011-09-13,2011-09-09,44.4677,BOTTOM
2011-09-14,2011-09-09,44.4677,BOTTOM
2011-09-15,2011-09-09,44.4677,BOTTOM
2011-09-16,2011-09-09,44.4677,BOTTOM
2011-09-19,2011-09-16,53.6049,TOP
2011-09-20,2011-09-16,53.6049,TOP
2011-09-21,2011-09-16,53.6049,TOP
2011-09-22,2011-09-16,53.6049,TOP
2011-09-23,2011-09-16,53.6049,TOP
2011-09-26,2011-09-23,47.7238,BOTTOM
2011-09-27,2011-09-23,47.7238,BOTTOM
2011-09-28,2011-09-23,47.7238,BOTTOM
2011-09-29,2011-09-23,47.7238,BOTTOM
2011-09-30,2011-09-23,47.7238,BOTTOM
2011-10-03,2011-09-30,44.1730,BOTTOM
2011-10-04,2011-09-30,44.1730,BOTTOM
2011-10-05,2011-09-30,44.1730,BOTTOM
2011-10-06,2011-09-30,44.1730,BOTTOM
2011-10-07,2011-09-30,44.1730,BOTTOM
2011-10-10,2011-10-07,48.1288,BOTTOM
2011-10-11,2011-10-07,48.1288,BOTTOM
2011-10-12,2011-10-07,48.1288,BOTTOM
2011-10-13,2011-10-07,48.1288,BOTTOM
2011-10-14,2011-10-07,48.1288,BOTTOM
2011-10-17,2011-10-14,56.7201,TOP
2011-10-18,2011-10-14,56.7201,TOP
2011-10-19,2011-10-14,56.7201,TOP
2011-10-20,2011-10-14,56.7201,TOP
2011-10-21,2011-10-14,56.7201,TOP
2011-10-24,2011-10-21,54.6336,TOP
2011-10-25,2011-10-21,54.6336,TOP
2011-10-26,2011-10-21,54.6336,TOP
2011-10-27,2011-10-21,54.6336,TOP
2011-10-28,2011-10-21,54.6336,TOP
2011-10-31,2011-10-28,57.7527,TOP
2011-11-01,2011-10-28,57.7527,TOP
2011-11-02,2011-10-28,57.7527,TOP
2011-11-03,2011-10-28,57.7527,TOP
2011-11-04,2011-10-28,57.7527,TOP
2011-11-07,2011-11-04,54.9258,TOP
2011-11-08,2011-11-04,54.9258,TOP
2011-11-09,2011-11-04,54.9258,TOP
2011-11-10,2011-11-04,54.9258,TOP
2011-11-11,2011-11-04,54.9258,TOP
2011-11-14,2011-11-11,55.0298,TOP
2011-11-15,2011-11-11,55.0298,TOP
2011-11-16,2011-11-11,55.0298,TOP
2011-11-17,2011-11-11,55.0298,TOP
2011-11-18,2011-11-11,55.0298,TOP
2011-11-21,2011-11-18,49.0584,BOTTOM
2011-11-22,2011-11-18,49.0584,BOTTOM
2011-11-23,2011-11-18,49.0584,BOTTOM
2011-11-25,2011-11-18,49.0584,BOTTOM
2011-11-28,2011-11-25,43.7943,BOTTOM
2011-11-29,2011-11-25,43.7943,BOTTOM
2011-11-30,2011-11-25,43.7943,BOTTOM
2011-12-01,2011-11-25,43.7943,BOTTOM
2011-12-02,2011-11-25,43.7943,BOTTOM
2011-12-05,2011-12-02,52.0224,TOP
2011-12-06,2011-12-02,52.0224,TOP
2011-12-07,2011-12-02,52.0224,TOP
2011-12-08,2011-12-02,52.0224,TOP
2011-12-09,2011-12-02,52.0224,TOP
2011-12-12,2011-12-09,52.8179,TOP
2011-12-13,2011-12-09,52.8179,TOP
2011-12-14,2011-12-09,52.8179,TOP
2011-12-15,2011-12-09,52.8179,TOP
2011-12-16,2011-12-09,52.8179,TOP
2011-12-19,2011-12-16,48.4922,BOTTOM
2011-12-20,2011-12-16,48.4922,BOTTOM
2011-12-21,2011-12-16,48.4922,BOTTOM
2011-12-22,2011-12-16,48.4922,BOTTOM
2011-12-23,2011-12-16,48.4922,BOTTOM
2011-12-27,2011-12-23,51.1316,TOP
2011-12-28,2011-12-23,51.1316,TOP
2011-12-29,2011-12-23,51.1316,TOP
2011-12-30,2011-12-23,51.1316,TOP
2012-01-03,2011-12-30,50.6705,TOP
2012-01-04,2011-12-30,50.6705,TOP
2012-01-05,2011-12-30,50.6705,TOP
2012-01-06,2011-12-30,50.6705,TOP
2012-01-09,2012-01-06,54.9775,TOP
2012-01-10,2012-01-06,54.9775,TOP
2012-01-11,2012-01-06,54.9775,TOP
2012-01-12,2012-01-06,54.9775,TOP
2012-01-13,2012-01-06,54.9775,TOP
2012-01-17,2012-01-13,55.7549,TOP
2012-01-18,2012-01-13,55.7549,TOP
2012-01-19,2012-01-13,55.7549,TOP
2012-01-20,2012-01-13,55.7549,TOP
2012-01-23,2012-01-20,59.0289,TOP
2012-01-24,2012-01-20,59.0289,TOP
2012-01-25,2012-01-20,59.0289,TOP
2012-01-26,2012-01-20,59.0289,TOP
2012-01-27,2012-01-20,59.0289,TOP
2012-01-30,2012-01-27,60.2830,TOP
2012-01-31,2012-01-27,60.2830,TOP
2012-02-01,2012-01-27,60.2830,TOP
2012-02-02,2012-01-27,60.2830,TOP
2012-02-03,2012-01-27,60.2830,TOP
2012-02-06,2012-02-03,63.4394,TOP
2012-02-07,2012-02-03,63.4394,TOP
2012-02-08,2012-02-03,63.4394,TOP
2012-02-09,2012-02-03,63.4394,TOP
2012-02-10,2012-02-03,63.4394,TOP
2012-02-13,2012-02-10,64.2189,TOP
2012-02-14,2012-02-10,64.2189,TOP
2012-02-15,2012-02-10,64.2189,TOP
2012-02-16,2012-02-10,64.2189,TOP
2012-02-17,2012-02-10,64.2189,TOP
2012-02-21,2012-02-17,66.0031,TOP
2012-02-22,2012-02-17,66.0031,TOP
2012-02-23,2012-02-17,66.0031,TOP
2012-02-24,2012-02-17,66.0031,TOP
2012-02-27,2012-02-24,66.9820,TOP
2012-02-28,2012-02-24,66.9820,TOP
2012-02-29,2012-02-24,66.9820,TOP
2012-03-01,2012-02-24,66.9820,TOP
2012-03-02,2012-02-24,66.9820,TOP
2012-03-05,2012-03-02,68.6510,TOP
2012-03-06,2012-03-02,68.6510,TOP
2012-03-07,2012-03-02,68.6510,TOP
2012-03-08,2012-03-02,68.6510,TOP
2012-03-09,2012-03-02,68.6510,TOP
2012-03-12,2012-03-09,68.9298,TOP
2012-03-13,2012-03-09,68.9298,TOP
2012-03-14,2012-03-09,68.9298,TOP
2012-03-15,2012-03-09,68.9298,TOP
2012-03-16,2012-03-09,68.9298,TOP
2012-03-19,2012-03-16,71.8308,TOP
2012-03-20,2012-03-16,71.8308,TOP
2012-03-21,2012-03-16,71.8308,TOP
2012-03-22,2012-03-16,71.8308,TOP
2012-03-23,2012-03-16,71.8308,TOP
2012-03-26,2012-03-23,72.5508,TOP
2012-03-27,2012-03-23,72.5508,TOP
2012-03-28,2012-03-23,72.5508,TOP
2012-03-29,2012-03-23,72.5508,TOP
2012-03-30,2012-03-23,72.5508,TOP
2012-04-02,2012-03-30,73.6059,TOP
2012-04-03,2012-03-30,73.6059,TOP
2012-04-04,2012-03-30,73.6059,TOP
2012-04-05,2012-03-30,73.6059,TOP
2012-04-09,2012-04-05,73.9069,TOP
2012-04-10,2012-04-05,73.9069,TOP
2012-04-11,2012-04-05,73.9069,TOP
2012-04-12,2012-04-05,73.9069,TOP
2012-04-13,2012-04-05,73.9069,TOP
2012-04-16,2012-04-13,66.5505,TOP
2012-04-17,2012-04-13,66.5505,TOP
2012-04-18,2012-04-13,66.5505,TOP
2012-04-19,2012-04-13,66.5505,TOP
2012-04-20,2012-04-13,66.5505,TOP
2012-04-23,2012-04-20,64.2546,TOP
2012-04-24,2012-04-20,64.2546,TOP
2012-04-25,2012-04-20,64.2546,TOP
2012-04-26,2012-04-20,64.2546,TOP
2012-04-27,2012-04-20,64.2546,TOP
2012-04-30,2012-04-27,67.9022,TOP
2012-05-01,2012-04-27,67.9022,TOP
2012-05-02,2012-04-27,67.9022,TOP
2012-05-03,2012-04-27,67.9022,TOP
2012-05-04,2012-04-27,67.9022,TOP
2012-05-07,2012-05-04,57.5966,TOP
2012-05-08,2012-05-04,57.5966,TOP
2012-05-09,2012-05-04,57.5966,TOP
2012-05-10,2012-05-04,57.5966,TOP
2012-05-11,2012-05-04,57.5966,TOP
2012-05-14,2012-05-11,55.7316,TOP
2012-05-15,2012-05-11,55.7316,TOP
2012-05-16,2012-05-11,55.7316,TOP
2012-05-17,2012-05-11,55.7316,TOP
2012-05-18,2012-05-11,55.7316,TOP
2012-05-21,2012-05-18,45.4589,BOTTOM
2012-05-22,2012-05-18,45.4589,BOTTOM
2012-05-23,2012-05-18,45.4589,BOTTOM
2012-05-24,2012-05-18,45.4589,BOTTOM
2012-05-25,2012-05-18,45.4589,BOTTOM
2012-05-29,2012-05-25,49.2272,BOTTOM
2012-05-30,2012-05-25,49.2272,BOTTOM
2012-05-31,2012-05-25,49.2272,BOTTOM
2012-06-01,2012-05-25,49.2272,BOTTOM
2012-06-04,2012-06-01,44.8324,BOTTOM
2012-06-05,2012-06-01,44.8324,BOTTOM
2012-06-06,2012-06-01,44.8324,BOTTOM
2012-06-07,2012-06-01,44.8324,BOTTOM
2012-06-08,2012-06-01,44.8324,BOTTOM
2012-06-11,2012-06-08,51.7122,TOP
2012-06-12,2012-06-08,51.7122,TOP
2012-06-13,2012-06-08,51.7122,TOP
2012-06-14,2012-06-08,51.7122,TOP
2012-06-15,2012-06-08,51.7122,TOP
2012-06-18,2012-06-15,52.4003,TOP
2012-06-19,2012-06-15,52.4003,TOP
2012-06-20,2012-06-15,52.4003,TOP
2012-06-21,2012-06-15,52.4003,TOP
2012-06-22,2012-06-15,52.4003,TOP
2012-06-25,2012-06-22,53.3753,TOP
2012-06-26,2012-06-22,53.3753,TOP
2012-06-27,2012-06-22,53.3753,TOP
2012-06-28,2012-06-22,53.3753,TOP
2012-06-29,2012-06-22,53.3753,TOP
2012-07-02,2012-06-29,55.5800,TOP
2012-07-03,2012-06-29,55.5800,TOP
2012-07-05,2012-06-29,55.5800,TOP
2012-07-06,2012-06-29,55.5800,TOP
2012-07-09,2012-07-06,55.4406,TOP
2012-07-10,2012-07-06,55.4406,TOP
2012-07-11,2012-07-06,55.4406,TOP
2012-07-12,2012-07-06,55.4406,TOP
2012-07-13,2012-07-06,55.4406,TOP
2012-07-16,2012-07-13,52.8018,TOP
2012-07-17,2012-07-13,52.8018,TOP
2012-07-18,2012-07-13,52.8018,TOP
2012-07-19,2012-07-13,52.8018,TOP
2012-07-20,2012-07-13,52.8018,TOP
2012-07-23,2012-07-20,55.4553,TOP
2012-07-24,2012-07-20,55.4553,TOP
2012-07-25,2012-07-20,55.4553,TOP
2012-07-26,2012-07-20,55.4553,TOP
2012-07-27,2012-07-20,55.4553,TOP
2012-07-30,2012-07-27,57.3471,TOP
2012-07-31,2012-07-27,57.3471,TOP
2012-08-01,2012-07-27,57.3471,TOP
2012-08-02,2012-07-27,57.3471,TOP
2012-08-03,2012-07-27,57.3471,TOP
2012-08-06,2012-08-03,59.4937,TOP
2012-08-07,2012-08-03,59.4937,TOP
2012-08-08,2012-08-03,59.4937,TOP
2012-08-09,2012-08-03,59.4937,TOP
2012-08-10,2012-08-03,59.4937,TOP
2012-08-13,2012-08-10,62.9591,TOP
2012-08-14,2012-08-10,62.9591,TOP
2012-08-15,2012-08-10,62.9591,TOP
2012-08-16,2012-08-10,62.9591,TOP
2012-08-17,2012-08-10,62.9591,TOP
2012-08-20,2012-08-17,66.5319,TOP
2012-08-21,2012-08-17,66.5319,TOP
2012-08-22,2012-08-17,66.5319,TOP
2012-08-23,2012-08-17,66.5319,TOP
2012-08-24,2012-08-17,66.5319,TOP
2012-08-27,2012-08-24,66.3903,TOP
2012-08-28,2012-08-24,66.3903,TOP
2012-08-29,2012-08-24,66.3903,TOP
2012-08-30,2012-08-24,66.3903,TOP
2012-08-31,2012-08-24,66.3903,TOP
2012-09-04,2012-08-31,65.7369,TOP
2012-09-05,2012-08-31,65.7369,TOP
2012-09-06,2012-08-31,65.7369,TOP
2012-09-07,2012-08-31,65.7369,TOP
2012-09-10,2012-09-07,68.9516,TOP
2012-09-11,2012-09-07,68.9516,TOP
2012-09-12,2012-09-07,68.9516,TOP
2012-09-13,2012-09-07,68.9516,TOP
2012-09-14,2012-09-07,68.9516,TOP
2012-09-17,2012-09-14,70.7000,TOP
2012-09-18,2012-09-14,70.7000,TOP
2012-09-19,2012-09-14,70.7000,TOP
2012-09-20,2012-09-14,70.7000,TOP
2012-09-21,2012-09-14,70.7000,TOP
2012-09-24,2012-09-21,71.0975,TOP
2012-09-25,2012-09-21,71.0975,TOP
2012-09-26,2012-09-21,71.0975,TOP
2012-09-27,2012-09-21,71.0975,TOP
2012-09-28,2012-09-21,71.0975,TOP
2012-10-01,2012-09-28,62.5800,TOP
2012-10-02,2012-09-28,62.5800,TOP
2012-10-03,2012-09-28,62.5800,TOP
2012-10-04,2012-09-28,62.5800,TOP
2012-10-05,2012-09-28,62.5800,TOP
2012-10-08,2012-10-05,63.7923,TOP
2012-10-09,2012-10-05,63.7923,TOP
2012-10-10,2012-10-05,63.7923,TOP
2012-10-11,2012-10-05,63.7923,TOP
2012-10-12,2012-10-05,63.7923,TOP
2012-10-15,2012-10-12,53.3515,TOP
2012-10-16,2012-10-12,53.3515,TOP
2012-10-17,2012-10-12,53.3515,TOP
2012-10-18,2012-10-12,53.3515,TOP
2012-10-19,2012-10-12,53.3515,TOP
2012-10-22,2012-10-19,49.5540,BOTTOM
2012-10-23,2012-10-19,49.5540,BOTTOM
2012-10-24,2012-10-19,49.5540,BOTTOM
2012-10-25,2012-10-19,49.5540,BOTTOM
2012-10-26,2012-10-19,49.5540,BOTTOM
2012-10-31,2012-10-26,48.3313,BOTTOM
2012-11-01,2012-10-26,48.3313,BOTTOM
2012-11-02,2012-10-26,48.3313,BOTTOM
2012-11-05,2012-11-02,47.6409,BOTTOM
2012-11-06,2012-11-02,47.6409,BOTTOM
2012-11-07,2012-11-02,47.6409,BOTTOM
2012-11-08,2012-11-02,47.6409,BOTTOM
2012-11-09,2012-11-02,47.6409,BOTTOM
2012-11-12,2012-11-09,41.4731,BOTTOM
2012-11-13,2012-11-09,41.4731,BOTTOM
2012-11-14,2012-11-09,41.4731,BOTTOM
2012-11-15,2012-11-09,41.4731,BOTTOM
2012-11-16,2012-11-09,41.4731,BOTTOM
2012-11-19,2012-11-16,38.0297,BOTTOM
2012-11-20,2012-11-16,38.0297,BOTTOM
2012-11-21,2012-11-16,38.0297,BOTTOM
2012-11-23,2012-11-16,38.0297,BOTTOM
2012-11-26,2012-11-23,48.6036,BOTTOM
2012-11-27,2012-11-23,48.6036,BOTTOM
2012-11-28,2012-11-23,48.6036,BOTTOM
2012-11-29,2012-11-23,48.6036,BOTTOM
2012-11-30,2012-11-23,48.6036,BOTTOM
2012-12-03,2012-11-30,51.6772,TOP
2012-12-04,2012-11-30,51.6772,TOP
2012-12-05,2012-11-30,51.6772,TOP
2012-12-06,2012-11-30,51.6772,TOP
2012-12-07,2012-11-30,51.6772,TOP
2012-12-10,2012-12-07,48.6485,BOTTOM
2012-12-11,2012-12-07,48.6485,BOTTOM
2012-12-12,2012-12-07,48.6485,BOTTOM
2012-12-13,2012-12-07,48.6485,BOTTOM
2012-12-14,2012-12-07,48.6485,BOTTOM
2012-12-17,2012-12-14,47.8160,BOTTOM
2012-12-18,2012-12-14,47.8160,BOTTOM
2012-12-19,2012-12-14,47.8160,BOTTOM
2012-12-20,2012-12-14,47.8160,BOTTOM
2012-12-21,2012-12-14,47.8160,BOTTOM
2012-12-24,2012-12-21,51.0950,TOP
2012-12-26,2012-12-21,51.0950,TOP
2012-12-27,2012-12-21,51.0950,TOP
2012-12-28,2012-12-21,51.0950,TOP
2012-12-31,2012-12-28,46.0040,BOTTOM
2013-01-02,2012-12-28,46.0040,BOTTOM
2013-01-03,2012-12-28,46.0040,BOTTOM
2013-01-04,2012-12-28,46.0040,BOTTOM
2013-01-07,2013-01-04,55.5720,TOP
2013-01-08,2013-01-04,55.5720,TOP
2013-01-09,2013-01-04,55.5720,TOP
2013-01-10,2013-01-04,55.5720,TOP
2013-01-11,2013-01-04,55.5720,TOP
2013-01-14,2013-01-11,57.3702,TOP
2013-01-15,2013-01-11,57.3702,TOP
2013-01-16,2013-01-11,57.3702,TOP
2013-01-17,2013-01-11,57.3702,TOP
2013-01-18,2013-01-11,57.3702,TOP
2013-01-22,2013-01-18,56.6258,TOP
2013-01-23,2013-01-18,56.6258,TOP
2013-01-24,2013-01-18,56.6258,TOP
2013-01-25,2013-01-18,56.6258,TOP
2013-01-28,2013-01-25,56.3358,TOP
2013-01-29,2013-01-25,56.3358,TOP
2013-01-30,2013-01-25,56.3358,TOP
2013-01-31,2013-01-25,56.3358,TOP
2013-02-01,2013-01-25,56.3358,TOP
2013-02-04,2013-02-01,58.4945,TOP
2013-02-05,2013-02-01,58.4945,TOP
2013-02-06,2013-02-01,58.4945,TOP
2013-02-07,2013-02-01,58.4945,TOP
2013-02-08,2013-02-01,58.4945,TOP
2013-02-11,2013-02-08,59.5706,TOP
2013-02-12,2013-02-08,59.5706,TOP
2013-02-13,2013-02-08,59.5706,TOP
2013-02-14,2013-02-08,59.5706,TOP
2013-02-15,2013-02-08,59.5706,TOP
2013-02-19,2013-02-15,58.3849,TOP
2013-02-20,2013-02-15,58.3849,TOP
2013-02-21,2013-02-15,58.3849,TOP
2013-02-22,2013-02-15,58.3849,TOP
2013-02-25,2013-02-22,55.3685,TOP
2013-02-26,2013-02-22,55.3685,TOP
2013-02-27,2013-02-22,55.3685,TOP
2013-02-28,2013-02-22,55.3685,TOP
2013-03-01,2013-02-22,55.3685,TOP
2013-03-04,2013-03-01,56.3246,TOP
2013-03-05,2013-03-01,56.3246,TOP
2013-03-06,2013-03-01,56.3246,TOP
2013-03-07,2013-03-01,56.3246,TOP
2013-03-08,2013-03-01,56.3246,TOP
2013-03-11,2013-03-08,61.4722,TOP
2013-03-12,2013-03-08,61.4722,TOP
2013-03-13,2013-03-08,61.4722,TOP
2013-03-14,2013-03-08,61.4722,TOP
2013-03-15,2013-03-08,61.4722,TOP
2013-03-18,2013-03-15,60.9081,TOP
2013-03-19,2013-03-15,60.9081,TOP
2013-03-20,2013-03-15,60.9081,TOP
2013-03-21,2013-03-15,60.9081,TOP
2013-03-22,2013-03-15,60.9081,TOP
2013-03-25,2013-03-22,61.2111,TOP
2013-03-26,2013-03-22,61.2111,TOP
2013-03-27,2013-03-22,61.2111,TOP
2013-03-28,2013-03-22,61.2111,TOP
2013-04-01,2013-03-28,62.6908,TOP
2013-04-02,2013-03-28,62.6908,TOP
2013-04-03,2013-03-28,62.6908,TOP
2013-04-04,2013-03-28,62.6908,TOP
2013-04-05,2013-03-28,62.6908,TOP
2013-04-08,2013-04-05,55.9743,TOP
2013-04-09,2013-04-05,55.9743,TOP
2013-04-10,2013-04-05,55.9743,TOP
2013-04-11,2013-04-05,55.9743,TOP
2013-04-12,2013-04-05,55.9743,TOP
2013-04-15,2013-04-12,63.8007,TOP
2013-04-16,2013-04-12,63.8007,TOP
2013-04-17,2013-04-12,63.8007,TOP
2013-04-18,2013-04-12,63.8007,TOP
2013-04-19,2013-04-12,63.8007,TOP
2013-04-22,2013-04-19,54.5177,TOP
2013-04-23,2013-04-19,54.5177,TOP
2013-04-24,2013-04-19,54.5177,TOP
2013-04-25,2013-04-19,54.5177,TOP
2013-04-26,2013-04-19,54.5177,TOP
2013-04-29,2013-04-26,59.5840,TOP
2013-04-30,2013-04-26,59.5840,TOP
2013-05-01,2013-04-26,59.5840,TOP
2013-05-02,2013-04-26,59.5840,TOP
2013-05-03,2013-04-26,59.5840,TOP
2013-05-06,2013-05-03,66.5067,TOP
2013-05-07,2013-05-03,66.5067,TOP
2013-05-08,2013-05-03,66.5067,TOP
2013-05-09,2013-05-03,66.5067,TOP
2013-05-10,2013-05-03,66.5067,TOP
2013-05-13,2013-05-10,68.6180,TOP
2013-05-14,2013-05-10,68.6180,TOP
2013-05-15,2013-05-10,68.6180,TOP
2013-05-16,2013-05-10,68.6180,TOP
2013-05-17,2013-05-10,68.6180,TOP
2013-05-20,2013-05-17,71.2418,TOP
2013-05-21,2013-05-17,71.2418,TOP
2013-05-22,2013-05-17,71.2418,TOP
2013-05-23,2013-05-17,71.2418,TOP
2013-05-24,2013-05-17,71.2418,TOP
2013-05-28,2013-05-24,66.9496,TOP
2013-05-29,2013-05-24,66.9496,TOP
2013-05-30,2013-05-24,66.9496,TOP
2013-05-31,2013-05-24,66.9496,TOP
2013-06-03,2013-05-31,66.1776,TOP
2013-06-04,2013-05-31,66.1776,TOP
2013-06-05,2013-05-31,66.1776,TOP
2013-06-06,2013-05-31,66.1776,TOP
2013-06-07,2013-05-31,66.1776,TOP
2013-06-10,2013-06-07,66.5411,TOP
2013-06-11,2013-06-07,66.5411,TOP
2013-06-12,2013-06-07,66.5411,TOP
2013-06-13,2013-06-07,66.5411,TOP
2013-06-14,2013-06-07,66.5411,TOP
2013-06-17,2013-06-14,60.9479,TOP
2013-06-18,2013-06-14,60.9479,TOP
2013-06-19,2013-06-14,60.9479,TOP
2013-06-20,2013-06-14,60.9479,TOP
2013-06-21,2013-06-14,60.9479,TOP
2013-06-24,2013-06-21,53.8079,TOP
2013-06-25,2013-06-21,53.8079,TOP
2013-06-26,2013-06-21,53.8079,TOP
2013-06-27,2013-06-21,53.8079,TOP
2013-06-28,2013-06-21,53.8079,TOP
2013-07-01,2013-06-28,56.6408,TOP
2013-07-02,2013-06-28,56.6408,TOP
2013-07-03,2013-06-28,56.6408,TOP
2013-07-05,2013-06-28,56.6408,TOP
2013-07-08,2013-07-05,60.6898,TOP
2013-07-09,2013-07-05,60.6898,TOP
2013-07-10,2013-07-05,60.6898,TOP
2013-07-11,2013-07-05,60.6898,TOP
2013-07-12,2013-07-05,60.6898,TOP
2013-07-15,2013-07-12,67.4802,TOP
2013-07-16,2013-07-12,67.4802,TOP
2013-07-17,2013-07-12,67.4802,TOP
2013-07-18,2013-07-12,67.4802,TOP
2013-07-19,2013-07-12,67.4802,TOP
2013-07-22,2013-07-19,64.3551,TOP
2013-07-23,2013-07-19,64.3551,TOP
2013-07-24,2013-07-19,64.3551,TOP
2013-07-25,2013-07-19,64.3551,TOP
2013-07-26,2013-07-19,64.3551,TOP
2013-07-29,2013-07-26,66.2067,TOP
2013-07-30,2013-07-26,66.2067,TOP
2013-07-31,2013-07-26,66.2067,TOP
2013-08-01,2013-07-26,66.2067,TOP
2013-08-02,2013-07-26,66.2067,TOP
2013-08-05,2013-08-02,69.6851,TOP
2013-08-06,2013-08-02,69.6851,TOP
2013-08-07,2013-08-02,69.6851,TOP
2013-08-08,2013-08-02,69.6851,TOP
2013-08-09,2013-08-02,69.6851,TOP
2013-08-12,2013-08-09,67.4423,TOP
2013-08-13,2013-08-09,67.4423,TOP
2013-08-14,2013-08-09,67.4423,TOP
2013-08-15,2013-08-09,67.4423,TOP
2013-08-16,2013-08-09,67.4423,TOP
2013-08-19,2013-08-16,62.8579,TOP
2013-08-20,2013-08-16,62.8579,TOP
2013-08-21,2013-08-16,62.8579,TOP
2013-08-22,2013-08-16,62.8579,TOP
2013-08-23,2013-08-16,62.8579,TOP
2013-08-26,2013-08-23,65.8071,TOP
2013-08-27,2013-08-23,65.8071,TOP
2013-08-28,2013-08-23,65.8071,TOP
2013-08-29,2013-08-23,65.8071,TOP
2013-08-30,2013-08-23,65.8071,TOP
2013-09-03,2013-08-30,60.5831,TOP
2013-09-04,2013-08-30,60.5831,TOP
2013-09-05,2013-08-30,60.5831,TOP
2013-09-06,2013-08-30,60.5831,TOP
2013-09-09,2013-09-06,64.2967,TOP
2013-09-10,2013-09-06,64.2967,TOP
2013-09-11,2013-09-06,64.2967,TOP
2013-09-12,2013-09-06,64.2967,TOP
2013-09-13,2013-09-06,64.2967,TOP
2013-09-16,2013-09-13,66.8962,TOP
2013-09-17,2013-09-13,66.8962,TOP
2013-09-18,2013-09-13,66.8962,TOP
2013-09-19,2013-09-13,66.8962,TOP
2013-09-20,2013-09-13,66.8962,TOP
2013-09-23,2013-09-20,69.3764,TOP
2013-09-24,2013-09-20,69.3764,TOP
2013-09-25,2013-09-20,69.3764,TOP
2013-09-26,2013-09-20,69.3764,TOP
2013-09-27,2013-09-20,69.3764,TOP
2013-09-30,2013-09-27,69.5453,TOP
2013-10-01,2013-09-27,69.5453,TOP
2013-10-02,2013-09-27,69.5453,TOP
2013-10-03,2013-09-27,69.5453,TOP
2013-10-04,2013-09-27,69.5453,TOP
2013-10-07,2013-10-04,70.2738,TOP
2013-10-08,2013-10-04,70.2738,TOP
2013-10-09,2013-10-04,70.2738,TOP
2013-10-10,2013-10-04,70.2738,TOP
2013-10-11,2013-10-04,70.2738,TOP
2013-10-14,2013-10-11,69.3535,TOP
2013-10-15,2013-10-11,69.3535,TOP
2013-10-16,2013-10-11,69.3535,TOP
2013-10-17,2013-10-11,69.3535,TOP
2013-10-18,2013-10-11,69.3535,TOP
2013-10-21,2013-10-18,75.3297,TOP
2013-10-22,2013-10-18,75.3297,TOP
2013-10-23,2013-10-18,75.3297,TOP
2013-10-24,2013-10-18,75.3297,TOP
2013-10-25,2013-10-18,75.3297,TOP
2013-10-28,2013-10-25,76.5923,TOP
2013-10-29,2013-10-25,76.5923,TOP
2013-10-30,2013-10-25,76.5923,TOP
2013-10-31,2013-10-25,76.5923,TOP
2013-11-01,2013-10-25,76.5923,TOP
2013-11-04,2013-11-01,76.0891,TOP
2013-11-05,2013-11-01,76.0891,TOP
2013-11-06,2013-11-01,76.0891,TOP
2013-11-07,2013-11-01,76.0891,TOP
2013-11-08,2013-11-01,76.0891,TOP
2013-11-11,2013-11-08,74.5074,TOP
2013-11-12,2013-11-08,74.5074,TOP
2013-11-13,2013-11-08,74.5074,TOP
2013-11-14,2013-11-08,74.5074,TOP
2013-11-15,2013-11-08,74.5074,TOP
2013-11-18,2013-11-15,77.1926,TOP
2013-11-19,2013-11-15,77.1926,TOP
2013-11-20,2013-11-15,77.1926,TOP
2013-11-21,2013-11-15,77.1926,TOP
2013-11-22,2013-11-15,77.1926,TOP
2013-11-25,2013-11-22,77.2471,TOP
2013-11-26,2013-11-22,77.2471,TOP
2013-11-27,2013-11-22,77.2471,TOP
2013-11-29,2013-11-22,77.2471,TOP
2013-12-02,2013-11-29,80.2033,TOP
2013-12-03,2013-11-29,80.2033,TOP
2013-12-04,2013-11-29,80.2033,TOP
2013-12-05,2013-11-29,80.2033,TOP
2013-12-06,2013-11-29,80.2033,TOP
2013-12-09,2013-12-06,80.6240,TOP
2013-12-10,2013-12-06,80.6240,TOP
2013-12-11,2013-12-06,80.6240,TOP
2013-12-12,2013-12-06,80.6240,TOP
2013-12-13,2013-12-06,80.6240,TOP
2013-12-16,2013-12-13,73.4633,TOP
2013-12-17,2013-12-13,73.4633,TOP
2013-12-18,2013-12-13,73.4633,TOP
2013-12-19,2013-12-13,73.4633,TOP
2013-12-20,2013-12-13,73.4633,TOP
2013-12-23,2013-12-20,77.1253,TOP
2013-12-24,2013-12-20,77.1253,TOP
2013-12-26,2013-12-20,77.1253,TOP
2013-12-27,2013-12-20,77.1253,TOP
2013-12-30,2013-12-27,78.8001,TOP
2013-12-31,2013-12-27,78.8001,TOP
2014-01-02,2013-12-27,78.8001,TOP
2014-01-03,2013-12-27,78.8001,TOP
2014-01-06,2014-01-03,73.7809,TOP
2014-01-07,2014-01-03,73.7809,TOP
2014-01-08,2014-01-03,73.7809,TOP
2014-01-09,2014-01-03,73.7809,TOP
2014-01-10,2014-01-03,73.7809,TOP
2014-01-13,2014-01-10,75.0638,TOP
2014-01-14,2014-01-10,75.0638,TOP
2014-01-15,2014-01-10,75.0638,TOP
2014-01-16,2014-01-10,75.0638,TOP
2014-01-17,2014-01-10,75.0638,TOP
2014-01-21,2014-01-17,76.1675,TOP
2014-01-22,2014-01-17,76.1675,TOP
2014-01-23,2014-01-17,76.1675,TOP
2014-01-24,2014-01-17,76.1675,TOP
2014-01-27,2014-01-24,69.6432,TOP
2014-01-28,2014-01-24,69.6432,TOP
2014-01-29,2014-01-24,69.6432,TOP
2014-01-30,2014-01-24,69.6432,TOP
2014-01-31,2014-01-24,69.6432,TOP
2014-02-03,2014-01-31,67.0917,TOP
2014-02-04,2014-01-31,67.0917,TOP
2014-02-05,2014-01-31,67.0917,TOP
2014-02-06,2014-01-31,67.0917,TOP
2014-02-07,2014-01-31,67.0917,TOP
2014-02-10,2014-02-07,69.7107,TOP
2014-02-11,2014-02-07,69.7107,TOP
2014-02-12,2014-02-07,69.7107,TOP
2014-02-13,2014-02-07,69.7107,TOP
2014-02-14,2014-02-07,69.7107,TOP
2014-02-18,2014-02-14,74.9438,TOP
2014-02-19,2014-02-14,74.9438,TOP
2014-02-20,2014-02-14,74.9438,TOP
2014-02-21,2014-02-14,74.9438,TOP
2014-02-24,2014-02-21,75.1648,TOP
2014-02-25,2014-02-21,75.1648,TOP
2014-02-26,2014-02-21,75.1648,TOP
2014-02-27,2014-02-21,75.1648,TOP
2014-02-28,2014-02-21,75.1648,TOP
2014-03-03,2014-02-28,76.6172,TOP
2014-03-04,2014-02-28,76.6172,TOP
2014-03-05,2014-02-28,76.6172,TOP
2014-03-06,2014-02-28,76.6172,TOP
2014-03-07,2014-02-28,76.6172,TOP
2014-03-10,2014-03-07,76.9698,TOP
2014-03-11,2014-03-07,76.9698,TOP
2014-03-12,2014-03-07,76.9698,TOP
2014-03-13,2014-03-07,76.9698,TOP
2014-03-14,2014-03-07,76.9698,TOP
2014-03-17,2014-03-14,66.4138,TOP
2014-03-18,2014-03-14,66.4138,TOP
2014-03-19,2014-03-14,66.4138,TOP
2014-03-20,2014-03-14,66.4138,TOP
2014-03-21,2014-03-14,66.4138,TOP
2014-03-24,2014-03-21,67.7787,TOP
2014-03-25,2014-03-21,67.7787,TOP
2014-03-26,2014-03-21,67.7787,TOP
2014-03-27,2014-03-21,67.7787,TOP
2014-03-28,2014-03-21,67.7787,TOP
2014-03-31,2014-03-28,58.4129,TOP
2014-04-01,2014-03-28,58.4129,TOP
2014-04-02,2014-03-28,58.4129,TOP
2014-04-03,2014-03-28,58.4129,TOP
2014-04-04,2014-03-28,58.4129,TOP
2014-04-07,2014-04-04,55.5312,TOP
2014-04-08,2014-04-04,55.5312,TOP
2014-04-09,2014-04-04,55.5312,TOP
2014-04-10,2014-04-04,55.5312,TOP
2014-04-11,2014-04-04,55.5312,TOP
2014-04-14,2014-04-11,47.1974,BOTTOM
2014-04-15,2014-04-11,47.1974,BOTTOM
2014-04-16,2014-04-11,47.1974,BOTTOM
2014-04-17,2014-04-11,47.1974,BOTTOM
2014-04-21,2014-04-17,54.0633,TOP
2014-04-22,2014-04-17,54.0633,TOP
2014-04-23,2014-04-17,54.0633,TOP
2014-04-24,2014-04-17,54.0633,TOP
2014-04-25,2014-04-17,54.0633,TOP
2014-04-28,2014-04-25,54.0270,TOP
2014-04-29,2014-04-25,54.0270,TOP
2014-04-30,2014-04-25,54.0270,TOP
2014-05-01,2014-04-25,54.0270,TOP
2014-05-02,2014-04-25,54.0270,TOP
2014-05-05,2014-05-02,57.9669,TOP
2014-05-06,2014-05-02,57.9669,TOP
2014-05-07,2014-05-02,57.9669,TOP
2014-05-08,2014-05-02,57.9669,TOP
2014-05-09,2014-05-02,57.9669,TOP
2014-05-12,2014-05-09,55.2599,TOP
2014-05-13,2014-05-09,55.2599,TOP
2014-05-14,2014-05-09,55.2599,TOP
2014-05-15,2014-05-09,55.2599,TOP
2014-05-16,2014-05-09,55.2599,TOP
2014-05-19,2014-05-16,58.0429,TOP
2014-05-20,2014-05-16,58.0429,TOP
2014-05-21,2014-05-16,58.0429,TOP
2014-05-22,2014-05-16,58.0429,TOP
2014-05-23,2014-05-16,58.0429,TOP
2014-05-27,2014-05-23,63.8219,TOP
2014-05-28,2014-05-23,63.8219,TOP
2014-05-29,2014-05-23,63.8219,TOP
2014-05-30,2014-05-23,63.8219,TOP
2014-06-02,2014-05-30,67.0433,TOP
2014-06-03,2014-05-30,67.0433,TOP
2014-06-04,2014-05-30,67.0433,TOP
2014-06-05,2014-05-30,67.0433,TOP
2014-06-06,2014-05-30,67.0433,TOP
2014-06-09,2014-06-06,70.0736,TOP
2014-06-10,2014-06-06,70.0736,TOP
2014-06-11,2014-06-06,70.0736,TOP
2014-06-12,2014-06-06,70.0736,TOP
2014-06-13,2014-06-06,70.0736,TOP
2014-06-16,2014-06-13,67.8489,TOP
2014-06-17,2014-06-13,67.8489,TOP
2014-06-18,2014-06-13,67.8489,TOP
2014-06-19,2014-06-13,67.8489,TOP
2014-06-20,2014-06-13,67.8489,TOP
2014-06-23,2014-06-20,69.3161,TOP
2014-06-24,2014-06-20,69.3161,TOP
2014-06-25,2014-06-20,69.3161,TOP
2014-06-26,2014-06-20,69.3161,TOP
2014-06-27,2014-06-20,69.3161,TOP
2014-06-30,2014-06-27,71.2982,TOP
2014-07-01,2014-06-27,71.2982,TOP
2014-07-02,2014-06-27,71.2982,TOP
2014-07-03,2014-06-27,71.2982,TOP
2014-07-07,2014-07-03,74.7881,TOP
2014-07-08,2014-07-03,74.7881,TOP
2014-07-09,2014-07-03,74.7881,TOP
2014-07-10,2014-07-03,74.7881,TOP
2014-07-11,2014-07-03,74.7881,TOP
2014-07-14,2014-07-11,72.6892,TOP
2014-07-15,2014-07-11,72.6892,TOP
2014-07-16,2014-07-11,72.6892,TOP
2014-07-17,2014-07-11,72.6892,TOP
2014-07-18,2014-07-11,72.6892,TOP
2014-07-21,2014-07-18,74.2289,TOP
2014-07-22,2014-07-18,74.2289,TOP
2014-07-23,2014-07-18,74.2289,TOP
2014-07-24,2014-07-18,74.2289,TOP
2014-07-25,2014-07-18,74.2289,TOP
2014-07-28,2014-07-25,75.3217,TOP
2014-07-29,2014-07-25,75.3217,TOP
2014-07-30,2014-07-25,75.3217,TOP
2014-07-31,2014-07-25,75.3217,TOP
2014-08-01,2014-07-25,75.3217,TOP
2014-08-04,2014-08-01,65.3567,TOP
2014-08-05,2014-08-01,65.3567,TOP
2014-08-06,2014-08-01,65.3567,TOP
2014-08-07,2014-08-01,65.3567,TOP
2014-08-08,2014-08-01,65.3567,TOP
2014-08-11,2014-08-08,65.8965,TOP
2014-08-12,2014-08-08,65.8965,TOP
2014-08-13,2014-08-08,65.8965,TOP
2014-08-14,2014-08-08,65.8965,TOP
2014-08-15,2014-08-08,65.8965,TOP
2014-08-18,2014-08-15,71.1580,TOP
2014-08-19,2014-08-15,71.1580,TOP
2014-08-20,2014-08-15,71.1580,TOP
2014-08-21,2014-08-15,71.1580,TOP
2014-08-22,2014-08-15,71.1580,TOP
2014-08-25,2014-08-22,74.0082,TOP
2014-08-26,2014-08-22,74.0082,TOP
2014-08-27,2014-08-22,74.0082,TOP
2014-08-28,2014-08-22,74.0082,TOP
2014-08-29,2014-08-22,74.0082,TOP
2014-09-02,2014-08-29,75.1770,TOP
2014-09-03,2014-08-29,75.1770,TOP
2014-09-04,2014-08-29,75.1770,TOP
2014-09-05,2014-08-29,75.1770,TOP
2014-09-08,2014-09-05,75.3568,TOP
2014-09-09,2014-09-05,75.3568,TOP
2014-09-10,2014-09-05,75.3568,TOP
2014-09-11,2014-09-05,75.3568,TOP
2014-09-12,2014-09-05,75.3568,TOP
2014-09-15,2014-09-12,73.2275,TOP
2014-09-16,2014-09-12,73.2275,TOP
2014-09-17,2014-09-12,73.2275,TOP
2014-09-18,2014-09-12,73.2275,TOP
2014-09-19,2014-09-12,73.2275,TOP
2014-09-22,2014-09-19,74.6174,TOP
2014-09-23,2014-09-19,74.6174,TOP
2014-09-24,2014-09-19,74.6174,TOP
2014-09-25,2014-09-19,74.6174,TOP
2014-09-26,2014-09-19,74.6174,TOP
2014-09-29,2014-09-26,68.3843,TOP
2014-09-30,2014-09-26,68.3843,TOP
2014-10-01,2014-09-26,68.3843,TOP
2014-10-02,2014-09-26,68.3843,TOP
2014-10-03,2014-09-26,68.3843,TOP
2014-10-06,2014-10-03,65.3938,TOP
2014-10-07,2014-10-03,65.3938,TOP
2014-10-08,2014-10-03,65.3938,TOP
2014-10-09,2014-10-03,65.3938,TOP
2014-10-10,2014-10-03,65.3938,TOP
2014-10-13,2014-10-10,50.7727,TOP
2014-10-14,2014-10-10,50.7727,TOP
2014-10-15,2014-10-10,50.7727,TOP
2014-10-16,2014-10-10,50.7727,TOP
2014-10-17,2014-10-10,50.7727,TOP
2014-10-20,2014-10-17,46.4543,BOTTOM
2014-10-21,2014-10-17,46.4543,BOTTOM
2014-10-22,2014-10-17,46.4543,BOTTOM
2014-10-23,2014-10-17,46.4543,BOTTOM
2014-10-24,2014-10-17,46.4543,BOTTOM
2014-10-27,2014-10-24,60.5547,TOP
2014-10-28,2014-10-24,60.5547,TOP
2014-10-29,2014-10-24,60.5547,TOP
2014-10-30,2014-10-24,60.5547,TOP
2014-10-31,2014-10-24,60.5547,TOP
2014-11-03,2014-10-31,65.4075,TOP
2014-11-04,2014-10-31,65.4075,TOP
2014-11-05,2014-10-31,65.4075,TOP
2014-11-06,2014-10-31,65.4075,TOP
2014-11-07,2014-10-31,65.4075,TOP
2014-11-10,2014-11-07,65.7341,TOP
2014-11-11,2014-11-07,65.7341,TOP
2014-11-12,2014-11-07,65.7341,TOP
2014-11-13,2014-11-07,65.7341,TOP
2014-11-14,2014-11-07,65.7341,TOP
2014-11-17,2014-11-14,68.3414,TOP
2014-11-18,2014-11-14,68.3414,TOP
2014-11-19,2014-11-14,68.3414,TOP
2014-11-20,2014-11-14,68.3414,TOP
2014-11-21,2014-11-14,68.3414,TOP
2014-11-24,2014-11-21,69.3492,TOP
2014-11-25,2014-11-21,69.3492,TOP
2014-11-26,2014-11-21,69.3492,TOP
2014-11-28,2014-11-21,69.3492,TOP
2014-12-01,2014-11-28,72.4577,TOP
2014-12-02,2014-11-28,72.4577,TOP
2014-12-03,2014-11-28,72.4577,TOP
2014-12-04,2014-11-28,72.4577,TOP
2014-12-05,2014-11-28,72.4577,TOP
2014-12-08,2014-12-05,70.2006,TOP
2014-12-09,2014-12-05,70.2006,TOP
2014-12-10,2014-12-05,70.2006,TOP
2014-12-11,2014-12-05,70.2006,TOP
2014-12-12,2014-12-05,70.2006,TOP
2014-12-15,2014-12-12,61.3476,TOP
2014-12-16,2014-12-12,61.3476,TOP
2014-12-17,2014-12-12,61.3476,TOP
2014-12-18,2014-12-12,61.3476,TOP
2014-12-19,2014-12-12,61.3476,TOP
2014-12-22,2014-12-19,64.9306,TOP
2014-12-23,2014-12-19,64.9306,TOP
2014-12-24,2014-12-19,64.9306,TOP
2014-12-26,2014-12-19,64.9306,TOP
2014-12-29,2014-12-26,66.1292,TOP
2014-12-30,2014-12-26,66.1292,TOP
2014-12-31,2014-12-26,66.1292,TOP
2015-01-02,2014-12-26,66.1292,TOP
2015-01-05,2015-01-02,59.7182,TOP
2015-01-06,2015-01-02,59.7182,TOP
2015-01-07,2015-01-02,59.7182,TOP
2015-01-08,2015-01-02,59.7182,TOP
2015-01-09,2015-01-02,59.7182,TOP
2015-01-12,2015-01-09,58.7830,TOP
2015-01-13,2015-01-09,58.7830,TOP
2015-01-14,2015-01-09,58.7830,TOP
2015-01-15,2015-01-09,58.7830,TOP
2015-01-16,2015-01-09,58.7830,TOP
2015-01-20,2015-01-16,53.6899,TOP
2015-01-21,2015-01-16,53.6899,TOP
2015-01-22,2015-01-16,53.6899,TOP
2015-01-23,2015-01-16,53.6899,TOP
2015-01-26,2015-01-23,60.6982,TOP
2015-01-27,2015-01-23,60.6982,TOP
2015-01-28,2015-01-23,60.6982,TOP
2015-01-29,2015-01-23,60.6982,TOP
2015-01-30,2015-01-23,60.6982,TOP
2015-02-02,2015-01-30,52.7942,TOP
2015-02-03,2015-01-30,52.7942,TOP
2015-02-04,2015-01-30,52.7942,TOP
2015-02-05,2015-01-30,52.7942,TOP
2015-02-06,2015-01-30,52.7942,TOP
2015-02-09,2015-02-06,56.6954,TOP
2015-02-10,2015-02-06,56.6954,TOP
2015-02-11,2015-02-06,56.6954,TOP
2015-02-12,2015-02-06,56.6954,TOP
2015-02-13,2015-02-06,56.6954,TOP
2015-02-17,2015-02-13,62.8518,TOP
2015-02-18,2015-02-13,62.8518,TOP
2015-02-19,2015-02-13,62.8518,TOP
2015-02-20,2015-02-13,62.8518,TOP
2015-02-23,2015-02-20,64.9795,TOP
2015-02-24,2015-02-20,64.9795,TOP
2015-02-25,2015-02-20,64.9795,TOP
2015-02-26,2015-02-20,64.9795,TOP
2015-02-27,2015-02-20,64.9795,TOP
2015-03-02,2015-02-27,64.9527,TOP
2015-03-03,2015-02-27,64.9527,TOP
2015-03-04,2015-02-27,64.9527,TOP
2015-03-05,2015-02-27,64.9527,TOP
2015-03-06,2015-02-27,64.9527,TOP
2015-03-09,2015-03-06,62.2258,TOP
2015-03-10,2015-03-06,62.2258,TOP
2015-03-11,2015-03-06,62.2258,TOP
2015-03-12,2015-03-06,62.2258,TOP
2015-03-13,2015-03-06,62.2258,TOP
2015-03-16,2015-03-13,56.8514,TOP
2015-03-17,2015-03-13,56.8514,TOP
2015-03-18,2015-03-13,56.8514,TOP
2015-03-19,2015-03-13,56.8514,TOP
2015-03-20,2015-03-13,56.8514,TOP
2015-03-23,2015-03-20,62.6275,TOP
2015-03-24,2015-03-20,62.6275,TOP
2015-03-25,2015-03-20,62.6275,TOP
2015-03-26,2015-03-20,62.6275,TOP
2015-03-27,2015-03-20,62.6275,TOP
2015-03-30,2015-03-27,55.5974,TOP
2015-03-31,2015-03-27,55.5974,TOP
2015-04-01,2015-03-27,55.5974,TOP
2015-04-02,2015-03-27,55.5974,TOP
2015-04-06,2015-04-02,54.7183,TOP
2015-04-07,2015-04-02,54.7183,TOP
2015-04-08,2015-04-02,54.7183,TOP
2015-04-09,2015-04-02,54.7183,TOP
2015-04-10,2015-04-02,54.7183,TOP
2015-04-13,2015-04-10,59.2774,TOP
2015-04-14,2015-04-10,59.2774,TOP
2015-04-15,2015-04-10,59.2774,TOP
2015-04-16,2015-04-10,59.2774,TOP
2015-04-17,2015-04-10,59.2774,TOP
2015-04-20,2015-04-17,55.3098,TOP
2015-04-21,2015-04-17,55.3098,TOP
2015-04-22,2015-04-17,55.3098,TOP
2015-04-23,2015-04-17,55.3098,TOP
2015-04-24,2015-04-17,55.3098,TOP
2015-04-27,2015-04-24,62.3712,TOP
2015-04-28,2015-04-24,62.3712,TOP
2015-04-29,2015-04-24,62.3712,TOP
2015-04-30,2015-04-24,62.3712,TOP
2015-05-01,2015-04-24,62.3712,TOP
2015-05-04,2015-05-01,59.0653,TOP
2015-05-05,2015-05-01,59.0653,TOP
2015-05-06,2015-05-01,59.0653,TOP
2015-05-07,2015-05-01,59.0653,TOP
2015-05-08,2015-05-01,59.0653,TOP
2015-05-11,2015-05-08,58.2618,TOP
2015-05-12,2015-05-08,58.2618,TOP
2015-05-13,2015-05-08,58.2618,TOP
2015-05-14,2015-05-08,58.2618,TOP
2015-05-15,2015-05-08,58.2618,TOP
2015-05-18,2015-05-15,59.7207,TOP
2015-05-19,2015-05-15,59.7207,TOP
2015-05-20,2015-05-15,59.7207,TOP
2015-05-21,2015-05-15,59.7207,TOP
2015-05-22,2015-05-15,59.7207,TOP
2015-05-26,2015-05-22,61.1818,TOP
2015-05-27,2015-05-22,61.1818,TOP
2015-05-28,2015-05-22,61.1818,TOP
2015-05-29,2015-05-22,61.1818,TOP
2015-06-01,2015-05-29,60.0743,TOP
2015-06-02,2015-05-29,60.0743,TOP
2015-06-03,2015-05-29,60.0743,TOP
2015-06-04,2015-05-29,60.0743,TOP
2015-06-05,2015-05-29,60.0743,TOP
2015-06-08,2015-06-05,58.0533,TOP
2015-06-09,2015-06-05,58.0533,TOP
2015-06-10,2015-06-05,58.0533,TOP
2015-06-11,2015-06-05,58.0533,TOP
2015-06-12,2015-06-05,58.0533,TOP
2015-06-15,2015-06-12,56.5510,TOP
2015-06-16,2015-06-12,56.5510,TOP
2015-06-17,2015-06-12,56.5510,TOP
2015-06-18,2015-06-12,56.5510,TOP
2015-06-19,2015-06-12,56.5510,TOP
2015-06-22,2015-06-19,59.4153,TOP
2015-06-23,2015-06-19,59.4153,TOP
2015-06-24,2015-06-19,59.4153,TOP
2015-06-25,2015-06-19,59.4153,TOP
2015-06-26,2015-06-19,59.4153,TOP
2015-06-29,2015-06-26,57.5909,TOP
2015-06-30,2015-06-26,57.5909,TOP
2015-07-01,2015-06-26,57.5909,TOP
2015-07-02,2015-06-26,57.5909,TOP
2015-07-06,2015-07-02,53.8033,TOP
2015-07-07,2015-07-02,53.8033,TOP
2015-07-08,2015-07-02,53.8033,TOP
2015-07-09,2015-07-02,53.8033,TOP
2015-07-10,2015-07-02,53.8033,TOP
2015-07-13,2015-07-10,52.9510,TOP
2015-07-14,2015-07-10,52.9510,TOP
2015-07-15,2015-07-10,52.9510,TOP
2015-07-16,2015-07-10,52.9510,TOP
2015-07-17,2015-07-10,52.9510,TOP
2015-07-20,2015-07-17,64.8311,TOP
2015-07-21,2015-07-17,64.8311,TOP
2015-07-22,2015-07-17,64.8311,TOP
2015-07-23,2015-07-17,64.8311,TOP
2015-07-24,2015-07-17,64.8311,TOP
2015-07-27,2015-07-24,58.1972,TOP
2015-07-28,2015-07-24,58.1972,TOP
2015-07-29,2015-07-24,58.1972,TOP
2015-07-30,2015-07-24,58.1972,TOP
2015-07-31,2015-07-24,58.1972,TOP
2015-08-03,2015-07-31,59.7127,TOP
2015-08-04,2015-07-31,59.7127,TOP
2015-08-05,2015-07-31,59.7127,TOP
2015-08-06,2015-07-31,59.7127,TOP
2015-08-07,2015-07-31,59.7127,TOP
2015-08-10,2015-08-07,55.5297,TOP
2015-08-11,2015-08-07,55.5297,TOP
2015-08-12,2015-08-07,55.5297,TOP
2015-08-13,2015-08-07,55.5297,TOP
2015-08-14,2015-08-07,55.5297,TOP
2015-08-17,2015-08-14,55.9351,TOP
2015-08-18,2015-08-14,55.9351,TOP
2015-08-19,2015-08-14,55.9351,TOP
2015-08-20,2015-08-14,55.9351,TOP
2015-08-21,2015-08-14,55.9351,TOP
2015-08-24,2015-08-21,40.0080,BOTTOM
2015-08-25,2015-08-21,40.0080,BOTTOM
2015-08-26,2015-08-21,40.0080,BOTTOM
2015-08-27,2015-08-21,40.0080,BOTTOM
2015-08-28,2015-08-21,40.0080,BOTTOM
2015-08-31,2015-08-28,46.5194,BOTTOM
2015-09-01,2015-08-28,46.5194,BOTTOM
2015-09-02,2015-08-28,46.5194,BOTTOM
2015-09-03,2015-08-28,46.5194,BOTTOM
2015-09-04,2015-08-28,46.5194,BOTTOM
2015-09-08,2015-09-04,41.3286,BOTTOM
2015-09-09,2015-09-04,41.3286,BOTTOM
2015-09-10,2015-09-04,41.3286,BOTTOM
2015-09-11,2015-09-04,41.3286,BOTTOM
2015-09-14,2015-09-11,47.5413,BOTTOM
2015-09-15,2015-09-11,47.5413,BOTTOM
2015-09-16,2015-09-11,47.5413,BOTTOM
2015-09-17,2015-09-11,47.5413,BOTTOM
2015-09-18,2015-09-11,47.5413,BOTTOM
2015-09-21,2015-09-18,47.6049,BOTTOM
2015-09-22,2015-09-18,47.6049,BOTTOM
2015-09-23,2015-09-18,47.6049,BOTTOM
2015-09-24,2015-09-18,47.6049,BOTTOM
2015-09-25,2015-09-18,47.6049,BOTTOM
2015-09-28,2015-09-25,43.7698,BOTTOM
2015-09-29,2015-09-25,43.7698,BOTTOM
2015-09-30,2015-09-25,43.7698,BOTTOM
2015-10-01,2015-09-25,43.7698,BOTTOM
2015-10-02,2015-09-25,43.7698,BOTTOM
2015-10-05,2015-10-02,45.8760,BOTTOM
2015-10-06,2015-10-02,45.8760,BOTTOM
2015-10-07,2015-10-02,45.8760,BOTTOM
2015-10-08,2015-10-02,45.8760,BOTTOM
2015-10-09,2015-10-02,45.8760,BOTTOM
2015-10-12,2015-10-09,50.4932,TOP
2015-10-13,2015-10-09,50.4932,TOP
2015-10-14,2015-10-09,50.4932,TOP
2015-10-15,2015-10-09,50.4932,TOP
2015-10-16,2015-10-09,50.4932,TOP
2015-10-19,2015-10-16,53.2056,TOP
2015-10-20,2015-10-16,53.2056,TOP
2015-10-21,2015-10-16,53.2056,TOP
2015-10-22,2015-10-16,53.2056,TOP
2015-10-23,2015-10-16,53.2056,TOP
2015-10-26,2015-10-23,60.1046,TOP
2015-10-27,2015-10-23,60.1046,TOP
2015-10-28,2015-10-23,60.1046,TOP
2015-10-29,2015-10-23,60.1046,TOP
2015-10-30,2015-10-23,60.1046,TOP
2015-11-02,2015-10-30,60.8385,TOP
2015-11-03,2015-10-30,60.8385,TOP
2015-11-04,2015-10-30,60.8385,TOP
2015-11-05,2015-10-30,60.8385,TOP
2015-11-06,2015-10-30,60.8385,TOP
2015-11-09,2015-11-06,62.7949,TOP
2015-11-10,2015-11-06,62.7949,TOP
2015-11-11,2015-11-06,62.7949,TOP
2015-11-12,2015-11-06,62.7949,TOP
2015-11-13,2015-11-06,62.7949,TOP
2015-11-16,2015-11-13,53.1076,TOP
2015-11-17,2015-11-13,53.1076,TOP
2015-11-18,2015-11-13,53.1076,TOP
2015-11-19,2015-11-13,53.1076,TOP
2015-11-20,2015-11-13,53.1076,TOP
2015-11-23,2015-11-20,59.4263,TOP
2015-11-24,2015-11-20,59.4263,TOP
2015-11-25,2015-11-20,59.4263,TOP
2015-11-27,2015-11-20,59.4263,TOP
2015-11-30,2015-11-27,59.1120,TOP
2015-12-01,2015-11-27,59.1120,TOP
2015-12-02,2015-11-27,59.1120,TOP
2015-12-03,2015-11-27,59.1120,TOP
2015-12-04,2015-11-27,59.1120,TOP
2015-12-07,2015-12-04,60.2182,TOP
2015-12-08,2015-12-04,60.2182,TOP
2015-12-09,2015-12-04,60.2182,TOP
2015-12-10,2015-12-04,60.2182,TOP
2015-12-11,2015-12-04,60.2182,TOP
2015-12-14,2015-12-11,52.2411,TOP
2015-12-15,2015-12-11,52.2411,TOP
2015-12-16,2015-12-11,52.2411,TOP
2015-12-17,2015-12-11,52.2411,TOP
2015-12-18,2015-12-11,52.2411,TOP
2015-12-21,2015-12-18,51.1925,TOP
2015-12-22,2015-12-18,51.1925,TOP
2015-12-23,2015-12-18,51.1925,TOP
2015-12-24,2015-12-18,51.1925,TOP
2015-12-28,2015-12-24,55.4600,TOP
2015-12-29,2015-12-24,55.4600,TOP
2015-12-30,2015-12-24,55.4600,TOP
2015-12-31,2015-12-24,55.4600,TOP
2016-01-04,2015-12-31,54.1123,TOP
2016-01-05,2015-12-31,54.1123,TOP
2016-01-06,2015-12-31,54.1123,TOP
2016-01-07,2015-12-31,54.1123,TOP
2016-01-08,2015-12-31,54.1123,TOP
2016-01-11,2016-01-08,42.2289,BOTTOM
2016-01-12,2016-01-08,42.2289,BOTTOM
2016-01-13,2016-01-08,42.2289,BOTTOM
2016-01-14,2016-01-08,42.2289,BOTTOM
2016-01-15,2016-01-08,42.2289,BOTTOM
2016-01-19,2016-01-15,38.5475,BOTTOM
2016-01-20,2016-01-15,38.5475,BOTTOM
2016-01-21,2016-01-15,38.5475,BOTTOM
2016-01-22,2016-01-15,38.5475,BOTTOM
2016-01-25,2016-01-22,43.4543,BOTTOM
2016-01-26,2016-01-22,43.4543,BOTTOM
2016-01-27,2016-01-22,43.4543,BOTTOM
2016-01-28,2016-01-22,43.4543,BOTTOM
2016-01-29,2016-01-22,43.4543,BOTTOM
2016-02-01,2016-01-29,44.0455,BOTTOM
2016-02-02,2016-01-29,44.0455,BOTTOM
2016-02-03,2016-01-29,44.0455,BOTTOM
2016-02-04,2016-01-29,44.0455,BOTTOM
2016-02-05,2016-01-29,44.0455,BOTTOM
2016-02-08,2016-02-05,37.0765,BOTTOM
2016-02-09,2016-02-05,37.0765,BOTTOM
2016-02-10,2016-02-05,37.0765,BOTTOM
2016-02-11,2016-02-05,37.0765,BOTTOM
2016-02-12,2016-02-05,37.0765,BOTTOM
2016-02-16,2016-02-12,36.9717,BOTTOM
2016-02-17,2016-02-12,36.9717,BOTTOM
2016-02-18,2016-02-12,36.9717,BOTTOM
2016-02-19,2016-02-12,36.9717,BOTTOM
2016-02-22,2016-02-19,43.2132,BOTTOM
2016-02-23,2016-02-19,43.2132,BOTTOM
2016-02-24,2016-02-19,43.2132,BOTTOM
2016-02-25,2016-02-19,43.2132,BOTTOM
2016-02-26,2016-02-19,43.2132,BOTTOM
2016-02-29,2016-02-26,46.0803,BOTTOM
2016-03-01,2016-02-26,46.0803,BOTTOM
2016-03-02,2016-02-26,46.0803,BOTTOM
2016-03-03,2016-02-26,46.0803,BOTTOM
2016-03-04,2016-02-26,46.0803,BOTTOM
2016-03-07,2016-03-04,49.4975,BOTTOM
2016-03-08,2016-03-04,49.4975,BOTTOM
2016-03-09,2016-03-04,49.4975,BOTTOM
2016-03-10,2016-03-04,49.4975,BOTTOM
2016-03-11,2016-03-04,49.4975,BOTTOM
2016-03-14,2016-03-11,50.7286,TOP
2016-03-15,2016-03-11,50.7286,TOP
2016-03-16,2016-03-11,50.7286,TOP
2016-03-17,2016-03-11,50.7286,TOP
2016-03-18,2016-03-11,50.7286,TOP
2016-03-21,2016-03-18,52.5492,TOP
2016-03-22,2016-03-18,52.5492,TOP
2016-03-23,2016-03-18,52.5492,TOP
2016-03-24,2016-03-18,52.5492,TOP
2016-03-28,2016-03-24,52.3574,TOP
2016-03-29,2016-03-24,52.3574,TOP
2016-03-30,2016-03-24,52.3574,TOP
2016-03-31,2016-03-24,52.3574,TOP
2016-04-01,2016-03-24,52.3574,TOP
2016-04-04,2016-04-01,57.1084,TOP
2016-04-05,2016-04-01,57.1084,TOP
2016-04-06,2016-04-01,57.1084,TOP
2016-04-07,2016-04-01,57.1084,TOP
2016-04-08,2016-04-01,57.1084,TOP
2016-04-11,2016-04-08,54.5388,TOP
2016-04-12,2016-04-08,54.5388,TOP
2016-04-13,2016-04-08,54.5388,TOP
2016-04-14,2016-04-08,54.5388,TOP
2016-04-15,2016-04-08,54.5388,TOP
2016-04-18,2016-04-15,57.0485,TOP
2016-04-19,2016-04-15,57.0485,TOP
2016-04-20,2016-04-15,57.0485,TOP
2016-04-21,2016-04-15,57.0485,TOP
2016-04-22,2016-04-15,57.0485,TOP
2016-04-25,2016-04-22,53.8104,TOP
2016-04-26,2016-04-22,53.8104,TOP
2016-04-27,2016-04-22,53.8104,TOP
2016-04-28,2016-04-22,53.8104,TOP
2016-04-29,2016-04-22,53.8104,TOP
2016-05-02,2016-04-29,48.0430,BOTTOM
2016-05-03,2016-04-29,48.0430,BOTTOM
2016-05-04,2016-04-29,48.0430,BOTTOM
2016-05-05,2016-04-29,48.0430,BOTTOM
2016-05-06,2016-04-29,48.0430,BOTTOM
2016-05-09,2016-05-06,47.8061,BOTTOM
2016-05-10,2016-05-06,47.8061,BOTTOM
2016-05-11,2016-05-06,47.8061,BOTTOM
2016-05-12,2016-05-06,47.8061,BOTTOM
2016-05-13,2016-05-06,47.8061,BOTTOM
2016-05-16,2016-05-13,47.6614,BOTTOM
2016-05-17,2016-05-13,47.6614,BOTTOM
2016-05-18,2016-05-13,47.6614,BOTTOM
2016-05-19,2016-05-13,47.6614,BOTTOM
2016-05-20,2016-05-13,47.6614,BOTTOM
2016-05-23,2016-05-20,49.6509,BOTTOM
2016-05-24,2016-05-20,49.6509,BOTTOM
2016-05-25,2016-05-20,49.6509,BOTTOM
2016-05-26,2016-05-20,49.6509,BOTTOM
2016-05-27,2016-05-20,49.6509,BOTTOM
2016-05-31,2016-05-27,56.3874,TOP
2016-06-01,2016-05-27,56.3874,TOP
2016-06-02,2016-05-27,56.3874,TOP
2016-06-03,2016-05-27,56.3874,TOP
2016-06-06,2016-06-03,56.2324,TOP
2016-06-07,2016-06-03,56.2324,TOP
2016-06-08,2016-06-03,56.2324,TOP
2016-06-09,2016-06-03,56.2324,TOP
2016-06-10,2016-06-03,56.2324,TOP
2016-06-13,2016-06-10,53.6900,TOP
2016-06-14,2016-06-10,53.6900,TOP
2016-06-15,2016-06-10,53.6900,TOP
2016-06-16,2016-06-10,53.6900,TOP
2016-06-17,2016-06-10,53.6900,TOP
2016-06-20,2016-06-17,49.0687,BOTTOM
2016-06-21,2016-06-17,49.0687,BOTTOM
2016-06-22,2016-06-17,49.0687,BOTTOM
2016-06-23,2016-06-17,49.0687,BOTTOM
2016-06-24,2016-06-17,49.0687,BOTTOM
2016-06-27,2016-06-24,44.8368,BOTTOM
2016-06-28,2016-06-24,44.8368,BOTTOM
2016-06-29,2016-06-24,44.8368,BOTTOM
2016-06-30,2016-06-24,44.8368,BOTTOM
2016-07-01,2016-06-24,44.8368,BOTTOM
2016-07-05,2016-07-01,52.4457,TOP
2016-07-06,2016-07-01,52.4457,TOP
2016-07-07,2016-07-01,52.4457,TOP
2016-07-08,2016-07-01,52.4457,TOP
2016-07-11,2016-07-08,56.2522,TOP
2016-07-12,2016-07-08,56.2522,TOP
2016-07-13,2016-07-08,56.2522,TOP
2016-07-14,2016-07-08,56.2522,TOP
2016-07-15,2016-07-08,56.2522,TOP
2016-07-18,2016-07-15,58.6600,TOP
2016-07-19,2016-07-15,58.6600,TOP
2016-07-20,2016-07-15,58.6600,TOP
2016-07-21,2016-07-15,58.6600,TOP
2016-07-22,2016-07-15,58.6600,TOP
2016-07-25,2016-07-22,61.4763,TOP
2016-07-26,2016-07-22,61.4763,TOP
2016-07-27,2016-07-22,61.4763,TOP
2016-07-28,2016-07-22,61.4763,TOP
2016-07-29,2016-07-22,61.4763,TOP
2016-08-01,2016-07-29,63.7477,TOP
2016-08-02,2016-07-29,63.7477,TOP
2016-08-03,2016-07-29,63.7477,TOP
2016-08-04,2016-07-29,63.7477,TOP
2016-08-05,2016-07-29,63.7477,TOP
2016-08-08,2016-08-05,65.8735,TOP
2016-08-09,2016-08-05,65.8735,TOP
2016-08-10,2016-08-05,65.8735,TOP
2016-08-11,2016-08-05,65.8735,TOP
2016-08-12,2016-08-05,65.8735,TOP
2016-08-15,2016-08-12,66.4476,TOP
2016-08-16,2016-08-12,66.4476,TOP
2016-08-17,2016-08-12,66.4476,TOP
2016-08-18,2016-08-12,66.4476,TOP
2016-08-19,2016-08-12,66.4476,TOP
2016-08-22,2016-08-19,66.5342,TOP
2016-08-23,2016-08-19,66.5342,TOP
2016-08-24,2016-08-19,66.5342,TOP
2016-08-25,2016-08-19,66.5342,TOP
2016-08-26,2016-08-19,66.5342,TOP
2016-08-29,2016-08-26,65.0866,TOP
2016-08-30,2016-08-26,65.0866,TOP
2016-08-31,2016-08-26,65.0866,TOP
2016-09-01,2016-08-26,65.0866,TOP
2016-09-02,2016-08-26,65.0866,TOP
2016-09-06,2016-09-02,65.6566,TOP
2016-09-07,2016-09-02,65.6566,TOP
2016-09-08,2016-09-02,65.6566,TOP
2016-09-09,2016-09-02,65.6566,TOP
2016-09-12,2016-09-09,57.2490,TOP
2016-09-13,2016-09-09,57.2490,TOP
2016-09-14,2016-09-09,57.2490,TOP
2016-09-15,2016-09-09,57.2490,TOP
2016-09-16,2016-09-09,57.2490,TOP
2016-09-19,2016-09-16,63.1594,TOP
2016-09-20,2016-09-16,63.1594,TOP
2016-09-21,2016-09-16,63.1594,TOP
2016-09-22,2016-09-16,63.1594,TOP
2016-09-23,2016-09-16,63.1594,TOP
2016-09-26,2016-09-23,64.8126,TOP
2016-09-27,2016-09-23,64.8126,TOP
2016-09-28,2016-09-23,64.8126,TOP
2016-09-29,2016-09-23,64.8126,TOP
2016-09-30,2016-09-23,64.8126,TOP
2016-10-03,2016-09-30,65.4389,TOP
2016-10-04,2016-09-30,65.4389,TOP
2016-10-05,2016-09-30,65.4389,TOP
2016-10-06,2016-09-30,65.4389,TOP
2016-10-07,2016-09-30,65.4389,TOP
2016-10-10,2016-10-07,64.6445,TOP
2016-10-11,2016-10-07,64.6445,TOP
2016-10-12,2016-10-07,64.6445,TOP
2016-10-13,2016-10-07,64.6445,TOP
2016-10-14,2016-10-07,64.6445,TOP
2016-10-17,2016-10-14,60.4411,TOP
2016-10-18,2016-10-14,60.4411,TOP
2016-10-19,2016-10-14,60.4411,TOP
2016-10-20,2016-10-14,60.4411,TOP
2016-10-21,2016-10-14,60.4411,TOP
2016-10-24,2016-10-21,62.4385,TOP
2016-10-25,2016-10-21,62.4385,TOP
2016-10-26,2016-10-21,62.4385,TOP
2016-10-27,2016-10-21,62.4385,TOP
2016-10-28,2016-10-21,62.4385,TOP
2016-10-31,2016-10-28,59.0977,TOP
2016-11-01,2016-10-28,59.0977,TOP
2016-11-02,2016-10-28,59.0977,TOP
2016-11-03,2016-10-28,59.0977,TOP
2016-11-04,2016-10-28,59.0977,TOP
2016-11-07,2016-11-04,49.6900,BOTTOM
2016-11-08,2016-11-04,49.6900,BOTTOM
2016-11-09,2016-11-04,49.6900,BOTTOM
2016-11-10,2016-11-04,49.6900,BOTTOM
2016-11-11,2016-11-04,49.6900,BOTTOM
2016-11-14,2016-11-11,54.5461,TOP
2016-11-15,2016-11-11,54.5461,TOP
2016-11-16,2016-11-11,54.5461,TOP
2016-11-17,2016-11-11,54.5461,TOP
2016-11-18,2016-11-11,54.5461,TOP
2016-11-21,2016-11-18,57.6578,TOP
2016-11-22,2016-11-18,57.6578,TOP
2016-11-23,2016-11-18,57.6578,TOP
2016-11-25,2016-11-18,57.6578,TOP
2016-11-28,2016-11-25,60.4938,TOP
2016-11-29,2016-11-25,60.4938,TOP
2016-11-30,2016-11-25,60.4938,TOP
2016-12-01,2016-11-25,60.4938,TOP
2016-12-02,2016-11-25,60.4938,TOP
2016-12-05,2016-12-02,52.5540,TOP
2016-12-06,2016-12-02,52.5540,TOP
2016-12-07,2016-12-02,52.5540,TOP
2016-12-08,2016-12-02,52.5540,TOP
2016-12-09,2016-12-02,52.5540,TOP
2016-12-12,2016-12-09,59.5606,TOP
2016-12-13,2016-12-09,59.5606,TOP
2016-12-14,2016-12-09,59.5606,TOP
2016-12-15,2016-12-09,59.5606,TOP
2016-12-16,2016-12-09,59.5606,TOP
2016-12-19,2016-12-16,60.3142,TOP
2016-12-20,2016-12-16,60.3142,TOP
2016-12-21,2016-12-16,60.3142,TOP
2016-12-22,2016-12-16,60.3142,TOP
2016-12-23,2016-12-16,60.3142,TOP
2016-12-27,2016-12-23,61.3431,TOP
2016-12-28,2016-12-23,61.3431,TOP
2016-12-29,2016-12-23,61.3431,TOP
2016-12-30,2016-12-23,61.3431,TOP
2017-01-03,2016-12-30,56.7969,TOP
2017-01-04,2016-12-30,56.7969,TOP
2017-01-05,2016-12-30,56.7969,TOP
2017-01-06,2016-12-30,56.7969,TOP
2017-01-09,2017-01-06,62.7588,TOP
2017-01-10,2017-01-06,62.7588,TOP
2017-01-11,2017-01-06,62.7588,TOP
2017-01-12,2017-01-06,62.7588,TOP
2017-01-13,2017-01-06,62.7588,TOP
2017-01-17,2017-01-13,64.6326,TOP
2017-01-18,2017-01-13,64.6326,TOP
2017-01-19,2017-01-13,64.6326,TOP
2017-01-20,2017-01-13,64.6326,TOP
2017-01-23,2017-01-20,64.7722,TOP
2017-01-24,2017-01-20,64.7722,TOP
2017-01-25,2017-01-20,64.7722,TOP
2017-01-26,2017-01-20,64.7722,TOP
2017-01-27,2017-01-20,64.7722,TOP
2017-01-30,2017-01-27,68.5608,TOP
2017-01-31,2017-01-27,68.5608,TOP
2017-02-01,2017-01-27,68.5608,TOP
2017-02-02,2017-01-27,68.5608,TOP
2017-02-03,2017-01-27,68.5608,TOP
2017-02-06,2017-02-03,68.1891,TOP
2017-02-07,2017-02-03,68.1891,TOP
2017-02-08,2017-02-03,68.1891,TOP
2017-02-09,2017-02-03,68.1891,TOP
2017-02-10,2017-02-03,68.1891,TOP
2017-02-13,2017-02-10,70.6189,TOP
2017-02-14,2017-02-10,70.6189,TOP
2017-02-15,2017-02-10,70.6189,TOP
2017-02-16,2017-02-10,70.6189,TOP
2017-02-17,2017-02-10,70.6189,TOP
2017-02-21,2017-02-17,73.7100,TOP
2017-02-22,2017-02-17,73.7100,TOP
2017-02-23,2017-02-17,73.7100,TOP
2017-02-24,2017-02-17,73.7100,TOP
2017-02-27,2017-02-24,74.2503,TOP
2017-02-28,2017-02-24,74.2503,TOP
2017-03-01,2017-02-24,74.2503,TOP
2017-03-02,2017-02-24,74.2503,TOP
2017-03-03,2017-02-24,74.2503,TOP
2017-03-06,2017-03-03,75.1781,TOP
2017-03-07,2017-03-03,75.1781,TOP
2017-03-08,2017-03-03,75.1781,TOP
2017-03-09,2017-03-03,75.1781,TOP
2017-03-10,2017-03-03,75.1781,TOP
2017-03-13,2017-03-10,75.6383,TOP
2017-03-14,2017-03-10,75.6383,TOP
2017-03-15,2017-03-10,75.6383,TOP
2017-03-16,2017-03-10,75.6383,TOP
2017-03-17,2017-03-10,75.6383,TOP
2017-03-20,2017-03-17,76.3701,TOP
2017-03-21,2017-03-17,76.3701,TOP
2017-03-22,2017-03-17,76.3701,TOP
2017-03-23,2017-03-17,76.3701,TOP
2017-03-24,2017-03-17,76.3701,TOP
2017-03-27,2017-03-24,72.0558,TOP
2017-03-28,2017-03-24,72.0558,TOP
2017-03-29,2017-03-24,72.0558,TOP
2017-03-30,2017-03-24,72.0558,TOP
2017-03-31,2017-03-24,72.0558,TOP
2017-04-03,2017-03-31,74.6064,TOP
2017-04-04,2017-03-31,74.6064,TOP
2017-04-05,2017-03-31,74.6064,TOP
2017-04-06,2017-03-31,74.6064,TOP
2017-04-07,2017-03-31,74.6064,TOP
2017-04-10,2017-04-07,72.9269,TOP
2017-04-11,2017-04-07,72.9269,TOP
2017-04-12,2017-04-07,72.9269,TOP
2017-04-13,2017-04-07,72.9269,TOP
2017-04-17,2017-04-13,66.7323,TOP
2017-04-18,2017-04-13,66.7323,TOP
2017-04-19,2017-04-13,66.7323,TOP
2017-04-20,2017-04-13,66.7323,TOP
2017-04-21,2017-04-13,66.7323,TOP
2017-04-24,2017-04-21,70.4512,TOP
2017-04-25,2017-04-21,70.4512,TOP
2017-04-26,2017-04-21,70.4512,TOP
2017-04-27,2017-04-21,70.4512,TOP
2017-04-28,2017-04-21,70.4512,TOP
2017-05-01,2017-04-28,75.1935,TOP
2017-05-02,2017-04-28,75.1935,TOP
2017-05-03,2017-04-28,75.1935,TOP
2017-05-04,2017-04-28,75.1935,TOP
2017-05-05,2017-04-28,75.1935,TOP
2017-05-08,2017-05-05,76.9906,TOP
2017-05-09,2017-05-05,76.9906,TOP
2017-05-10,2017-05-05,76.9906,TOP
2017-05-11,2017-05-05,76.9906,TOP
2017-05-12,2017-05-05,76.9906,TOP
2017-05-15,2017-05-12,78.1560,TOP
2017-05-16,2017-05-12,78.1560,TOP
2017-05-17,2017-05-12,78.1560,TOP
2017-05-18,2017-05-12,78.1560,TOP
2017-05-19,2017-05-12,78.1560,TOP
2017-05-22,2017-05-19,75.2145,TOP
2017-05-23,2017-05-19,75.2145,TOP
2017-05-24,2017-05-19,75.2145,TOP
2017-05-25,2017-05-19,75.2145,TOP
2017-05-26,2017-05-19,75.2145,TOP
2017-05-30,2017-05-26,79.0000,TOP
2017-05-31,2017-05-26,79.0000,TOP
2017-06-01,2017-05-26,79.0000,TOP
2017-06-02,2017-05-26,79.0000,TOP
2017-06-05,2017-06-02,81.0642,TOP
2017-06-06,2017-06-02,81.0642,TOP
2017-06-07,2017-06-02,81.0642,TOP
2017-06-08,2017-06-02,81.0642,TOP
2017-06-09,2017-06-02,81.0642,TOP
2017-06-12,2017-06-09,69.6158,TOP
2017-06-13,2017-06-09,69.6158,TOP
2017-06-14,2017-06-09,69.6158,TOP
2017-06-15,2017-06-09,69.6158,TOP
2017-06-16,2017-06-09,69.6158,TOP
2017-06-19,2017-06-16,65.4573,TOP
2017-06-20,2017-06-16,65.4573,TOP
2017-06-21,2017-06-16,65.4573,TOP
2017-06-22,2017-06-16,65.4573,TOP
2017-06-23,2017-06-16,65.4573,TOP
2017-06-26,2017-06-23,69.6226,TOP
2017-06-27,2017-06-23,69.6226,TOP
2017-06-28,2017-06-23,69.6226,TOP
2017-06-29,2017-06-23,69.6226,TOP
2017-06-30,2017-06-23,69.6226,TOP
2017-07-03,2017-06-30,60.4735,TOP
2017-07-05,2017-06-30,60.4735,TOP
2017-07-06,2017-06-30,60.4735,TOP
2017-07-07,2017-06-30,60.4735,TOP
2017-07-10,2017-07-07,60.6591,TOP
2017-07-11,2017-07-07,60.6591,TOP
2017-07-12,2017-07-07,60.6591,TOP
2017-07-13,2017-07-07,60.6591,TOP
2017-07-14,2017-07-07,60.6591,TOP
2017-07-17,2017-07-14,66.7648,TOP
2017-07-18,2017-07-14,66.7648,TOP
2017-07-19,2017-07-14,66.7648,TOP
2017-07-20,2017-07-14,66.7648,TOP
2017-07-21,2017-07-14,66.7648,TOP
2017-07-24,2017-07-21,69.1204,TOP
2017-07-25,2017-07-21,69.1204,TOP
2017-07-26,2017-07-21,69.1204,TOP
2017-07-27,2017-07-21,69.1204,TOP
2017-07-28,2017-07-21,69.1204,TOP
2017-07-31,2017-07-28,68.4119,TOP
2017-08-01,2017-07-28,68.4119,TOP
2017-08-02,2017-07-28,68.4119,TOP
2017-08-03,2017-07-28,68.4119,TOP
2017-08-04,2017-07-28,68.4119,TOP
2017-08-07,2017-08-04,67.8847,TOP
2017-08-08,2017-08-04,67.8847,TOP
2017-08-09,2017-08-04,67.8847,TOP
2017-08-10,2017-08-04,67.8847,TOP
2017-08-11,2017-08-04,67.8847,TOP
2017-08-14,2017-08-11,63.5792,TOP
2017-08-15,2017-08-11,63.5792,TOP
2017-08-16,2017-08-11,63.5792,TOP
2017-08-17,2017-08-11,63.5792,TOP
2017-08-18,2017-08-11,63.5792,TOP
2017-08-21,2017-08-18,61.2317,TOP
2017-08-22,2017-08-18,61.2317,TOP
2017-08-23,2017-08-18,61.2317,TOP
2017-08-24,2017-08-18,61.2317,TOP
2017-08-25,2017-08-18,61.2317,TOP
2017-08-28,2017-08-25,62.5000,TOP
2017-08-29,2017-08-25,62.5000,TOP
2017-08-30,2017-08-25,62.5000,TOP
2017-08-31,2017-08-25,62.5000,TOP
2017-09-01,2017-08-25,62.5000,TOP
2017-09-05,2017-09-01,68.5367,TOP
2017-09-06,2017-09-01,68.5367,TOP
2017-09-07,2017-09-01,68.5367,TOP
2017-09-08,2017-09-01,68.5367,TOP
2017-09-11,2017-09-08,63.6366,TOP
2017-09-12,2017-09-08,63.6366,TOP
2017-09-13,2017-09-08,63.6366,TOP
2017-09-14,2017-09-08,63.6366,TOP
2017-09-15,2017-09-08,63.6366,TOP
2017-09-18,2017-09-15,66.3170,TOP
2017-09-19,2017-09-15,66.3170,TOP
2017-09-20,2017-09-15,66.3170,TOP
2017-09-21,2017-09-15,66.3170,TOP
2017-09-22,2017-09-15,66.3170,TOP
2017-09-25,2017-09-22,62.4980,TOP
2017-09-26,2017-09-22,62.4980,TOP
2017-09-27,2017-09-22,62.4980,TOP
2017-09-28,2017-09-22,62.4980,TOP
2017-09-29,2017-09-22,62.4980,TOP
2017-10-02,2017-09-29,64.2606,TOP
2017-10-03,2017-09-29,64.2606,TOP
2017-10-04,2017-09-29,64.2606,TOP
2017-10-05,2017-09-29,64.2606,TOP
2017-10-06,2017-09-29,64.2606,TOP
2017-10-09,2017-10-06,67.4798,TOP
2017-10-10,2017-10-06,67.4798,TOP
2017-10-11,2017-10-06,67.4798,TOP
2017-10-12,2017-10-06,67.4798,TOP
2017-10-13,2017-10-06,67.4798,TOP
2017-10-16,2017-10-13,68.4223,TOP
2017-10-17,2017-10-13,68.4223,TOP
2017-10-18,2017-10-13,68.4223,TOP
2017-10-19,2017-10-13,68.4223,TOP
2017-10-20,2017-10-13,68.4223,TOP
2017-10-23,2017-10-20,68.9497,TOP
2017-10-24,2017-10-20,68.9497,TOP
2017-10-25,2017-10-20,68.9497,TOP
2017-10-26,2017-10-20,68.9497,TOP
2017-10-27,2017-10-20,68.9497,TOP
2017-10-30,2017-10-27,72.3498,TOP
2017-10-31,2017-10-27,72.3498,TOP
2017-11-01,2017-10-27,72.3498,TOP
2017-11-02,2017-10-27,72.3498,TOP
2017-11-03,2017-10-27,72.3498,TOP
2017-11-06,2017-11-03,74.7399,TOP
2017-11-07,2017-11-03,74.7399,TOP
2017-11-08,2017-11-03,74.7399,TOP
2017-11-09,2017-11-03,74.7399,TOP
2017-11-10,2017-11-03,74.7399,TOP
2017-11-13,2017-11-10,75.2061,TOP
2017-11-14,2017-11-10,75.2061,TOP
2017-11-15,2017-11-10,75.2061,TOP
2017-11-16,2017-11-10,75.2061,TOP
2017-11-17,2017-11-10,75.2061,TOP
2017-11-20,2017-11-17,75.5264,TOP
2017-11-21,2017-11-17,75.5264,TOP
2017-11-22,2017-11-17,75.5264,TOP
2017-11-24,2017-11-17,75.5264,TOP
2017-11-27,2017-11-24,78.1297,TOP
2017-11-28,2017-11-24,78.1297,TOP
2017-11-29,2017-11-24,78.1297,TOP
2017-11-30,2017-11-24,78.1297,TOP
2017-12-01,2017-11-24,78.1297,TOP
2017-12-04,2017-12-01,71.8253,TOP
2017-12-05,2017-12-01,71.8253,TOP
2017-12-06,2017-12-01,71.8253,TOP
2017-12-07,2017-12-01,71.8253,TOP
2017-12-08,2017-12-01,71.8253,TOP
2017-12-11,2017-12-08,72.1128,TOP
2017-12-12,2017-12-08,72.1128,TOP
2017-12-13,2017-12-08,72.1128,TOP
2017-12-14,2017-12-08,72.1128,TOP
2017-12-15,2017-12-08,72.1128,TOP
2017-12-18,2017-12-15,75.8422,TOP
2017-12-19,2017-12-15,75.8422,TOP
2017-12-20,2017-12-15,75.8422,TOP
2017-12-21,2017-12-15,75.8422,TOP
2017-12-22,2017-12-15,75.8422,TOP
2017-12-26,2017-12-22,75.9000,TOP
2017-12-27,2017-12-22,75.9000,TOP
2017-12-28,2017-12-22,75.9000,TOP
2017-12-29,2017-12-22,75.9000,TOP
2018-01-02,2017-12-29,69.9784,TOP
2018-01-03,2017-12-29,69.9784,TOP
2018-01-04,2017-12-29,69.9784,TOP
2018-01-05,2017-12-29,69.9784,TOP
2018-01-08,2018-01-05,77.2817,TOP
2018-01-09,2018-01-05,77.2817,TOP
2018-01-10,2018-01-05,77.2817,TOP
2018-01-11,2018-01-05,77.2817,TOP
2018-01-12,2018-01-05,77.2817,TOP
2018-01-16,2018-01-12,79.5202,TOP
2018-01-17,2018-01-12,79.5202,TOP
2018-01-18,2018-01-12,79.5202,TOP
2018-01-19,2018-01-12,79.5202,TOP
2018-01-22,2018-01-19,80.9735,TOP
2018-01-23,2018-01-19,80.9735,TOP
2018-01-24,2018-01-19,80.9735,TOP
2018-01-25,2018-01-19,80.9735,TOP
2018-01-26,2018-01-19,80.9735,TOP
2018-01-29,2018-01-26,84.0061,TOP
2018-01-30,2018-01-26,84.0061,TOP
2018-01-31,2018-01-26,84.0061,TOP
2018-02-01,2018-01-26,84.0061,TOP
2018-02-02,2018-01-26,84.0061,TOP
2018-02-05,2018-02-02,67.9473,TOP
2018-02-06,2018-02-02,67.9473,TOP
2018-02-07,2018-02-02,67.9473,TOP
2018-02-08,2018-02-02,67.9473,TOP
2018-02-09,2018-02-02,67.9473,TOP
2018-02-12,2018-02-09,53.2000,TOP
2018-02-13,2018-02-09,53.2000,TOP
2018-02-14,2018-02-09,53.2000,TOP
2018-02-15,2018-02-09,53.2000,TOP
2018-02-16,2018-02-09,53.2000,TOP
2018-02-20,2018-02-16,62.3597,TOP
2018-02-21,2018-02-16,62.3597,TOP
2018-02-22,2018-02-16,62.3597,TOP
2018-02-23,2018-02-16,62.3597,TOP
2018-02-26,2018-02-23,65.0302,TOP
2018-02-27,2018-02-23,65.0302,TOP
2018-02-28,2018-02-23,65.0302,TOP
2018-03-01,2018-02-23,65.0302,TOP
2018-03-02,2018-02-23,65.0302,TOP
2018-03-05,2018-03-02,61.8223,TOP
2018-03-06,2018-03-02,61.8223,TOP
2018-03-07,2018-03-02,61.8223,TOP
2018-03-08,2018-03-02,61.8223,TOP
2018-03-09,2018-03-02,61.8223,TOP
2018-03-12,2018-03-09,67.5006,TOP
2018-03-13,2018-03-09,67.5006,TOP
2018-03-14,2018-03-09,67.5006,TOP
2018-03-15,2018-03-09,67.5006,TOP
2018-03-16,2018-03-09,67.5006,TOP
2018-03-19,2018-03-16,64.4209,TOP
2018-03-20,2018-03-16,64.4209,TOP
2018-03-21,2018-03-16,64.4209,TOP
2018-03-22,2018-03-16,64.4209,TOP
2018-03-23,2018-03-16,64.4209,TOP
2018-03-26,2018-03-23,50.2766,TOP
2018-03-27,2018-03-23,50.2766,TOP
2018-03-28,2018-03-23,50.2766,TOP
2018-03-29,2018-03-23,50.2766,TOP
2018-04-02,2018-03-29,51.7863,TOP
2018-04-03,2018-03-29,51.7863,TOP
2018-04-04,2018-03-29,51.7863,TOP
2018-04-05,2018-03-29,51.7863,TOP
2018-04-06,2018-03-29,51.7863,TOP
2018-04-09,2018-04-06,48.3693,BOTTOM
2018-04-10,2018-04-06,48.3693,BOTTOM
2018-04-11,2018-04-06,48.3693,BOTTOM
2018-04-12,2018-04-06,48.3693,BOTTOM
2018-04-13,2018-04-06,48.3693,BOTTOM
2018-04-16,2018-04-13,52.9017,TOP
2018-04-17,2018-04-13,52.9017,TOP
2018-04-18,2018-04-13,52.9017,TOP
2018-04-19,2018-04-13,52.9017,TOP
2018-04-20,2018-04-13,52.9017,TOP
2018-04-23,2018-04-20,53.7594,TOP
2018-04-24,2018-04-20,53.7594,TOP
2018-04-25,2018-04-20,53.7594,TOP
2018-04-26,2018-04-20,53.7594,TOP
2018-04-27,2018-04-20,53.7594,TOP
2018-04-30,2018-04-27,53.5224,TOP
2018-05-01,2018-04-27,53.5224,TOP
2018-05-02,2018-04-27,53.5224,TOP
2018-05-03,2018-04-27,53.5224,TOP
2018-05-04,2018-04-27,53.5224,TOP
2018-05-07,2018-05-04,56.2709,TOP
2018-05-08,2018-05-04,56.2709,TOP
2018-05-09,2018-05-04,56.2709,TOP
2018-05-10,2018-05-04,56.2709,TOP
2018-05-11,2018-05-04,56.2709,TOP
2018-05-14,2018-05-11,60.4316,TOP
2018-05-15,2018-05-11,60.4316,TOP
2018-05-16,2018-05-11,60.4316,TOP
2018-05-17,2018-05-11,60.4316,TOP
2018-05-18,2018-05-11,60.4316,TOP
2018-05-21,2018-05-18,57.8488,TOP
2018-05-22,2018-05-18,57.8488,TOP
2018-05-23,2018-05-18,57.8488,TOP
2018-05-24,2018-05-18,57.8488,TOP
2018-05-25,2018-05-18,57.8488,TOP
2018-05-29,2018-05-25,59.9328,TOP
2018-05-30,2018-05-25,59.9328,TOP
2018-05-31,2018-05-25,59.9328,TOP
2018-06-01,2018-05-25,59.9328,TOP
2018-06-04,2018-06-01,62.5940,TOP
2018-06-05,2018-06-01,62.5940,TOP
2018-06-06,2018-06-01,62.5940,TOP
2018-06-07,2018-06-01,62.5940,TOP
2018-06-08,2018-06-01,62.5940,TOP
2018-06-11,2018-06-08,64.0419,TOP
2018-06-12,2018-06-08,64.0419,TOP
2018-06-13,2018-06-08,64.0419,TOP
2018-06-14,2018-06-08,64.0419,TOP
2018-06-15,2018-06-08,64.0419,TOP
2018-06-18,2018-06-15,66.1501,TOP
2018-06-19,2018-06-15,66.1501,TOP
2018-06-20,2018-06-15,66.1501,TOP
2018-06-21,2018-06-15,66.1501,TOP
2018-06-22,2018-06-15,66.1501,TOP
2018-06-25,2018-06-22,64.1030,TOP
2018-06-26,2018-06-22,64.1030,TOP
2018-06-27,2018-06-22,64.1030,TOP
2018-06-28,2018-06-22,64.1030,TOP
2018-06-29,2018-06-22,64.1030,TOP
2018-07-02,2018-06-29,58.5195,TOP
2018-07-03,2018-06-29,58.5195,TOP
2018-07-05,2018-06-29,58.5195,TOP
2018-07-06,2018-06-29,58.5195,TOP
2018-07-09,2018-07-06,62.3320,TOP
2018-07-10,2018-07-06,62.3320,TOP
2018-07-11,2018-07-06,62.3320,TOP
2018-07-12,2018-07-06,62.3320,TOP
2018-07-13,2018-07-06,62.3320,TOP
2018-07-16,2018-07-13,65.7557,TOP
2018-07-17,2018-07-13,65.7557,TOP
2018-07-18,2018-07-13,65.7557,TOP
2018-07-19,2018-07-13,65.7557,TOP
2018-07-20,2018-07-13,65.7557,TOP
2018-07-23,2018-07-20,64.7729,TOP
2018-07-24,2018-07-20,64.7729,TOP
2018-07-25,2018-07-20,64.7729,TOP
2018-07-26,2018-07-20,64.7729,TOP
2018-07-27,2018-07-20,64.7729,TOP
2018-07-30,2018-07-27,62.5486,TOP
2018-07-31,2018-07-27,62.5486,TOP
2018-08-01,2018-07-27,62.5486,TOP
2018-08-02,2018-07-27,62.5486,TOP
2018-08-03,2018-07-27,62.5486,TOP
2018-08-06,2018-08-03,64.8808,TOP
2018-08-07,2018-08-03,64.8808,TOP
2018-08-08,2018-08-03,64.8808,TOP
2018-08-09,2018-08-03,64.8808,TOP
2018-08-10,2018-08-03,64.8808,TOP
2018-08-13,2018-08-10,65.2971,TOP
2018-08-14,2018-08-10,65.2971,TOP
2018-08-15,2018-08-10,65.2971,TOP
2018-08-16,2018-08-10,65.2971,TOP
2018-08-17,2018-08-10,65.2971,TOP
2018-08-20,2018-08-17,64.0703,TOP
2018-08-21,2018-08-17,64.0703,TOP
2018-08-22,2018-08-17,64.0703,TOP
2018-08-23,2018-08-17,64.0703,TOP
2018-08-24,2018-08-17,64.0703,TOP
2018-08-27,2018-08-24,66.7416,TOP
2018-08-28,2018-08-24,66.7416,TOP
2018-08-29,2018-08-24,66.7416,TOP
2018-08-30,2018-08-24,66.7416,TOP
2018-08-31,2018-08-24,66.7416,TOP
2018-09-04,2018-08-31,70.5008,TOP
2018-09-05,2018-08-31,70.5008,TOP
2018-09-06,2018-08-31,70.5008,TOP
2018-09-07,2018-08-31,70.5008,TOP
2018-09-10,2018-09-07,60.6868,TOP
2018-09-11,2018-09-07,60.6868,TOP
2018-09-12,2018-09-07,60.6868,TOP
2018-09-13,2018-09-07,60.6868,TOP
2018-09-14,2018-09-07,60.6868,TOP
2018-09-17,2018-09-14,63.5291,TOP
2018-09-18,2018-09-14,63.5291,TOP
2018-09-19,2018-09-14,63.5291,TOP
2018-09-20,2018-09-14,63.5291,TOP
2018-09-21,2018-09-14,63.5291,TOP
2018-09-24,2018-09-21,63.0517,TOP
2018-09-25,2018-09-21,63.0517,TOP
2018-09-26,2018-09-21,63.0517,TOP
2018-09-27,2018-09-21,63.0517,TOP
2018-09-28,2018-09-21,63.0517,TOP
2018-10-01,2018-09-28,65.4613,TOP
2018-10-02,2018-09-28,65.4613,TOP
2018-10-03,2018-09-28,65.4613,TOP
2018-10-04,2018-09-28,65.4613,TOP
2018-10-05,2018-09-28,65.4613,TOP
2018-10-08,2018-10-05,56.2209,TOP
2018-10-09,2018-10-05,56.2209,TOP
2018-10-10,2018-10-05,56.2209,TOP
2018-10-11,2018-10-05,56.2209,TOP
2018-10-12,2018-10-05,56.2209,TOP
2018-10-15,2018-10-12,48.5864,BOTTOM
2018-10-16,2018-10-12,48.5864,BOTTOM
2018-10-17,2018-10-12,48.5864,BOTTOM
2018-10-18,2018-10-12,48.5864,BOTTOM
2018-10-19,2018-10-12,48.5864,BOTTOM
2018-10-22,2018-10-19,47.0520,BOTTOM
2018-10-23,2018-10-19,47.0520,BOTTOM
2018-10-24,2018-10-19,47.0520,BOTTOM
2018-10-25,2018-10-19,47.0520,BOTTOM
2018-10-26,2018-10-19,47.0520,BOTTOM
2018-10-29,2018-10-26,40.3400,BOTTOM
2018-10-30,2018-10-26,40.3400,BOTTOM
2018-10-31,2018-10-26,40.3400,BOTTOM
2018-11-01,2018-10-26,40.3400,BOTTOM
2018-11-02,2018-10-26,40.3400,BOTTOM
2018-11-05,2018-11-02,44.0180,BOTTOM
2018-11-06,2018-11-02,44.0180,BOTTOM
2018-11-07,2018-11-02,44.0180,BOTTOM
2018-11-08,2018-11-02,44.0180,BOTTOM
2018-11-09,2018-11-02,44.0180,BOTTOM
2018-11-12,2018-11-09,46.7971,BOTTOM
2018-11-13,2018-11-09,46.7971,BOTTOM
2018-11-14,2018-11-09,46.7971,BOTTOM
2018-11-15,2018-11-09,46.7971,BOTTOM
2018-11-16,2018-11-09,46.7971,BOTTOM
2018-11-19,2018-11-16,42.5263,BOTTOM
2018-11-20,2018-11-16,42.5263,BOTTOM
2018-11-21,2018-11-16,42.5263,BOTTOM
2018-11-23,2018-11-16,42.5263,BOTTOM
2018-11-26,2018-11-23,35.3599,BOTTOM
2018-11-27,2018-11-23,35.3599,BOTTOM
2018-11-28,2018-11-23,35.3599,BOTTOM
2018-11-29,2018-11-23,35.3599,BOTTOM
2018-11-30,2018-11-23,35.3599,BOTTOM
2018-12-03,2018-11-30,47.1211,BOTTOM
2018-12-04,2018-11-30,47.1211,BOTTOM
2018-12-06,2018-11-30,47.1211,BOTTOM
2018-12-07,2018-11-30,47.1211,BOTTOM
2018-12-10,2018-12-07,40.8295,BOTTOM
2018-12-11,2018-12-07,40.8295,BOTTOM
2018-12-12,2018-12-07,40.8295,BOTTOM
2018-12-13,2018-12-07,40.8295,BOTTOM
2018-12-14,2018-12-07,40.8295,BOTTOM
2018-12-17,2018-12-14,40.6102,BOTTOM
2018-12-18,2018-12-14,40.6102,BOTTOM
2018-12-19,2018-12-14,40.6102,BOTTOM
2018-12-20,2018-12-14,40.6102,BOTTOM
2018-12-21,2018-12-14,40.6102,BOTTOM
2018-12-24,2018-12-21,32.2194,BOTTOM
2018-12-26,2018-12-21,32.2194,BOTTOM
2018-12-27,2018-12-21,32.2194,BOTTOM
2018-12-28,2018-12-21,32.2194,BOTTOM
2018-12-31,2018-12-28,38.1647,BOTTOM
2019-01-02,2018-12-28,38.1647,BOTTOM
2019-01-03,2018-12-28,38.1647,BOTTOM
2019-01-04,2018-12-28,38.1647,BOTTOM
2019-01-07,2019-01-04,41.2716,BOTTOM
2019-01-08,2019-01-04,41.2716,BOTTOM
2019-01-09,2019-01-04,41.2716,BOTTOM
2019-01-10,2019-01-04,41.2716,BOTTOM
2019-01-11,2019-01-04,41.2716,BOTTOM
2019-01-14,2019-01-11,45.3194,BOTTOM
2019-01-15,2019-01-11,45.3194,BOTTOM
2019-01-16,2019-01-11,45.3194,BOTTOM
2019-01-17,2019-01-11,45.3194,BOTTOM
2019-01-18,2019-01-11,45.3194,BOTTOM
2019-01-22,2019-01-18,49.1764,BOTTOM
2019-01-23,2019-01-18,49.1764,BOTTOM
2019-01-24,2019-01-18,49.1764,BOTTOM
2019-01-25,2019-01-18,49.1764,BOTTOM
2019-01-28,2019-01-25,49.0946,BOTTOM
2019-01-29,2019-01-25,49.0946,BOTTOM
2019-01-30,2019-01-25,49.0946,BOTTOM
2019-01-31,2019-01-25,49.0946,BOTTOM
2019-02-01,2019-01-25,49.0946,BOTTOM
2019-02-04,2019-02-01,51.1086,TOP
2019-02-05,2019-02-01,51.1086,TOP
2019-02-06,2019-02-01,51.1086,TOP
2019-02-07,2019-02-01,51.1086,TOP
2019-02-08,2019-02-01,51.1086,TOP
2019-02-11,2019-02-08,52.0937,TOP
2019-02-12,2019-02-08,52.0937,TOP
2019-02-13,2019-02-08,52.0937,TOP
2019-02-14,2019-02-08,52.0937,TOP
2019-02-15,2019-02-08,52.0937,TOP
2019-02-19,2019-02-15,55.0628,TOP
2019-02-20,2019-02-15,55.0628,TOP
2019-02-21,2019-02-15,55.0628,TOP
2019-02-22,2019-02-15,55.0628,TOP
2019-02-25,2019-02-22,55.8903,TOP
2019-02-26,2019-02-22,55.8903,TOP
2019-02-27,2019-02-22,55.8903,TOP
2019-02-28,2019-02-22,55.8903,TOP
2019-03-01,2019-02-22,55.8903,TOP
2019-03-04,2019-03-01,57.2295,TOP
2019-03-05,2019-03-01,57.2295,TOP
2019-03-06,2019-03-01,57.2295,TOP
2019-03-07,2019-03-01,57.2295,TOP
2019-03-08,2019-03-01,57.2295,TOP
2019-03-11,2019-03-08,53.4761,TOP
2019-03-12,2019-03-08,53.4761,TOP
2019-03-13,2019-03-08,53.4761,TOP
2019-03-14,2019-03-08,53.4761,TOP
2019-03-15,2019-03-08,53.4761,TOP
2019-03-18,2019-03-15,59.8063,TOP
2019-03-19,2019-03-15,59.8063,TOP
2019-03-20,2019-03-15,59.8063,TOP
2019-03-21,2019-03-15,59.8063,TOP
2019-03-22,2019-03-15,59.8063,TOP
2019-03-25,2019-03-22,60.2403,TOP
2019-03-26,2019-03-22,60.2403,TOP
2019-03-27,2019-03-22,60.2403,TOP
2019-03-28,2019-03-22,60.2403,TOP
2019-03-29,2019-03-22,60.2403,TOP
2019-04-01,2019-03-29,61.1706,TOP
2019-04-02,2019-03-29,61.1706,TOP
2019-04-03,2019-03-29,61.1706,TOP
2019-04-04,2019-03-29,61.1706,TOP
2019-04-05,2019-03-29,61.1706,TOP
2019-04-08,2019-04-05,65.1608,TOP
2019-04-09,2019-04-05,65.1608,TOP
2019-04-10,2019-04-05,65.1608,TOP
2019-04-11,2019-04-05,65.1608,TOP
2019-04-12,2019-04-05,65.1608,TOP
2019-04-15,2019-04-12,66.0402,TOP
2019-04-16,2019-04-12,66.0402,TOP
2019-04-17,2019-04-12,66.0402,TOP
2019-04-18,2019-04-12,66.0402,TOP
2019-04-22,2019-04-18,67.2281,TOP
2019-04-23,2019-04-18,67.2281,TOP
2019-04-24,2019-04-18,67.2281,TOP
2019-04-25,2019-04-18,67.2281,TOP
2019-04-26,2019-04-18,67.2281,TOP
2019-04-29,2019-04-26,69.6195,TOP
2019-04-30,2019-04-26,69.6195,TOP
2019-05-01,2019-04-26,69.6195,TOP
2019-05-02,2019-04-26,69.6195,TOP
2019-05-03,2019-04-26,69.6195,TOP
2019-05-06,2019-05-03,69.9528,TOP
2019-05-07,2019-05-03,69.9528,TOP
2019-05-08,2019-05-03,69.9528,TOP
2019-05-09,2019-05-03,69.9528,TOP
2019-05-10,2019-05-03,69.9528,TOP
2019-05-13,2019-05-10,60.4667,TOP
2019-05-14,2019-05-10,60.4667,TOP
2019-05-15,2019-05-10,60.4667,TOP
2019-05-16,2019-05-10,60.4667,TOP
2019-05-17,2019-05-10,60.4667,TOP
2019-05-20,2019-05-17,57.7608,TOP
2019-05-21,2019-05-17,57.7608,TOP
2019-05-22,2019-05-17,57.7608,TOP
2019-05-23,2019-05-17,57.7608,TOP
2019-05-24,2019-05-17,57.7608,TOP
2019-05-28,2019-05-24,51.5727,TOP
2019-05-29,2019-05-24,51.5727,TOP
2019-05-30,2019-05-24,51.5727,TOP
2019-05-31,2019-05-24,51.5727,TOP
2019-06-03,2019-05-31,46.9040,BOTTOM
2019-06-04,2019-05-31,46.9040,BOTTOM
2019-06-05,2019-05-31,46.9040,BOTTOM
2019-06-06,2019-05-31,46.9040,BOTTOM
2019-06-07,2019-05-31,46.9040,BOTTOM
2019-06-10,2019-06-07,54.3919,TOP
2019-06-11,2019-06-07,54.3919,TOP
2019-06-12,2019-06-07,54.3919,TOP
2019-06-13,2019-06-07,54.3919,TOP
2019-06-14,2019-06-07,54.3919,TOP
2019-06-17,2019-06-14,55.9032,TOP
2019-06-18,2019-06-14,55.9032,TOP
2019-06-19,2019-06-14,55.9032,TOP
2019-06-20,2019-06-14,55.9032,TOP
2019-06-21,2019-06-14,55.9032,TOP
2019-06-24,2019-06-21,61.0543,TOP
2019-06-25,2019-06-21,61.0543,TOP
2019-06-26,2019-06-21,61.0543,TOP
2019-06-27,2019-06-21,61.0543,TOP
2019-06-28,2019-06-21,61.0543,TOP
2019-07-01,2019-06-28,59.2724,TOP
2019-07-02,2019-06-28,59.2724,TOP
2019-07-03,2019-06-28,59.2724,TOP
2019-07-05,2019-06-28,59.2724,TOP
2019-07-08,2019-07-05,62.8331,TOP
2019-07-09,2019-07-05,62.8331,TOP
2019-07-10,2019-07-05,62.8331,TOP
2019-07-11,2019-07-05,62.8331,TOP
2019-07-12,2019-07-05,62.8331,TOP
2019-07-15,2019-07-12,64.7432,TOP
2019-07-16,2019-07-12,64.7432,TOP
2019-07-17,2019-07-12,64.7432,TOP
2019-07-18,2019-07-12,64.7432,TOP
2019-07-19,2019-07-12,64.7432,TOP
2019-07-22,2019-07-19,61.2960,TOP
2019-07-23,2019-07-19,61.2960,TOP
2019-07-24,2019-07-19,61.2960,TOP
2019-07-25,2019-07-19,61.2960,TOP
2019-07-26,2019-07-19,61.2960,TOP
2019-07-29,2019-07-26,64.7307,TOP
2019-07-30,2019-07-26,64.7307,TOP
2019-07-31,2019-07-26,64.7307,TOP
2019-08-01,2019-07-26,64.7307,TOP
2019-08-02,2019-07-26,64.7307,TOP
2019-08-05,2019-08-02,54.9826,TOP
2019-08-06,2019-08-02,54.9826,TOP
2019-08-07,2019-08-02,54.9826,TOP
2019-08-08,2019-08-02,54.9826,TOP
2019-08-09,2019-08-02,54.9826,TOP
2019-08-12,2019-08-09,54.0335,TOP
2019-08-13,2019-08-09,54.0335,TOP
2019-08-14,2019-08-09,54.0335,TOP
2019-08-15,2019-08-09,54.0335,TOP
2019-08-16,2019-08-09,54.0335,TOP
2019-08-19,2019-08-16,52.8789,TOP
2019-08-20,2019-08-16,52.8789,TOP
2019-08-21,2019-08-16,52.8789,TOP
2019-08-22,2019-08-16,52.8789,TOP
2019-08-23,2019-08-16,52.8789,TOP
2019-08-26,2019-08-23,49.0671,BOTTOM
2019-08-27,2019-08-23,49.0671,BOTTOM
2019-08-28,2019-08-23,49.0671,BOTTOM
2019-08-29,2019-08-23,49.0671,BOTTOM
2019-08-30,2019-08-23,49.0671,BOTTOM
2019-09-03,2019-08-30,54.6431,TOP
2019-09-04,2019-08-30,54.6431,TOP
2019-09-05,2019-08-30,54.6431,TOP
2019-09-06,2019-08-30,54.6431,TOP
2019-09-09,2019-09-06,58.3864,TOP
2019-09-10,2019-09-06,58.3864,TOP
2019-09-11,2019-09-06,58.3864,TOP
2019-09-12,2019-09-06,58.3864,TOP
2019-09-13,2019-09-06,58.3864,TOP
2019-09-16,2019-09-13,59.2221,TOP
2019-09-17,2019-09-13,59.2221,TOP
2019-09-18,2019-09-13,59.2221,TOP
2019-09-19,2019-09-13,59.2221,TOP
2019-09-20,2019-09-13,59.2221,TOP
2019-09-23,2019-09-20,56.9656,TOP
2019-09-24,2019-09-20,56.9656,TOP
2019-09-25,2019-09-20,56.9656,TOP
2019-09-26,2019-09-20,56.9656,TOP
2019-09-27,2019-09-20,56.9656,TOP
2019-09-30,2019-09-27,52.7454,TOP
2019-10-01,2019-09-27,52.7454,TOP
2019-10-02,2019-09-27,52.7454,TOP
2019-10-03,2019-09-27,52.7454,TOP
2019-10-04,2019-09-27,52.7454,TOP
2019-10-07,2019-10-04,54.6476,TOP
2019-10-08,2019-10-04,54.6476,TOP
2019-10-09,2019-10-04,54.6476,TOP
2019-10-10,2019-10-04,54.6476,TOP
2019-10-11,2019-10-04,54.6476,TOP
2019-10-14,2019-10-11,57.0531,TOP
2019-10-15,2019-10-11,57.0531,TOP
2019-10-16,2019-10-11,57.0531,TOP
2019-10-17,2019-10-11,57.0531,TOP
2019-10-18,2019-10-11,57.0531,TOP
2019-10-21,2019-10-18,57.6629,TOP
2019-10-22,2019-10-18,57.6629,TOP
2019-10-23,2019-10-18,57.6629,TOP
2019-10-24,2019-10-18,57.6629,TOP
2019-10-25,2019-10-18,57.6629,TOP
2019-10-28,2019-10-25,61.6563,TOP
2019-10-29,2019-10-25,61.6563,TOP
2019-10-30,2019-10-25,61.6563,TOP
2019-10-31,2019-10-25,61.6563,TOP
2019-11-01,2019-10-25,61.6563,TOP
2019-11-04,2019-11-01,64.5970,TOP
2019-11-05,2019-11-01,64.5970,TOP
2019-11-06,2019-11-01,64.5970,TOP
2019-11-07,2019-11-01,64.5970,TOP
2019-11-08,2019-11-01,64.5970,TOP
2019-11-11,2019-11-08,66.6118,TOP
2019-11-12,2019-11-08,66.6118,TOP
2019-11-13,2019-11-08,66.6118,TOP
2019-11-14,2019-11-08,66.6118,TOP
2019-11-15,2019-11-08,66.6118,TOP
2019-11-18,2019-11-15,68.0076,TOP
2019-11-19,2019-11-15,68.0076,TOP
2019-11-20,2019-11-15,68.0076,TOP
2019-11-21,2019-11-15,68.0076,TOP
2019-11-22,2019-11-15,68.0076,TOP
2019-11-25,2019-11-22,66.0947,TOP
2019-11-26,2019-11-22,66.0947,TOP
2019-11-27,2019-11-22,66.0947,TOP
2019-11-29,2019-11-22,66.0947,TOP
2019-12-02,2019-11-29,68.9432,TOP
2019-12-03,2019-11-29,68.9432,TOP
2019-12-04,2019-11-29,68.9432,TOP
2019-12-05,2019-11-29,68.9432,TOP
2019-12-06,2019-11-29,68.9432,TOP
2019-12-09,2019-12-06,68.7529,TOP
2019-12-10,2019-12-06,68.7529,TOP
2019-12-11,2019-12-06,68.7529,TOP
2019-12-12,2019-12-06,68.7529,TOP
2019-12-13,2019-12-06,68.7529,TOP
2019-12-16,2019-12-13,70.6620,TOP
2019-12-17,2019-12-13,70.6620,TOP
2019-12-18,2019-12-13,70.6620,TOP
2019-12-19,2019-12-13,70.6620,TOP
2019-12-20,2019-12-13,70.6620,TOP
2019-12-23,2019-12-20,74.1698,TOP
2019-12-24,2019-12-20,74.1698,TOP
2019-12-26,2019-12-20,74.1698,TOP
2019-12-27,2019-12-20,74.1698,TOP
2019-12-30,2019-12-27,75.7990,TOP
2019-12-31,2019-12-27,75.7990,TOP
2020-01-02,2019-12-27,75.7990,TOP
2020-01-03,2019-12-27,75.7990,TOP
2020-01-06,2020-01-03,76.1900,TOP
2020-01-07,2020-01-03,76.1900,TOP
2020-01-08,2020-01-03,76.1900,TOP
2020-01-09,2020-01-03,76.1900,TOP
2020-01-10,2020-01-03,76.1900,TOP
2020-01-13,2020-01-10,78.9238,TOP
2020-01-14,2020-01-10,78.9238,TOP
2020-01-15,2020-01-10,78.9238,TOP
2020-01-16,2020-01-10,78.9238,TOP
2020-01-17,2020-01-10,78.9238,TOP
2020-01-21,2020-01-17,81.5770,TOP
2020-01-22,2020-01-17,81.5770,TOP
2020-01-23,2020-01-17,81.5770,TOP
2020-01-24,2020-01-17,81.5770,TOP
2020-01-27,2020-01-24,80.0855,TOP
2020-01-28,2020-01-24,80.0855,TOP
2020-01-29,2020-01-24,80.0855,TOP
2020-01-30,2020-01-24,80.0855,TOP
2020-01-31,2020-01-24,80.0855,TOP
2020-02-03,2020-01-31,72.4685,TOP
2020-02-04,2020-01-31,72.4685,TOP
2020-02-05,2020-01-31,72.4685,TOP
2020-02-06,2020-01-31,72.4685,TOP
2020-02-07,2020-01-31,72.4685,TOP
2020-02-10,2020-02-07,78.5887,TOP
2020-02-11,2020-02-07,78.5887,TOP
2020-02-12,2020-02-07,78.5887,TOP
2020-02-13,2020-02-07,78.5887,TOP
2020-02-14,2020-02-07,78.5887,TOP
2020-02-18,2020-02-14,81.0278,TOP
2020-02-19,2020-02-14,81.0278,TOP
2020-02-20,2020-02-14,81.0278,TOP
2020-02-21,2020-02-14,81.0278,TOP
2020-02-24,2020-02-21,73.7589,TOP
2020-02-25,2020-02-21,73.7589,TOP
2020-02-26,2020-02-21,73.7589,TOP
2020-02-27,2020-02-21,73.7589,TOP
2020-02-28,2020-02-21,73.7589,TOP
2020-03-02,2020-02-28,47.8654,BOTTOM
2020-03-03,2020-02-28,47.8654,BOTTOM
2020-03-04,2020-02-28,47.8654,BOTTOM
2020-03-05,2020-02-28,47.8654,BOTTOM
2020-03-06,2020-02-28,47.8654,BOTTOM
2020-03-09,2020-03-06,49.5942,BOTTOM
2020-03-10,2020-03-06,49.5942,BOTTOM
2020-03-11,2020-03-06,49.5942,BOTTOM
2020-03-12,2020-03-06,49.5942,BOTTOM
2020-03-13,2020-03-06,49.5942,BOTTOM
2020-03-16,2020-03-13,39.6044,BOTTOM
2020-03-17,2020-03-13,39.6044,BOTTOM
2020-03-18,2020-03-13,39.6044,BOTTOM
2020-03-19,2020-03-13,39.6044,BOTTOM
2020-03-20,2020-03-13,39.6044,BOTTOM
2020-03-23,2020-03-20,30.4795,BOTTOM
2020-03-24,2020-03-20,30.4795,BOTTOM
2020-03-25,2020-03-20,30.4795,BOTTOM
2020-03-26,2020-03-20,30.4795,BOTTOM
2020-03-27,2020-03-20,30.4795,BOTTOM
2020-03-30,2020-03-27,40.6788,BOTTOM
2020-03-31,2020-03-27,40.6788,BOTTOM
2020-04-01,2020-03-27,40.6788,BOTTOM
2020-04-02,2020-03-27,40.6788,BOTTOM
2020-04-03,2020-03-27,40.6788,BOTTOM
2020-04-06,2020-04-03,39.8663,BOTTOM
2020-04-07,2020-04-03,39.8663,BOTTOM
2020-04-08,2020-04-03,39.8663,BOTTOM
2020-04-09,2020-04-03,39.8663,BOTTOM
2020-04-13,2020-04-09,49.6751,BOTTOM
2020-04-14,2020-04-09,49.6751,BOTTOM
2020-04-15,2020-04-09,49.6751,BOTTOM
2020-04-16,2020-04-09,49.6751,BOTTOM
2020-04-17,2020-04-09,49.6751,BOTTOM
2020-04-20,2020-04-17,56.0454,TOP
2020-04-21,2020-04-17,56.0454,TOP
2020-04-22,2020-04-17,56.0454,TOP
2020-04-23,2020-04-17,56.0454,TOP
2020-04-24,2020-04-17,56.0454,TOP
2020-04-27,2020-04-24,55.2881,TOP
2020-04-28,2020-04-24,55.2881,TOP
2020-04-29,2020-04-24,55.2881,TOP
2020-04-30,2020-04-24,55.2881,TOP
2020-05-01,2020-04-24,55.2881,TOP
2020-05-04,2020-05-01,54.6844,TOP
2020-05-05,2020-05-01,54.6844,TOP
2020-05-06,2020-05-01,54.6844,TOP
2020-05-07,2020-05-01,54.6844,TOP
2020-05-08,2020-05-01,54.6844,TOP
2020-05-11,2020-05-08,59.8823,TOP
2020-05-12,2020-05-08,59.8823,TOP
2020-05-13,2020-05-08,59.8823,TOP
2020-05-14,2020-05-08,59.8823,TOP
2020-05-15,2020-05-08,59.8823,TOP
2020-05-18,2020-05-15,58.9274,TOP
2020-05-19,2020-05-15,58.9274,TOP
2020-05-20,2020-05-15,58.9274,TOP
2020-05-21,2020-05-15,58.9274,TOP
2020-05-22,2020-05-15,58.9274,TOP
2020-05-26,2020-05-22,61.5791,TOP
2020-05-27,2020-05-22,61.5791,TOP
2020-05-28,2020-05-22,61.5791,TOP
2020-05-29,2020-05-22,61.5791,TOP
2020-06-01,2020-05-29,63.0661,TOP
2020-06-02,2020-05-29,63.0661,TOP
2020-06-03,2020-05-29,63.0661,TOP
2020-06-04,2020-05-29,63.0661,TOP
2020-06-05,2020-05-29,63.0661,TOP
2020-06-08,2020-06-05,65.5243,TOP
2020-06-09,2020-06-05,65.5243,TOP
2020-06-10,2020-06-05,65.5243,TOP
2020-06-11,2020-06-05,65.5243,TOP
2020-06-12,2020-06-05,65.5243,TOP
2020-06-15,2020-06-12,62.8143,TOP
2020-06-16,2020-06-12,62.8143,TOP
2020-06-17,2020-06-12,62.8143,TOP
2020-06-18,2020-06-12,62.8143,TOP
2020-06-19,2020-06-12,62.8143,TOP
2020-06-22,2020-06-19,66.1249,TOP
2020-06-23,2020-06-19,66.1249,TOP
2020-06-24,2020-06-19,66.1249,TOP
2020-06-25,2020-06-19,66.1249,TOP
2020-06-26,2020-06-19,66.1249,TOP
2020-06-29,2020-06-26,63.5015,TOP
2020-06-30,2020-06-26,63.5015,TOP
2020-07-01,2020-06-26,63.5015,TOP
2020-07-02,2020-06-26,63.5015,TOP
2020-07-06,2020-07-02,68.0461,TOP
2020-07-07,2020-07-02,68.0461,TOP
2020-07-08,2020-07-02,68.0461,TOP
2020-07-09,2020-07-02,68.0461,TOP
2020-07-10,2020-07-02,68.0461,TOP
2020-07-13,2020-07-10,71.7712,TOP
2020-07-14,2020-07-10,71.7712,TOP
2020-07-15,2020-07-10,71.7712,TOP
2020-07-16,2020-07-10,71.7712,TOP
2020-07-17,2020-07-10,71.7712,TOP
2020-07-20,2020-07-17,68.4519,TOP
2020-07-21,2020-07-17,68.4519,TOP
2020-07-22,2020-07-17,68.4519,TOP
2020-07-23,2020-07-17,68.4519,TOP
2020-07-24,2020-07-17,68.4519,TOP
2020-07-27,2020-07-24,65.6768,TOP
2020-07-28,2020-07-24,65.6768,TOP
2020-07-29,2020-07-24,65.6768,TOP
2020-07-30,2020-07-24,65.6768,TOP
2020-07-31,2020-07-24,65.6768,TOP
2020-08-03,2020-07-31,69.2364,TOP
2020-08-04,2020-07-31,69.2364,TOP
2020-08-05,2020-07-31,69.2364,TOP
2020-08-06,2020-07-31,69.2364,TOP
2020-08-07,2020-07-31,69.2364,TOP
2020-08-10,2020-08-07,71.0326,TOP
2020-08-11,2020-08-07,71.0326,TOP
2020-08-12,2020-08-07,71.0326,TOP
2020-08-13,2020-08-07,71.0326,TOP
2020-08-14,2020-08-07,71.0326,TOP
2020-08-17,2020-08-14,71.2523,TOP
2020-08-18,2020-08-14,71.2523,TOP
2020-08-19,2020-08-14,71.2523,TOP
2020-08-20,2020-08-14,71.2523,TOP
2020-08-21,2020-08-14,71.2523,TOP
2020-08-24,2020-08-21,74.2147,TOP
2020-08-25,2020-08-21,74.2147,TOP
2020-08-26,2020-08-21,74.2147,TOP
2020-08-27,2020-08-21,74.2147,TOP
2020-08-28,2020-08-21,74.2147,TOP
2020-08-31,2020-08-28,77.0151,TOP
2020-09-01,2020-08-28,77.0151,TOP
2020-09-02,2020-08-28,77.0151,TOP
2020-09-03,2020-08-28,77.0151,TOP
2020-09-04,2020-08-28,77.0151,TOP
2020-09-08,2020-09-04,70.1287,TOP
2020-09-09,2020-09-04,70.1287,TOP
2020-09-10,2020-09-04,70.1287,TOP
2020-09-11,2020-09-04,70.1287,TOP
2020-09-14,2020-09-11,61.4482,TOP
2020-09-15,2020-09-11,61.4482,TOP
2020-09-16,2020-09-11,61.4482,TOP
2020-09-17,2020-09-11,61.4482,TOP
2020-09-18,2020-09-11,61.4482,TOP
2020-09-21,2020-09-18,59.2932,TOP
2020-09-22,2020-09-18,59.2932,TOP
2020-09-23,2020-09-18,59.2932,TOP
2020-09-24,2020-09-18,59.2932,TOP
2020-09-25,2020-09-18,59.2932,TOP
2020-09-28,2020-09-25,61.2123,TOP
2020-09-29,2020-09-25,61.2123,TOP
2020-09-30,2020-09-25,61.2123,TOP
2020-10-01,2020-09-25,61.2123,TOP
2020-10-02,2020-09-25,61.2123,TOP
2020-10-05,2020-10-02,62.3337,TOP
2020-10-06,2020-10-02,62.3337,TOP
2020-10-07,2020-10-02,62.3337,TOP
2020-10-08,2020-10-02,62.3337,TOP
2020-10-09,2020-10-02,62.3337,TOP
2020-10-12,2020-10-09,66.6394,TOP
2020-10-13,2020-10-09,66.6394,TOP
2020-10-14,2020-10-09,66.6394,TOP
2020-10-15,2020-10-09,66.6394,TOP
2020-10-16,2020-10-09,66.6394,TOP
2020-10-19,2020-10-16,67.6185,TOP
2020-10-20,2020-10-16,67.6185,TOP
2020-10-21,2020-10-16,67.6185,TOP
2020-10-22,2020-10-16,67.6185,TOP
2020-10-23,2020-10-16,67.6185,TOP
2020-10-26,2020-10-23,64.8584,TOP
2020-10-27,2020-10-23,64.8584,TOP
2020-10-28,2020-10-23,64.8584,TOP
2020-10-29,2020-10-23,64.8584,TOP
2020-10-30,2020-10-23,64.8584,TOP
2020-11-02,2020-10-30,55.0067,TOP
2020-11-03,2020-10-30,55.0067,TOP
2020-11-04,2020-10-30,55.0067,TOP
2020-11-05,2020-10-30,55.0067,TOP
2020-11-06,2020-10-30,55.0067,TOP
2020-11-09,2020-11-06,64.5357,TOP
2020-11-10,2020-11-06,64.5357,TOP
2020-11-11,2020-11-06,64.5357,TOP
2020-11-12,2020-11-06,64.5357,TOP
2020-11-13,2020-11-06,64.5357,TOP
2020-11-16,2020-11-13,62.4579,TOP
2020-11-17,2020-11-13,62.4579,TOP
2020-11-18,2020-11-13,62.4579,TOP
2020-11-19,2020-11-13,62.4579,TOP
2020-11-20,2020-11-13,62.4579,TOP
2020-11-23,2020-11-20,62.1359,TOP
2020-11-24,2020-11-20,62.1359,TOP
2020-11-25,2020-11-20,62.1359,TOP
2020-11-27,2020-11-20,62.1359,TOP
2020-11-30,2020-11-27,65.1701,TOP
2020-12-01,2020-11-27,65.1701,TOP
2020-12-02,2020-11-27,65.1701,TOP
2020-12-03,2020-11-27,65.1701,TOP
2020-12-04,2020-11-27,65.1701,TOP
2020-12-07,2020-12-04,67.2989,TOP
2020-12-08,2020-12-04,67.2989,TOP
2020-12-09,2020-12-04,67.2989,TOP
2020-12-10,2020-12-04,67.2989,TOP
2020-12-11,2020-12-04,67.2989,TOP
2020-12-14,2020-12-11,64.8910,TOP
2020-12-15,2020-12-11,64.8910,TOP
2020-12-16,2020-12-11,64.8910,TOP
2020-12-17,2020-12-11,64.8910,TOP
2020-12-18,2020-12-11,64.8910,TOP
2020-12-21,2020-12-18,67.6771,TOP
2020-12-22,2020-12-18,67.6771,TOP
2020-12-23,2020-12-18,67.6771,TOP
2020-12-24,2020-12-18,67.6771,TOP
2020-12-28,2020-12-24,67.6977,TOP
2020-12-29,2020-12-24,67.6977,TOP
2020-12-30,2020-12-24,67.6977,TOP
2020-12-31,2020-12-24,67.6977,TOP
2021-01-04,2020-12-31,69.1452,TOP
2021-01-05,2020-12-31,69.1452,TOP
2021-01-06,2020-12-31,69.1452,TOP
2021-01-07,2020-12-31,69.1452,TOP
2021-01-08,2020-12-31,69.1452,TOP
2021-01-11,2021-01-08,70.9211,TOP
2021-01-12,2021-01-08,70.9211,TOP
2021-01-13,2021-01-08,70.9211,TOP
2021-01-14,2021-01-08,70.9211,TOP
2021-01-15,2021-01-08,70.9211,TOP
2021-01-19,2021-01-15,65.4245,TOP
2021-01-20,2021-01-15,65.4245,TOP
2021-01-21,2021-01-15,65.4245,TOP
2021-01-22,2021-01-15,65.4245,TOP
2021-01-25,2021-01-22,70.1382,TOP
2021-01-26,2021-01-22,70.1382,TOP
2021-01-27,2021-01-22,70.1382,TOP
2021-01-28,2021-01-22,70.1382,TOP
2021-01-29,2021-01-22,70.1382,TOP
2021-02-01,2021-01-29,62.7588,TOP
2021-02-02,2021-01-29,62.7588,TOP
2021-02-03,2021-01-29,62.7588,TOP
2021-02-04,2021-01-29,62.7588,TOP
2021-02-05,2021-01-29,62.7588,TOP
2021-02-08,2021-02-05,68.3128,TOP
2021-02-09,2021-02-05,68.3128,TOP
2021-02-10,2021-02-05,68.3128,TOP
2021-02-11,2021-02-05,68.3128,TOP
2021-02-12,2021-02-05,68.3128,TOP
2021-02-16,2021-02-12,69.7833,TOP
2021-02-17,2021-02-12,69.7833,TOP
2021-02-18,2021-02-12,69.7833,TOP
2021-02-19,2021-02-12,69.7833,TOP
2021-02-22,2021-02-19,66.2513,TOP
2021-02-23,2021-02-19,66.2513,TOP
2021-02-24,2021-02-19,66.2513,TOP
2021-02-25,2021-02-19,66.2513,TOP
2021-02-26,2021-02-19,66.2513,TOP
2021-03-01,2021-02-26,56.6523,TOP
2021-03-02,2021-02-26,56.6523,TOP
2021-03-03,2021-02-26,56.6523,TOP
2021-03-04,2021-02-26,56.6523,TOP
2021-03-05,2021-02-26,56.6523,TOP
2021-03-08,2021-03-05,53.9304,TOP
2021-03-09,2021-03-05,53.9304,TOP
2021-03-10,2021-03-05,53.9304,TOP
2021-03-11,2021-03-05,53.9304,TOP
2021-03-12,2021-03-05,53.9304,TOP
2021-03-15,2021-03-12,56.7117,TOP
2021-03-16,2021-03-12,56.7117,TOP
2021-03-17,2021-03-12,56.7117,TOP
2021-03-18,2021-03-12,56.7117,TOP
2021-03-19,2021-03-12,56.7117,TOP
2021-03-22,2021-03-19,55.4775,TOP
2021-03-23,2021-03-19,55.4775,TOP
2021-03-24,2021-03-19,55.4775,TOP
2021-03-25,2021-03-19,55.4775,TOP
2021-03-26,2021-03-19,55.4775,TOP
2021-03-29,2021-03-26,56.8966,TOP
2021-03-30,2021-03-26,56.8966,TOP
2021-03-31,2021-03-26,56.8966,TOP
2021-04-01,2021-03-26,56.8966,TOP
2021-04-05,2021-04-01,60.4693,TOP
2021-04-06,2021-04-01,60.4693,TOP
2021-04-07,2021-04-01,60.4693,TOP
2021-04-08,2021-04-01,60.4693,TOP
2021-04-09,2021-04-01,60.4693,TOP
2021-04-12,2021-04-09,65.0361,TOP
2021-04-13,2021-04-09,65.0361,TOP
2021-04-14,2021-04-09,65.0361,TOP
2021-04-15,2021-04-09,65.0361,TOP
2021-04-16,2021-04-09,65.0361,TOP
2021-04-19,2021-04-16,66.6570,TOP
2021-04-20,2021-04-16,66.6570,TOP
2021-04-21,2021-04-16,66.6570,TOP
2021-04-22,2021-04-16,66.6570,TOP
2021-04-23,2021-04-16,66.6570,TOP
2021-04-26,2021-04-23,64.9432,TOP
2021-04-27,2021-04-23,64.9432,TOP
2021-04-28,2021-04-23,64.9432,TOP
2021-04-29,2021-04-23,64.9432,TOP
2021-04-30,2021-04-23,64.9432,TOP
2021-05-03,2021-04-30,63.9653,TOP
2021-05-04,2021-04-30,63.9653,TOP
2021-05-05,2021-04-30,63.9653,TOP
2021-05-06,2021-04-30,63.9653,TOP
2021-05-07,2021-04-30,63.9653,TOP
2021-05-10,2021-05-07,61.3295,TOP
2021-05-11,2021-05-07,61.3295,TOP
2021-05-12,2021-05-07,61.3295,TOP
2021-05-13,2021-05-07,61.3295,TOP
2021-05-14,2021-05-07,61.3295,TOP
2021-05-17,2021-05-14,56.1912,TOP
2021-05-18,2021-05-14,56.1912,TOP
2021-05-19,2021-05-14,56.1912,TOP
2021-05-20,2021-05-14,56.1912,TOP
2021-05-21,2021-05-14,56.1912,TOP
2021-05-24,2021-05-21,56.5027,TOP
2021-05-25,2021-05-21,56.5027,TOP
2021-05-26,2021-05-21,56.5027,TOP
2021-05-27,2021-05-21,56.5027,TOP
2021-05-28,2021-05-21,56.5027,TOP
2021-06-01,2021-05-28,59.9282,TOP
2021-06-02,2021-05-28,59.9282,TOP
2021-06-03,2021-05-28,59.9282,TOP
2021-06-04,2021-05-28,59.9282,TOP
2021-06-07,2021-06-04,60.7319,TOP
2021-06-08,2021-06-04,60.7319,TOP
2021-06-09,2021-06-04,60.7319,TOP
2021-06-10,2021-06-04,60.7319,TOP
2021-06-11,2021-06-04,60.7319,TOP
2021-06-14,2021-06-11,63.4016,TOP
2021-06-15,2021-06-11,63.4016,TOP
2021-06-16,2021-06-11,63.4016,TOP
2021-06-17,2021-06-11,63.4016,TOP
2021-06-18,2021-06-11,63.4016,TOP
2021-06-21,2021-06-18,64.0503,TOP
2021-06-22,2021-06-18,64.0503,TOP
2021-06-23,2021-06-18,64.0503,TOP
2021-06-24,2021-06-18,64.0503,TOP
2021-06-25,2021-06-18,64.0503,TOP
2021-06-28,2021-06-25,67.2994,TOP
2021-06-29,2021-06-25,67.2994,TOP
2021-06-30,2021-06-25,67.2994,TOP
2021-07-01,2021-06-25,67.2994,TOP
2021-07-02,2021-06-25,67.2994,TOP
2021-07-06,2021-07-02,70.8975,TOP
2021-07-07,2021-07-02,70.8975,TOP
2021-07-08,2021-07-02,70.8975,TOP
2021-07-09,2021-07-02,70.8975,TOP
2021-07-12,2021-07-09,71.7613,TOP
2021-07-13,2021-07-09,71.7613,TOP
2021-07-14,2021-07-09,71.7613,TOP
2021-07-15,2021-07-09,71.7613,TOP
2021-07-16,2021-07-09,71.7613,TOP
2021-07-19,2021-07-16,68.6059,TOP
2021-07-20,2021-07-16,68.6059,TOP
2021-07-21,2021-07-16,68.6059,TOP
2021-07-22,2021-07-16,68.6059,TOP
2021-07-23,2021-07-16,68.6059,TOP
2021-07-26,2021-07-23,72.6342,TOP
2021-07-27,2021-07-23,72.6342,TOP
2021-07-28,2021-07-23,72.6342,TOP
2021-07-29,2021-07-23,72.6342,TOP
2021-07-30,2021-07-23,72.6342,TOP
2021-08-02,2021-07-30,69.3523,TOP
2021-08-03,2021-07-30,69.3523,TOP
2021-08-04,2021-07-30,69.3523,TOP
2021-08-05,2021-07-30,69.3523,TOP
2021-08-06,2021-07-30,69.3523,TOP
2021-08-09,2021-08-06,70.7183,TOP
2021-08-10,2021-08-06,70.7183,TOP
2021-08-11,2021-08-06,70.7183,TOP
2021-08-12,2021-08-06,70.7183,TOP
2021-08-13,2021-08-06,70.7183,TOP
2021-08-16,2021-08-13,71.0259,TOP
2021-08-17,2021-08-13,71.0259,TOP
2021-08-18,2021-08-13,71.0259,TOP
2021-08-19,2021-08-13,71.0259,TOP
2021-08-20,2021-08-13,71.0259,TOP
2021-08-23,2021-08-20,69.9060,TOP
2021-08-24,2021-08-20,69.9060,TOP
2021-08-25,2021-08-20,69.9060,TOP
2021-08-26,2021-08-20,69.9060,TOP
2021-08-27,2021-08-20,69.9060,TOP
2021-08-30,2021-08-27,73.3554,TOP
2021-08-31,2021-08-27,73.3554,TOP
2021-09-01,2021-08-27,73.3554,TOP
2021-09-02,2021-08-27,73.3554,TOP
2021-09-03,2021-08-27,73.3554,TOP
2021-09-07,2021-09-03,75.3779,TOP
2021-09-08,2021-09-03,75.3779,TOP
2021-09-09,2021-09-03,75.3779,TOP
2021-09-10,2021-09-03,75.3779,TOP
2021-09-13,2021-09-10,70.2093,TOP
2021-09-14,2021-09-10,70.2093,TOP
2021-09-15,2021-09-10,70.2093,TOP
2021-09-16,2021-09-10,70.2093,TOP
2021-09-17,2021-09-10,70.2093,TOP
2021-09-20,2021-09-17,67.4491,TOP
2021-09-21,2021-09-17,67.4491,TOP
2021-09-22,2021-09-17,67.4491,TOP
2021-09-23,2021-09-17,67.4491,TOP
2021-09-24,2021-09-17,67.4491,TOP
2021-09-27,2021-09-24,67.3601,TOP
2021-09-28,2021-09-24,67.3601,TOP
2021-09-29,2021-09-24,67.3601,TOP
2021-09-30,2021-09-24,67.3601,TOP
2021-10-01,2021-09-24,67.3601,TOP
2021-10-04,2021-10-01,55.3403,TOP
2021-10-05,2021-10-01,55.3403,TOP
2021-10-06,2021-10-01,55.3403,TOP
2021-10-07,2021-10-01,55.3403,TOP
2021-10-08,2021-10-01,55.3403,TOP
2021-10-11,2021-10-08,55.9708,TOP
2021-10-12,2021-10-08,55.9708,TOP
2021-10-13,2021-10-08,55.9708,TOP
2021-10-14,2021-10-08,55.9708,TOP
2021-10-15,2021-10-08,55.9708,TOP
2021-10-18,2021-10-15,60.7132,TOP
2021-10-19,2021-10-15,60.7132,TOP
2021-10-20,2021-10-15,60.7132,TOP
2021-10-21,2021-10-15,60.7132,TOP
2021-10-22,2021-10-15,60.7132,TOP
2021-10-25,2021-10-22,63.5196,TOP
2021-10-26,2021-10-22,63.5196,TOP
2021-10-27,2021-10-22,63.5196,TOP
2021-10-28,2021-10-22,63.5196,TOP
2021-10-29,2021-10-22,63.5196,TOP
2021-11-01,2021-10-29,69.0598,TOP
2021-11-02,2021-10-29,69.0598,TOP
2021-11-03,2021-10-29,69.0598,TOP
2021-11-04,2021-10-29,69.0598,TOP
2021-11-05,2021-10-29,69.0598,TOP
2021-11-08,2021-11-05,73.5572,TOP
2021-11-09,2021-11-05,73.5572,TOP
2021-11-10,2021-11-05,73.5572,TOP
2021-11-11,2021-11-05,73.5572,TOP
2021-11-12,2021-11-05,73.5572,TOP
2021-11-15,2021-11-12,70.1293,TOP
2021-11-16,2021-11-12,70.1293,TOP
2021-11-17,2021-11-12,70.1293,TOP
2021-11-18,2021-11-12,70.1293,TOP
2021-11-19,2021-11-12,70.1293,TOP
2021-11-22,2021-11-19,73.3189,TOP
2021-11-23,2021-11-19,73.3189,TOP
2021-11-24,2021-11-19,73.3189,TOP
2021-11-26,2021-11-19,73.3189,TOP
2021-11-29,2021-11-26,63.2976,TOP
2021-11-30,2021-11-26,63.2976,TOP
2021-12-01,2021-11-26,63.2976,TOP
2021-12-02,2021-11-26,63.2976,TOP
2021-12-03,2021-11-26,63.2976,TOP
2021-12-06,2021-12-03,57.9184,TOP
2021-12-07,2021-12-03,57.9184,TOP
2021-12-08,2021-12-03,57.9184,TOP
2021-12-09,2021-12-03,57.9184,TOP
2021-12-10,2021-12-03,57.9184,TOP
2021-12-13,2021-12-10,63.9944,TOP
2021-12-14,2021-12-10,63.9944,TOP
2021-12-15,2021-12-10,63.9944,TOP
2021-12-16,2021-12-10,63.9944,TOP
2021-12-17,2021-12-10,63.9944,TOP
2021-12-20,2021-12-17,56.2889,TOP
2021-12-21,2021-12-17,56.2889,TOP
2021-12-22,2021-12-17,56.2889,TOP
2021-12-23,2021-12-17,56.2889,TOP
2021-12-27,2021-12-23,61.1077,TOP
2021-12-28,2021-12-23,61.1077,TOP
2021-12-29,2021-12-23,61.1077,TOP
2021-12-30,2021-12-23,61.1077,TOP
2021-12-31,2021-12-23,61.1077,TOP
2022-01-03,2021-12-31,61.4481,TOP
2022-01-04,2021-12-31,61.4481,TOP
2022-01-05,2021-12-31,61.4481,TOP
2022-01-06,2021-12-31,61.4481,TOP
2022-01-07,2021-12-31,61.4481,TOP
2022-01-10,2022-01-07,51.9698,TOP
2022-01-11,2022-01-07,51.9698,TOP
2022-01-12,2022-01-07,51.9698,TOP
2022-01-13,2022-01-07,51.9698,TOP
2022-01-14,2022-01-07,51.9698,TOP
2022-01-18,2022-01-14,52.0363,TOP
2022-01-19,2022-01-14,52.0363,TOP
2022-01-20,2022-01-14,52.0363,TOP
2022-01-21,2022-01-14,52.0363,TOP
2022-01-24,2022-01-21,40.6146,BOTTOM
2022-01-25,2022-01-21,40.6146,BOTTOM
2022-01-26,2022-01-21,40.6146,BOTTOM
2022-01-27,2022-01-21,40.6146,BOTTOM
2022-01-28,2022-01-21,40.6146,BOTTOM
2022-01-31,2022-01-28,40.6690,BOTTOM
2022-02-01,2022-01-28,40.6690,BOTTOM
2022-02-02,2022-01-28,40.6690,BOTTOM
2022-02-03,2022-01-28,40.6690,BOTTOM
2022-02-04,2022-01-28,40.6690,BOTTOM
2022-02-07,2022-02-04,43.8031,BOTTOM
2022-02-08,2022-02-04,43.8031,BOTTOM
2022-02-09,2022-02-04,43.8031,BOTTOM
2022-02-10,2022-02-04,43.8031,BOTTOM
2022-02-11,2022-02-04,43.8031,BOTTOM
2022-02-14,2022-02-11,39.8099,BOTTOM
2022-02-15,2022-02-11,39.8099,BOTTOM
2022-02-16,2022-02-11,39.8099,BOTTOM
2022-02-17,2022-02-11,39.8099,BOTTOM
2022-02-18,2022-02-11,39.8099,BOTTOM
2022-02-22,2022-02-18,37.9228,BOTTOM
2022-02-23,2022-02-18,37.9228,BOTTOM
2022-02-24,2022-02-18,37.9228,BOTTOM
2022-02-25,2022-02-18,37.9228,BOTTOM
2022-02-28,2022-02-25,40.2635,BOTTOM
2022-03-01,2022-02-25,40.2635,BOTTOM
2022-03-02,2022-02-25,40.2635,BOTTOM
2022-03-03,2022-02-25,40.2635,BOTTOM
2022-03-04,2022-02-25,40.2635,BOTTOM
2022-03-07,2022-03-04,37.2557,BOTTOM
2022-03-08,2022-03-04,37.2557,BOTTOM
2022-03-09,2022-03-04,37.2557,BOTTOM
2022-03-10,2022-03-04,37.2557,BOTTOM
2022-03-11,2022-03-04,37.2557,BOTTOM
2022-03-14,2022-03-11,33.1891,BOTTOM
2022-03-15,2022-03-11,33.1891,BOTTOM
2022-03-16,2022-03-11,33.1891,BOTTOM
2022-03-17,2022-03-11,33.1891,BOTTOM
2022-03-18,2022-03-11,33.1891,BOTTOM
2022-03-21,2022-03-18,46.4164,BOTTOM
2022-03-22,2022-03-18,46.4164,BOTTOM
2022-03-23,2022-03-18,46.4164,BOTTOM
2022-03-24,2022-03-18,46.4164,BOTTOM
2022-03-25,2022-03-18,46.4164,BOTTOM
2022-03-28,2022-03-25,49.7037,BOTTOM
2022-03-29,2022-03-25,49.7037,BOTTOM
2022-03-30,2022-03-25,49.7037,BOTTOM
2022-03-31,2022-03-25,49.7037,BOTTOM
2022-04-01,2022-03-25,49.7037,BOTTOM
2022-04-04,2022-04-01,50.6857,TOP
2022-04-05,2022-04-01,50.6857,TOP
2022-04-06,2022-04-01,50.6857,TOP
2022-04-07,2022-04-01,50.6857,TOP
2022-04-08,2022-04-01,50.6857,TOP
2022-04-11,2022-04-08,45.7940,BOTTOM
2022-04-12,2022-04-08,45.7940,BOTTOM
2022-04-13,2022-04-08,45.7940,BOTTOM
2022-04-14,2022-04-08,45.7940,BOTTOM
2022-04-18,2022-04-14,42.1005,BOTTOM
2022-04-19,2022-04-14,42.1005,BOTTOM
2022-04-20,2022-04-14,42.1005,BOTTOM
2022-04-21,2022-04-14,42.1005,BOTTOM
2022-04-22,2022-04-14,42.1005,BOTTOM
2022-04-25,2022-04-22,38.0802,BOTTOM
2022-04-26,2022-04-22,38.0802,BOTTOM
2022-04-27,2022-04-22,38.0802,BOTTOM
2022-04-28,2022-04-22,38.0802,BOTTOM
2022-04-29,2022-04-22,38.0802,BOTTOM
2022-05-02,2022-04-29,34.7481,BOTTOM
2022-05-03,2022-04-29,34.7481,BOTTOM
2022-05-04,2022-04-29,34.7481,BOTTOM
2022-05-05,2022-04-29,34.7481,BOTTOM
2022-05-06,2022-04-29,34.7481,BOTTOM
2022-05-09,2022-05-06,33.7026,BOTTOM
2022-05-10,2022-05-06,33.7026,BOTTOM
2022-05-11,2022-05-06,33.7026,BOTTOM
2022-05-12,2022-05-06,33.7026,BOTTOM
2022-05-13,2022-05-06,33.7026,BOTTOM
2022-05-16,2022-05-13,31.8183,BOTTOM
2022-05-17,2022-05-13,31.8183,BOTTOM
2022-05-18,2022-05-13,31.8183,BOTTOM
2022-05-19,2022-05-13,31.8183,BOTTOM
2022-05-20,2022-05-13,31.8183,BOTTOM
2022-05-23,2022-05-20,28.6854,BOTTOM
2022-05-24,2022-05-20,28.6854,BOTTOM
2022-05-25,2022-05-20,28.6854,BOTTOM
2022-05-26,2022-05-20,28.6854,BOTTOM
2022-05-27,2022-05-20,28.6854,BOTTOM
2022-05-31,2022-05-27,38.6960,BOTTOM
2022-06-01,2022-05-27,38.6960,BOTTOM
2022-06-02,2022-05-27,38.6960,BOTTOM
2022-06-03,2022-05-27,38.6960,BOTTOM
2022-06-06,2022-06-03,37.8826,BOTTOM
2022-06-07,2022-06-03,37.8826,BOTTOM
2022-06-08,2022-06-03,37.8826,BOTTOM
2022-06-09,2022-06-03,37.8826,BOTTOM
2022-06-10,2022-06-03,37.8826,BOTTOM
2022-06-13,2022-06-10,33.3623,BOTTOM
2022-06-14,2022-06-10,33.3623,BOTTOM
2022-06-15,2022-06-10,33.3623,BOTTOM
2022-06-16,2022-06-10,33.3623,BOTTOM
2022-06-17,2022-06-10,33.3623,BOTTOM
2022-06-21,2022-06-17,30.1992,BOTTOM
2022-06-22,2022-06-17,30.1992,BOTTOM
2022-06-23,2022-06-17,30.1992,BOTTOM
2022-06-24,2022-06-17,30.1992,BOTTOM
2022-06-27,2022-06-24,39.1887,BOTTOM
2022-06-28,2022-06-24,39.1887,BOTTOM
2022-06-29,2022-06-24,39.1887,BOTTOM
2022-06-30,2022-06-24,39.1887,BOTTOM
2022-07-01,2022-06-24,39.1887,BOTTOM
2022-07-05,2022-07-01,36.1301,BOTTOM
2022-07-06,2022-07-01,36.1301,BOTTOM
2022-07-07,2022-07-01,36.1301,BOTTOM
2022-07-08,2022-07-01,36.1301,BOTTOM
2022-07-11,2022-07-08,41.3519,BOTTOM
2022-07-12,2022-07-08,41.3519,BOTTOM
2022-07-13,2022-07-08,41.3519,BOTTOM
2022-07-14,2022-07-08,41.3519,BOTTOM
2022-07-15,2022-07-08,41.3519,BOTTOM
2022-07-18,2022-07-15,40.4152,BOTTOM
2022-07-19,2022-07-15,40.4152,BOTTOM
2022-07-20,2022-07-15,40.4152,BOTTOM
2022-07-21,2022-07-15,40.4152,BOTTOM
2022-07-22,2022-07-15,40.4152,BOTTOM
2022-07-25,2022-07-22,44.3621,BOTTOM
2022-07-26,2022-07-22,44.3621,BOTTOM
2022-07-27,2022-07-22,44.3621,BOTTOM
2022-07-28,2022-07-22,44.3621,BOTTOM
2022-07-29,2022-07-22,44.3621,BOTTOM
2022-08-01,2022-07-29,49.1868,BOTTOM
2022-08-02,2022-07-29,49.1868,BOTTOM
2022-08-03,2022-07-29,49.1868,BOTTOM
2022-08-04,2022-07-29,49.1868,BOTTOM
2022-08-05,2022-07-29,49.1868,BOTTOM
2022-08-08,2022-08-05,51.3100,TOP
2022-08-09,2022-08-05,51.3100,TOP
2022-08-10,2022-08-05,51.3100,TOP
2022-08-11,2022-08-05,51.3100,TOP
2022-08-12,2022-08-05,51.3100,TOP
2022-08-15,2022-08-12,54.1445,TOP
2022-08-16,2022-08-12,54.1445,TOP
2022-08-17,2022-08-12,54.1445,TOP
2022-08-18,2022-08-12,54.1445,TOP
2022-08-19,2022-08-12,54.1445,TOP
2022-08-22,2022-08-19,51.3394,TOP
2022-08-23,2022-08-19,51.3394,TOP
2022-08-24,2022-08-19,51.3394,TOP
2022-08-25,2022-08-19,51.3394,TOP
2022-08-26,2022-08-19,51.3394,TOP
2022-08-29,2022-08-26,46.0752,BOTTOM
2022-08-30,2022-08-26,46.0752,BOTTOM
2022-08-31,2022-08-26,46.0752,BOTTOM
2022-09-01,2022-08-26,46.0752,BOTTOM
2022-09-02,2022-08-26,46.0752,BOTTOM
2022-09-06,2022-09-02,42.3537,BOTTOM
2022-09-07,2022-09-02,42.3537,BOTTOM
2022-09-08,2022-09-02,42.3537,BOTTOM
2022-09-09,2022-09-02,42.3537,BOTTOM
2022-09-12,2022-09-09,46.8454,BOTTOM
2022-09-13,2022-09-09,46.8454,BOTTOM
2022-09-14,2022-09-09,46.8454,BOTTOM
2022-09-15,2022-09-09,46.8454,BOTTOM
2022-09-16,2022-09-09,46.8454,BOTTOM
2022-09-19,2022-09-16,41.6369,BOTTOM
2022-09-20,2022-09-16,41.6369,BOTTOM
2022-09-21,2022-09-16,41.6369,BOTTOM
2022-09-22,2022-09-16,41.6369,BOTTOM
2022-09-23,2022-09-16,41.6369,BOTTOM
2022-09-26,2022-09-23,38.2089,BOTTOM
2022-09-27,2022-09-23,38.2089,BOTTOM
2022-09-28,2022-09-23,38.2089,BOTTOM
2022-09-29,2022-09-23,38.2089,BOTTOM
2022-09-30,2022-09-23,38.2089,BOTTOM
2022-10-03,2022-09-30,36.2157,BOTTOM
2022-10-04,2022-09-30,36.2157,BOTTOM
2022-10-05,2022-09-30,36.2157,BOTTOM
2022-10-06,2022-09-30,36.2157,BOTTOM
2022-10-07,2022-09-30,36.2157,BOTTOM
2022-10-10,2022-10-07,37.0050,BOTTOM
2022-10-11,2022-10-07,37.0050,BOTTOM
2022-10-12,2022-10-07,37.0050,BOTTOM
2022-10-13,2022-10-07,37.0050,BOTTOM
2022-10-14,2022-10-07,37.0050,BOTTOM
2022-10-17,2022-10-14,34.8924,BOTTOM
2022-10-18,2022-10-14,34.8924,BOTTOM
2022-10-19,2022-10-14,34.8924,BOTTOM
2022-10-20,2022-10-14,34.8924,BOTTOM
2022-10-21,2022-10-14,34.8924,BOTTOM
2022-10-24,2022-10-21,41.2366,BOTTOM
2022-10-25,2022-10-21,41.2366,BOTTOM
2022-10-26,2022-10-21,41.2366,BOTTOM
2022-10-27,2022-10-21,41.2366,BOTTOM
2022-10-28,2022-10-21,41.2366,BOTTOM
2022-10-31,2022-10-28,43.5759,BOTTOM
2022-11-01,2022-10-28,43.5759,BOTTOM
2022-11-02,2022-10-28,43.5759,BOTTOM
2022-11-03,2022-10-28,43.5759,BOTTOM
2022-11-04,2022-10-28,43.5759,BOTTOM
2022-11-07,2022-11-04,38.8287,BOTTOM
2022-11-08,2022-11-04,38.8287,BOTTOM
2022-11-09,2022-11-04,38.8287,BOTTOM
2022-11-10,2022-11-04,38.8287,BOTTOM
2022-11-11,2022-11-04,38.8287,BOTTOM
2022-11-14,2022-11-11,47.4982,BOTTOM
2022-11-15,2022-11-11,47.4982,BOTTOM
2022-11-16,2022-11-11,47.4982,BOTTOM
2022-11-17,2022-11-11,47.4982,BOTTOM
2022-11-18,2022-11-11,47.4982,BOTTOM
2022-11-21,2022-11-18,46.5401,BOTTOM
2022-11-22,2022-11-18,46.5401,BOTTOM
2022-11-23,2022-11-18,46.5401,BOTTOM
2022-11-25,2022-11-18,46.5401,BOTTOM
2022-11-28,2022-11-25,47.3056,BOTTOM
2022-11-29,2022-11-25,47.3056,BOTTOM
2022-11-30,2022-11-25,47.3056,BOTTOM
2022-12-01,2022-11-25,47.3056,BOTTOM
2022-12-02,2022-11-25,47.3056,BOTTOM
2022-12-05,2022-12-02,49.3977,BOTTOM
2022-12-06,2022-12-02,49.3977,BOTTOM
2022-12-07,2022-12-02,49.3977,BOTTOM
2022-12-08,2022-12-02,49.3977,BOTTOM
2022-12-09,2022-12-02,49.3977,BOTTOM
2022-12-12,2022-12-09,45.7464,BOTTOM
2022-12-13,2022-12-09,45.7464,BOTTOM
2022-12-14,2022-12-09,45.7464,BOTTOM
2022-12-15,2022-12-09,45.7464,BOTTOM
2022-12-16,2022-12-09,45.7464,BOTTOM
2022-12-19,2022-12-16,43.1977,BOTTOM
2022-12-20,2022-12-16,43.1977,BOTTOM
2022-12-21,2022-12-16,43.1977,BOTTOM
2022-12-22,2022-12-16,43.1977,BOTTOM
2022-12-23,2022-12-16,43.1977,BOTTOM
2022-12-27,2022-12-23,41.2137,BOTTOM
2022-12-28,2022-12-23,41.2137,BOTTOM
2022-12-29,2022-12-23,41.2137,BOTTOM
2022-12-30,2022-12-23,41.2137,BOTTOM
2023-01-03,2022-12-30,40.8636,BOTTOM
2023-01-04,2022-12-30,40.8636,BOTTOM
2023-01-05,2022-12-30,40.8636,BOTTOM
2023-01-06,2022-12-30,40.8636,BOTTOM
2023-01-09,2023-01-06,42.0995,BOTTOM
2023-01-10,2023-01-06,42.0995,BOTTOM
2023-01-11,2023-01-06,42.0995,BOTTOM
2023-01-12,2023-01-06,42.0995,BOTTOM
2023-01-13,2023-01-06,42.0995,BOTTOM
2023-01-17,2023-01-13,47.7759,BOTTOM
2023-01-18,2023-01-13,47.7759,BOTTOM
2023-01-19,2023-01-13,47.7759,BOTTOM
2023-01-20,2023-01-13,47.7759,BOTTOM
2023-01-23,2023-01-20,48.5393,BOTTOM
2023-01-24,2023-01-20,48.5393,BOTTOM
2023-01-25,2023-01-20,48.5393,BOTTOM
2023-01-26,2023-01-20,48.5393,BOTTOM
2023-01-27,2023-01-20,48.5393,BOTTOM
2023-01-30,2023-01-27,54.2579,TOP
2023-01-31,2023-01-27,54.2579,TOP
2023-02-01,2023-01-27,54.2579,TOP
2023-02-02,2023-01-27,54.2579,TOP
2023-02-03,2023-01-27,54.2579,TOP
2023-02-06,2023-02-03,57.9352,TOP
2023-02-07,2023-02-03,57.9352,TOP
2023-02-08,2023-02-03,57.9352,TOP
2023-02-09,2023-02-03,57.9352,TOP
2023-02-10,2023-02-03,57.9352,TOP
2023-02-13,2023-02-10,54.8342,TOP
2023-02-14,2023-02-10,54.8342,TOP
2023-02-15,2023-02-10,54.8342,TOP
2023-02-16,2023-02-10,54.8342,TOP
2023-02-17,2023-02-10,54.8342,TOP
2023-02-21,2023-02-17,55.4132,TOP
2023-02-22,2023-02-17,55.4132,TOP
2023-02-23,2023-02-17,55.4132,TOP
2023-02-24,2023-02-17,55.4132,TOP
2023-02-27,2023-02-24,50.9291,TOP
2023-02-28,2023-02-24,50.9291,TOP
2023-03-01,2023-02-24,50.9291,TOP
2023-03-02,2023-02-24,50.9291,TOP
2023-03-03,2023-02-24,50.9291,TOP
2023-03-06,2023-03-03,54.2801,TOP
2023-03-07,2023-03-03,54.2801,TOP
2023-03-08,2023-03-03,54.2801,TOP
2023-03-09,2023-03-03,54.2801,TOP
2023-03-10,2023-03-03,54.2801,TOP
2023-03-13,2023-03-10,49.1429,BOTTOM
2023-03-14,2023-03-10,49.1429,BOTTOM
2023-03-15,2023-03-10,49.1429,BOTTOM
2023-03-16,2023-03-10,49.1429,BOTTOM
2023-03-17,2023-03-10,49.1429,BOTTOM
2023-03-20,2023-03-17,55.9273,TOP
2023-03-21,2023-03-17,55.9273,TOP
2023-03-22,2023-03-17,55.9273,TOP
2023-03-23,2023-03-17,55.9273,TOP
2023-03-24,2023-03-17,55.9273,TOP
2023-03-27,2023-03-24,58.0808,TOP
2023-03-28,2023-03-24,58.0808,TOP
2023-03-29,2023-03-24,58.0808,TOP
2023-03-30,2023-03-24,58.0808,TOP
2023-03-31,2023-03-24,58.0808,TOP
2023-04-03,2023-03-31,61.4722,TOP
2023-04-04,2023-03-31,61.4722,TOP
2023-04-05,2023-03-31,61.4722,TOP
2023-04-06,2023-03-31,61.4722,TOP
2023-04-10,2023-04-06,59.9733,TOP
2023-04-11,2023-04-06,59.9733,TOP
2023-04-12,2023-04-06,59.9733,TOP
2023-04-13,2023-04-06,59.9733,TOP
2023-04-14,2023-04-06,59.9733,TOP
2023-04-17,2023-04-14,60.1622,TOP
2023-04-18,2023-04-14,60.1622,TOP
2023-04-19,2023-04-14,60.1622,TOP
2023-04-20,2023-04-14,60.1622,TOP
2023-04-21,2023-04-14,60.1622,TOP
2023-04-24,2023-04-21,59.0315,TOP
2023-04-25,2023-04-21,59.0315,TOP
2023-04-26,2023-04-21,59.0315,TOP
2023-04-27,2023-04-21,59.0315,TOP
2023-04-28,2023-04-21,59.0315,TOP
2023-05-01,2023-04-28,61.4031,TOP
2023-05-02,2023-04-28,61.4031,TOP
2023-05-03,2023-04-28,61.4031,TOP
2023-05-04,2023-04-28,61.4031,TOP
2023-05-05,2023-04-28,61.4031,TOP
2023-05-08,2023-05-05,61.5360,TOP
2023-05-09,2023-05-05,61.5360,TOP
2023-05-10,2023-05-05,61.5360,TOP
2023-05-11,2023-05-05,61.5360,TOP
2023-05-12,2023-05-05,61.5360,TOP
2023-05-15,2023-05-12,62.4398,TOP
2023-05-16,2023-05-12,62.4398,TOP
2023-05-17,2023-05-12,62.4398,TOP
2023-05-18,2023-05-12,62.4398,TOP
2023-05-19,2023-05-12,62.4398,TOP
2023-05-22,2023-05-19,66.9291,TOP
2023-05-23,2023-05-19,66.9291,TOP
2023-05-24,2023-05-19,66.9291,TOP
2023-05-25,2023-05-19,66.9291,TOP
2023-05-26,2023-05-19,66.9291,TOP
2023-05-30,2023-05-26,70.8193,TOP
2023-05-31,2023-05-26,70.8193,TOP
2023-06-01,2023-05-26,70.8193,TOP
2023-06-02,2023-05-26,70.8193,TOP
2023-06-05,2023-06-02,72.6411,TOP
2023-06-06,2023-06-02,72.6411,TOP
2023-06-07,2023-06-02,72.6411,TOP
2023-06-08,2023-06-02,72.6411,TOP
2023-06-09,2023-06-02,72.6411,TOP
2023-06-12,2023-06-09,72.5241,TOP
2023-06-13,2023-06-09,72.5241,TOP
2023-06-14,2023-06-09,72.5241,TOP
2023-06-15,2023-06-09,72.5241,TOP
2023-06-16,2023-06-09,72.5241,TOP
2023-06-20,2023-06-16,76.2183,TOP
2023-06-21,2023-06-16,76.2183,TOP
2023-06-22,2023-06-16,76.2183,TOP
2023-06-23,2023-06-16,76.2183,TOP
2023-06-26,2023-06-23,72.3992,TOP
2023-06-27,2023-06-23,72.3992,TOP
2023-06-28,2023-06-23,72.3992,TOP
2023-06-29,2023-06-23,72.3992,TOP
2023-06-30,2023-06-23,72.3992,TOP
2023-07-03,2023-06-30,74.3483,TOP
2023-07-05,2023-06-30,74.3483,TOP
2023-07-06,2023-06-30,74.3483,TOP
2023-07-07,2023-06-30,74.3483,TOP
2023-07-10,2023-07-07,71.8236,TOP
2023-07-11,2023-07-07,71.8236,TOP
2023-07-12,2023-07-07,71.8236,TOP
2023-07-13,2023-07-07,71.8236,TOP
2023-07-14,2023-07-07,71.8236,TOP
2023-07-17,2023-07-14,75.4463,TOP
2023-07-18,2023-07-14,75.4463,TOP
2023-07-19,2023-07-14,75.4463,TOP
2023-07-20,2023-07-14,75.4463,TOP
2023-07-21,2023-07-14,75.4463,TOP
2023-07-24,2023-07-21,72.7457,TOP
2023-07-25,2023-07-21,72.7457,TOP
2023-07-26,2023-07-21,72.7457,TOP
2023-07-27,2023-07-21,72.7457,TOP
2023-07-28,2023-07-21,72.7457,TOP
2023-07-31,2023-07-28,74.9494,TOP
2023-08-01,2023-07-28,74.9494,TOP
2023-08-02,2023-07-28,74.9494,TOP
2023-08-03,2023-07-28,74.9494,TOP
2023-08-04,2023-07-28,74.9494,TOP
2023-08-07,2023-08-04,66.5095,TOP
2023-08-08,2023-08-04,66.5095,TOP
2023-08-09,2023-08-04,66.5095,TOP
2023-08-10,2023-08-04,66.5095,TOP
2023-08-11,2023-08-04,66.5095,TOP
2023-08-14,2023-08-11,62.6571,TOP
2023-08-15,2023-08-11,62.6571,TOP
2023-08-16,2023-08-11,62.6571,TOP
2023-08-17,2023-08-11,62.6571,TOP
2023-08-18,2023-08-11,62.6571,TOP
2023-08-21,2023-08-18,57.6305,TOP
2023-08-22,2023-08-18,57.6305,TOP
2023-08-23,2023-08-18,57.6305,TOP
2023-08-24,2023-08-18,57.6305,TOP
2023-08-25,2023-08-18,57.6305,TOP
2023-08-28,2023-08-25,60.1320,TOP
2023-08-29,2023-08-25,60.1320,TOP
2023-08-30,2023-08-25,60.1320,TOP
2023-08-31,2023-08-25,60.1320,TOP
2023-09-01,2023-08-25,60.1320,TOP
2023-09-05,2023-09-01,65.2260,TOP
2023-09-06,2023-09-01,65.2260,TOP
2023-09-07,2023-09-01,65.2260,TOP
2023-09-08,2023-09-01,65.2260,TOP
2023-09-11,2023-09-08,62.0726,TOP
2023-09-12,2023-09-08,62.0726,TOP
2023-09-13,2023-09-08,62.0726,TOP
2023-09-14,2023-09-08,62.0726,TOP
2023-09-15,2023-09-08,62.0726,TOP
2023-09-18,2023-09-15,60.9515,TOP
2023-09-19,2023-09-15,60.9515,TOP
2023-09-20,2023-09-15,60.9515,TOP
2023-09-21,2023-09-15,60.9515,TOP
2023-09-22,2023-09-15,60.9515,TOP
2023-09-25,2023-09-22,53.6513,TOP
2023-09-26,2023-09-22,53.6513,TOP
2023-09-27,2023-09-22,53.6513,TOP
2023-09-28,2023-09-22,53.6513,TOP
2023-09-29,2023-09-22,53.6513,TOP
2023-10-02,2023-09-29,53.8247,TOP
2023-10-03,2023-09-29,53.8247,TOP
2023-10-04,2023-09-29,53.8247,TOP
2023-10-05,2023-09-29,53.8247,TOP
2023-10-06,2023-09-29,53.8247,TOP
2023-10-09,2023-10-06,56.9248,TOP
2023-10-10,2023-10-06,56.9248,TOP
2023-10-11,2023-10-06,56.9248,TOP
2023-10-12,2023-10-06,56.9248,TOP
2023-10-13,2023-10-06,56.9248,TOP
2023-10-16,2023-10-13,57.2039,TOP
2023-10-17,2023-10-13,57.2039,TOP
2023-10-18,2023-10-13,57.2039,TOP
2023-10-19,2023-10-13,57.2039,TOP
2023-10-20,2023-10-13,57.2039,TOP
2023-10-23,2023-10-20,50.6906,TOP
2023-10-24,2023-10-20,50.6906,TOP
2023-10-25,2023-10-20,50.6906,TOP
2023-10-26,2023-10-20,50.6906,TOP
2023-10-27,2023-10-20,50.6906,TOP
2023-10-30,2023-10-27,45.8050,BOTTOM
2023-10-31,2023-10-27,45.8050,BOTTOM
2023-11-01,2023-10-27,45.8050,BOTTOM
2023-11-02,2023-10-27,45.8050,BOTTOM
2023-11-03,2023-10-27,45.8050,BOTTOM
2023-11-06,2023-11-03,56.6533,TOP
2023-11-07,2023-11-03,56.6533,TOP
2023-11-08,2023-11-03,56.6533,TOP
2023-11-09,2023-11-03,56.6533,TOP
2023-11-10,2023-11-03,56.6533,TOP
2023-11-13,2023-11-10,60.6933,TOP
2023-11-14,2023-11-10,60.6933,TOP
2023-11-15,2023-11-10,60.6933,TOP
2023-11-16,2023-11-10,60.6933,TOP
2023-11-17,2023-11-10,60.6933,TOP
2023-11-20,2023-11-17,63.3297,TOP
2023-11-21,2023-11-17,63.3297,TOP
2023-11-22,2023-11-17,63.3297,TOP
2023-11-24,2023-11-17,63.3297,TOP
2023-11-27,2023-11-24,64.4930,TOP
2023-11-28,2023-11-24,64.4930,TOP
2023-11-29,2023-11-24,64.4930,TOP
2023-11-30,2023-11-24,64.4930,TOP
2023-12-01,2023-11-24,64.4930,TOP
2023-12-04,2023-12-01,64.6427,TOP
2023-12-05,2023-12-01,64.6427,TOP
2023-12-06,2023-12-01,64.6427,TOP
2023-12-07,2023-12-01,64.6427,TOP
2023-12-08,2023-12-01,64.6427,TOP
2023-12-11,2023-12-08,65.4561,TOP
2023-12-12,2023-12-08,65.4561,TOP
2023-12-13,2023-12-08,65.4561,TOP
2023-12-14,2023-12-08,65.4561,TOP
2023-12-15,2023-12-08,65.4561,TOP
2023-12-18,2023-12-15,69.8650,TOP
2023-12-19,2023-12-15,69.8650,TOP
2023-12-20,2023-12-15,69.8650,TOP
2023-12-21,2023-12-15,69.8650,TOP
2023-12-22,2023-12-15,69.8650,TOP
2023-12-26,2023-12-22,71.0307,TOP
2023-12-27,2023-12-22,71.0307,TOP
2023-12-28,2023-12-22,71.0307,TOP
2023-12-29,2023-12-22,71.0307,TOP
2024-01-02,2023-12-29,71.4497,TOP
2024-01-03,2023-12-29,71.4497,TOP
2024-01-04,2023-12-29,71.4497,TOP
2024-01-05,2023-12-29,71.4497,TOP
2024-01-08,2024-01-05,62.3030,TOP
2024-01-09,2024-01-05,62.3030,TOP
2024-01-10,2024-01-05,62.3030,TOP
2024-01-11,2024-01-05,62.3030,TOP
2024-01-12,2024-01-05,62.3030,TOP
2024-01-16,2024-01-12,66.8829,TOP
2024-01-17,2024-01-12,66.8829,TOP
2024-01-18,2024-01-12,66.8829,TOP
2024-01-19,2024-01-12,66.8829,TOP
2024-01-22,2024-01-19,70.3964,TOP
2024-01-23,2024-01-19,70.3964,TOP
2024-01-24,2024-01-19,70.3964,TOP
2024-01-25,2024-01-19,70.3964,TOP
2024-01-26,2024-01-19,70.3964,TOP
2024-01-29,2024-01-26,71.1426,TOP
2024-01-30,2024-01-26,71.1426,TOP
2024-01-31,2024-01-26,71.1426,TOP
2024-02-01,2024-01-26,71.1426,TOP
2024-02-02,2024-01-26,71.1426,TOP
2024-02-05,2024-02-02,72.6126,TOP
2024-02-06,2024-02-02,72.6126,TOP
2024-02-07,2024-02-02,72.6126,TOP
2024-02-08,2024-02-02,72.6126,TOP
2024-02-09,2024-02-02,72.6126,TOP
2024-02-12,2024-02-09,74.7540,TOP
2024-02-13,2024-02-09,74.7540,TOP
2024-02-14,2024-02-09,74.7540,TOP
2024-02-15,2024-02-09,74.7540,TOP
2024-02-16,2024-02-09,74.7540,TOP
2024-02-20,2024-02-16,70.0032,TOP
2024-02-21,2024-02-16,70.0032,TOP
2024-02-22,2024-02-16,70.0032,TOP
2024-02-23,2024-02-16,70.0032,TOP
2024-02-26,2024-02-23,71.8496,TOP
2024-02-27,2024-02-23,71.8496,TOP
2024-02-28,2024-02-23,71.8496,TOP
2024-02-29,2024-02-23,71.8496,TOP
2024-03-01,2024-02-23,71.8496,TOP
2024-03-04,2024-03-01,74.2743,TOP
2024-03-05,2024-03-01,74.2743,TOP
2024-03-06,2024-03-01,74.2743,TOP
2024-03-07,2024-03-01,74.2743,TOP
2024-03-08,2024-03-01,74.2743,TOP
2024-03-11,2024-03-08,69.4653,TOP
2024-03-12,2024-03-08,69.4653,TOP
2024-03-13,2024-03-08,69.4653,TOP
2024-03-14,2024-03-08,69.4653,TOP
2024-03-15,2024-03-08,69.4653,TOP
2024-03-18,2024-03-15,65.9088,TOP
2024-03-19,2024-03-15,65.9088,TOP
2024-03-20,2024-03-15,65.9088,TOP
2024-03-21,2024-03-15,65.9088,TOP
2024-03-22,2024-03-15,65.9088,TOP
2024-03-25,2024-03-22,70.1240,TOP
2024-03-26,2024-03-22,70.1240,TOP
2024-03-27,2024-03-22,70.1240,TOP
2024-03-28,2024-03-22,70.1240,TOP
2024-04-01,2024-03-28,68.4662,TOP
2024-04-02,2024-03-28,68.4662,TOP
2024-04-03,2024-03-28,68.4662,TOP
2024-04-04,2024-03-28,68.4662,TOP
2024-04-05,2024-03-28,68.4662,TOP
2024-04-08,2024-04-05,65.9579,TOP
2024-04-09,2024-04-05,65.9579,TOP
2024-04-10,2024-04-05,65.9579,TOP
2024-04-11,2024-04-05,65.9579,TOP
2024-04-12,2024-04-05,65.9579,TOP
2024-04-15,2024-04-12,64.3793,TOP
2024-04-16,2024-04-12,64.3793,TOP
2024-04-17,2024-04-12,64.3793,TOP
2024-04-18,2024-04-12,64.3793,TOP
2024-04-19,2024-04-12,64.3793,TOP
2024-04-22,2024-04-19,50.4260,TOP
2024-04-23,2024-04-19,50.4260,TOP
2024-04-24,2024-04-19,50.4260,TOP
2024-04-25,2024-04-19,50.4260,TOP
2024-04-26,2024-04-19,50.4260,TOP
2024-04-29,2024-04-26,57.3214,TOP
2024-04-30,2024-04-26,57.3214,TOP
2024-05-01,2024-04-26,57.3214,TOP
2024-05-02,2024-04-26,57.3214,TOP
2024-05-03,2024-04-26,57.3214,TOP
2024-05-06,2024-05-03,59.0041,TOP
2024-05-07,2024-05-03,59.0041,TOP
2024-05-08,2024-05-03,59.0041,TOP
2024-05-09,2024-05-03,59.0041,TOP
2024-05-10,2024-05-03,59.0041,TOP
2024-05-13,2024-05-10,61.4106,TOP
2024-05-14,2024-05-10,61.4106,TOP
2024-05-15,2024-05-10,61.4106,TOP
2024-05-16,2024-05-10,61.4106,TOP
2024-05-17,2024-05-10,61.4106,TOP
2024-05-20,2024-05-17,64.7003,TOP
2024-05-21,2024-05-17,64.7003,TOP
2024-05-22,2024-05-17,64.7003,TOP
2024-05-23,2024-05-17,64.7003,TOP
2024-05-24,2024-05-17,64.7003,TOP
2024-05-28,2024-05-24,66.6538,TOP
2024-05-29,2024-05-24,66.6538,TOP
2024-05-30,2024-05-24,66.6538,TOP
2024-05-31,2024-05-24,66.6538,TOP
2024-06-03,2024-05-31,62.3102,TOP
2024-06-04,2024-05-31,62.3102,TOP
2024-06-05,2024-05-31,62.3102,TOP
2024-06-06,2024-05-31,62.3102,TOP
2024-06-07,2024-05-31,62.3102,TOP
2024-06-10,2024-06-07,66.3106,TOP
2024-06-11,2024-06-07,66.3106,TOP
2024-06-12,2024-06-07,66.3106,TOP
2024-06-13,2024-06-07,66.3106,TOP
2024-06-14,2024-06-07,66.3106,TOP
2024-06-17,2024-06-14,70.7415,TOP
2024-06-18,2024-06-14,70.7415,TOP
2024-06-20,2024-06-14,70.7415,TOP
2024-06-21,2024-06-14,70.7415,TOP
2024-06-24,2024-06-21,70.9922,TOP
2024-06-25,2024-06-21,70.9922,TOP
2024-06-26,2024-06-21,70.9922,TOP
2024-06-27,2024-06-21,70.9922,TOP
2024-06-28,2024-06-21,70.9922,TOP
2024-07-01,2024-06-28,70.7887,TOP
2024-07-02,2024-06-28,70.7887,TOP
2024-07-03,2024-06-28,70.7887,TOP
2024-07-05,2024-06-28,70.7887,TOP
2024-07-08,2024-07-05,75.0516,TOP
2024-07-09,2024-07-05,75.0516,TOP
2024-07-10,2024-07-05,75.0516,TOP
2024-07-11,2024-07-05,75.0516,TOP
2024-07-12,2024-07-05,75.0516,TOP
2024-07-15,2024-07-12,74.1359,TOP
2024-07-16,2024-07-12,74.1359,TOP
2024-07-17,2024-07-12,74.1359,TOP
2024-07-18,2024-07-12,74.1359,TOP
2024-07-19,2024-07-12,74.1359,TOP
2024-07-22,2024-07-19,62.1949,TOP
2024-07-23,2024-07-19,62.1949,TOP
2024-07-24,2024-07-19,62.1949,TOP
2024-07-25,2024-07-19,62.1949,TOP
2024-07-26,2024-07-19,62.1949,TOP
2024-07-29,2024-07-26,56.0972,TOP
2024-07-30,2024-07-26,56.0972,TOP
2024-07-31,2024-07-26,56.0972,TOP
2024-08-01,2024-07-26,56.0972,TOP
2024-08-02,2024-07-26,56.0972,TOP
2024-08-05,2024-08-02,49.9812,BOTTOM
2024-08-06,2024-08-02,49.9812,BOTTOM
2024-08-07,2024-08-02,49.9812,BOTTOM
2024-08-08,2024-08-02,49.9812,BOTTOM
2024-08-09,2024-08-02,49.9812,BOTTOM
2024-08-12,2024-08-09,50.6575,TOP
2024-08-13,2024-08-09,50.6575,TOP
2024-08-14,2024-08-09,50.6575,TOP
2024-08-15,2024-08-09,50.6575,TOP
2024-08-16,2024-08-09,50.6575,TOP
2024-08-19,2024-08-16,59.4209,TOP
2024-08-20,2024-08-16,59.4209,TOP
2024-08-21,2024-08-16,59.4209,TOP
2024-08-22,2024-08-16,59.4209,TOP
2024-08-23,2024-08-16,59.4209,TOP
2024-08-26,2024-08-23,60.9294,TOP
2024-08-27,2024-08-23,60.9294,TOP
2024-08-28,2024-08-23,60.9294,TOP
2024-08-29,2024-08-23,60.9294,TOP
2024-08-30,2024-08-23,60.9294,TOP
2024-09-03,2024-08-30,59.1521,TOP
2024-09-04,2024-08-30,59.1521,TOP
2024-09-05,2024-08-30,59.1521,TOP
2024-09-06,2024-08-30,59.1521,TOP
2024-09-09,2024-09-06,48.0024,BOTTOM
2024-09-10,2024-09-06,48.0024,BOTTOM
2024-09-11,2024-09-06,48.0024,BOTTOM
2024-09-12,2024-09-06,48.0024,BOTTOM
2024-09-13,2024-09-06,48.0024,BOTTOM
2024-09-16,2024-09-13,56.5291,TOP
2024-09-17,2024-09-13,56.5291,TOP
2024-09-18,2024-09-13,56.5291,TOP
2024-09-19,2024-09-13,56.5291,TOP
2024-09-20,2024-09-13,56.5291,TOP
2024-09-23,2024-09-20,58.4824,TOP
2024-09-24,2024-09-20,58.4824,TOP
2024-09-25,2024-09-20,58.4824,TOP
2024-09-26,2024-09-20,58.4824,TOP
2024-09-27,2024-09-20,58.4824,TOP
2024-09-30,2024-09-27,59.8490,TOP
2024-10-01,2024-09-27,59.8490,TOP
2024-10-02,2024-09-27,59.8490,TOP
2024-10-03,2024-09-27,59.8490,TOP
2024-10-04,2024-09-27,59.8490,TOP
2024-10-07,2024-10-04,60.0110,TOP
2024-10-08,2024-10-04,60.0110,TOP
2024-10-09,2024-10-04,60.0110,TOP
2024-10-10,2024-10-04,60.0110,TOP
2024-10-11,2024-10-04,60.0110,TOP
2024-10-14,2024-10-11,61.7715,TOP
2024-10-15,2024-10-11,61.7715,TOP
2024-10-16,2024-10-11,61.7715,TOP
2024-10-17,2024-10-11,61.7715,TOP
2024-10-18,2024-10-11,61.7715,TOP
2024-10-21,2024-10-18,62.1016,TOP
2024-10-22,2024-10-18,62.1016,TOP
2024-10-23,2024-10-18,62.1016,TOP
2024-10-24,2024-10-18,62.1016,TOP
2024-10-25,2024-10-18,62.1016,TOP
2024-10-28,2024-10-25,62.3697,TOP
2024-10-29,2024-10-25,62.3697,TOP
2024-10-30,2024-10-25,62.3697,TOP
2024-10-31,2024-10-25,62.3697,TOP
2024-11-01,2024-10-25,62.3697,TOP
2024-11-04,2024-11-01,58.2513,TOP
2024-11-05,2024-11-01,58.2513,TOP
2024-11-06,2024-11-01,58.2513,TOP
2024-11-07,2024-11-01,58.2513,TOP
2024-11-08,2024-11-01,58.2513,TOP
2024-11-11,2024-11-08,66.3516,TOP
2024-11-12,2024-11-08,66.3516,TOP
2024-11-13,2024-11-08,66.3516,TOP
2024-11-14,2024-11-08,66.3516,TOP
2024-11-15,2024-11-08,66.3516,TOP
2024-11-18,2024-11-15,58.3337,TOP
2024-11-19,2024-11-15,58.3337,TOP
2024-11-20,2024-11-15,58.3337,TOP
2024-11-21,2024-11-15,58.3337,TOP
2024-11-22,2024-11-15,58.3337,TOP
2024-11-25,2024-11-22,60.9972,TOP
2024-11-26,2024-11-22,60.9972,TOP
2024-11-27,2024-11-22,60.9972,TOP
2024-11-29,2024-11-22,60.9972,TOP
2024-12-02,2024-11-29,62.1145,TOP
2024-12-03,2024-11-29,62.1145,TOP
2024-12-04,2024-11-29,62.1145,TOP
2024-12-05,2024-11-29,62.1145,TOP
2024-12-06,2024-11-29,62.1145,TOP
2024-12-09,2024-12-06,66.4952,TOP
2024-12-10,2024-12-06,66.4952,TOP
2024-12-11,2024-12-06,66.4952,TOP
2024-12-12,2024-12-06,66.4952,TOP
2024-12-13,2024-12-06,66.4952,TOP
2024-12-16,2024-12-13,67.4751,TOP
2024-12-17,2024-12-13,67.4751,TOP
2024-12-18,2024-12-13,67.4751,TOP
2024-12-19,2024-12-13,67.4751,TOP
2024-12-20,2024-12-13,67.4751,TOP
2024-12-23,2024-12-20,61.7729,TOP
2024-12-24,2024-12-20,61.7729,TOP
2024-12-26,2024-12-20,61.7729,TOP
2024-12-27,2024-12-20,61.7729,TOP
2024-12-30,2024-12-27,63.1142,TOP
2024-12-31,2024-12-27,63.1142,TOP
2025-01-02,2024-12-27,63.1142,TOP
2025-01-03,2024-12-27,63.1142,TOP
2025-01-06,2025-01-03,61.1713,TOP
2025-01-07,2025-01-03,61.1713,TOP
2025-01-08,2025-01-03,61.1713,TOP
2025-01-10,2025-01-03,61.1713,TOP
2025-01-13,2025-01-10,55.8708,TOP
2025-01-14,2025-01-10,55.8708,TOP
2025-01-15,2025-01-10,55.8708,TOP
2025-01-16,2025-01-10,55.8708,TOP
2025-01-17,2025-01-10,55.8708,TOP
2025-01-21,2025-01-17,60.5709,TOP
2025-01-22,2025-01-17,60.5709,TOP
2025-01-23,2025-01-17,60.5709,TOP
2025-01-24,2025-01-17,60.5709,TOP
2025-01-27,2025-01-24,62.8797,TOP
2025-01-28,2025-01-24,62.8797,TOP
2025-01-29,2025-01-24,62.8797,TOP
2025-01-30,2025-01-24,62.8797,TOP
2025-01-31,2025-01-24,62.8797,TOP
2025-02-03,2025-01-31,59.3953,TOP
2025-02-04,2025-01-31,59.3953,TOP
2025-02-05,2025-01-31,59.3953,TOP
2025-02-06,2025-01-31,59.3953,TOP
2025-02-07,2025-01-31,59.3953,TOP
2025-02-10,2025-02-07,59.6022,TOP
2025-02-11,2025-02-07,59.6022,TOP
2025-02-12,2025-02-07,59.6022,TOP
2025-02-13,2025-02-07,59.6022,TOP
2025-02-14,2025-02-07,59.6022,TOP
2025-02-18,2025-02-14,64.3341,TOP
2025-02-19,2025-02-14,64.3341,TOP
2025-02-20,2025-02-14,64.3341,TOP
2025-02-21,2025-02-14,64.3341,TOP
2025-02-24,2025-02-21,58.4872,TOP
2025-02-25,2025-02-21,58.4872,TOP
2025-02-26,2025-02-21,58.4872,TOP
2025-02-27,2025-02-21,58.4872,TOP
2025-02-28,2025-02-21,58.4872,TOP
2025-03-03,2025-02-28,51.0703,TOP
2025-03-04,2025-02-28,51.0703,TOP
2025-03-05,2025-02-28,51.0703,TOP
2025-03-06,2025-02-28,51.0703,TOP
2025-03-07,2025-02-28,51.0703,TOP
2025-03-10,2025-03-07,45.3998,BOTTOM
2025-03-11,2025-03-07,45.3998,BOTTOM
2025-03-12,2025-03-07,45.3998,BOTTOM
2025-03-13,2025-03-07,45.3998,BOTTOM
2025-03-14,2025-03-07,45.3998,BOTTOM
2025-03-17,2025-03-14,41.7067,BOTTOM
2025-03-18,2025-03-14,41.7067,BOTTOM
2025-03-19,2025-03-14,41.7067,BOTTOM
2025-03-20,2025-03-14,41.7067,BOTTOM
2025-03-21,2025-03-14,41.7067,BOTTOM
2025-03-24,2025-03-21,42.1993,BOTTOM
2025-03-25,2025-03-21,42.1993,BOTTOM
2025-03-26,2025-03-21,42.1993,BOTTOM
2025-03-27,2025-03-21,42.1993,BOTTOM
2025-03-28,2025-03-21,42.1993,BOTTOM
2025-03-31,2025-03-28,38.8440,BOTTOM
2025-04-01,2025-03-28,38.8440,BOTTOM
2025-04-02,2025-03-28,38.8440,BOTTOM
2025-04-03,2025-03-28,38.8440,BOTTOM
2025-04-04,2025-03-28,38.8440,BOTTOM
2025-04-07,2025-04-04,28.6831,BOTTOM
2025-04-08,2025-04-04,28.6831,BOTTOM
2025-04-09,2025-04-04,28.6831,BOTTOM
2025-04-10,2025-04-04,28.6831,BOTTOM
2025-04-11,2025-04-04,28.6831,BOTTOM
2025-04-14,2025-04-11,40.2296,BOTTOM
2025-04-15,2025-04-11,40.2296,BOTTOM
2025-04-16,2025-04-11,40.2296,BOTTOM
2025-04-17,2025-04-11,40.2296,BOTTOM
2025-04-21,2025-04-17,38.0746,BOTTOM
2025-04-22,2025-04-17,38.0746,BOTTOM
2025-04-23,2025-04-17,38.0746,BOTTOM
2025-04-24,2025-04-17,38.0746,BOTTOM
2025-04-25,2025-04-17,38.0746,BOTTOM
2025-04-28,2025-04-25,46.5883,BOTTOM
2025-04-29,2025-04-25,46.5883,BOTTOM
2025-04-30,2025-04-25,46.5883,BOTTOM
2025-05-01,2025-04-25,46.5883,BOTTOM
2025-05-02,2025-04-25,46.5883,BOTTOM
2025-05-05,2025-05-02,50.7564,TOP
2025-05-06,2025-05-02,50.7564,TOP
2025-05-07,2025-05-02,50.7564,TOP
2025-05-08,2025-05-02,50.7564,TOP
2025-05-09,2025-05-02,50.7564,TOP
2025-05-12,2025-05-09,50.5319,TOP
2025-05-13,2025-05-09,50.5319,TOP
2025-05-14,2025-05-09,50.5319,TOP
2025-05-15,2025-05-09,50.5319,TOP
2025-05-16,2025-05-09,50.5319,TOP
2025-05-19,2025-05-16,58.2811,TOP
2025-05-20,2025-05-16,58.2811,TOP
2025-05-21,2025-05-16,58.2811,TOP
2025-05-22,2025-05-16,58.2811,TOP
2025-05-23,2025-05-16,58.2811,TOP
2025-05-27,2025-05-23,54.8933,TOP
2025-05-28,2025-05-23,54.8933,TOP
2025-05-29,2025-05-23,54.8933,TOP
2025-05-30,2025-05-23,54.8933,TOP
2025-06-02,2025-05-30,57.0558,TOP
2025-06-03,2025-05-30,57.0558,TOP
2025-06-04,2025-05-30,57.0558,TOP
2025-06-05,2025-05-30,57.0558,TOP
2025-06-06,2025-05-30,57.0558,TOP
2025-06-09,2025-06-06,59.3541,TOP
2025-06-10,2025-06-06,59.3541,TOP
2025-06-11,2025-06-06,59.3541,TOP
2025-06-12,2025-06-06,59.3541,TOP
2025-06-13,2025-06-06,59.3541,TOP
2025-06-16,2025-06-13,58.4320,TOP
2025-06-17,2025-06-13,58.4320,TOP
2025-06-18,2025-06-13,58.4320,TOP
2025-06-20,2025-06-13,58.4320,TOP
2025-06-23,2025-06-20,58.3891,TOP
2025-06-24,2025-06-20,58.3891,TOP
2025-06-25,2025-06-20,58.3891,TOP
2025-06-26,2025-06-20,58.3891,TOP
2025-06-27,2025-06-20,58.3891,TOP
2025-06-30,2025-06-27,63.2759,TOP
2025-07-01,2025-06-27,63.2759,TOP
2025-07-02,2025-06-27,63.2759,TOP
2025-07-03,2025-06-27,63.2759,TOP
2025-07-07,2025-07-03,64.9264,TOP
2025-07-08,2025-07-03,64.9264,TOP
2025-07-09,2025-07-03,64.9264,TOP
2025-07-10,2025-07-03,64.9264,TOP
2025-07-11,2025-07-03,64.9264,TOP
2025-07-14,2025-07-11,64.1549,TOP
2025-07-15,2025-07-11,64.1549,TOP
2025-07-16,2025-07-11,64.1549,TOP
2025-07-17,2025-07-11,64.1549,TOP
2025-07-18,2025-07-11,64.1549,TOP
2025-07-21,2025-07-18,65.6895,TOP
2025-07-22,2025-07-18,65.6895,TOP
2025-07-23,2025-07-18,65.6895,TOP
2025-07-24,2025-07-18,65.6895,TOP
2025-07-25,2025-07-18,65.6895,TOP
2025-07-28,2025-07-25,66.7974,TOP
2025-07-29,2025-07-25,66.7974,TOP
2025-07-30,2025-07-25,66.7974,TOP
2025-07-31,2025-07-25,66.7974,TOP
2025-08-01,2025-07-25,66.7974,TOP
2025-08-04,2025-08-01,61.5644,TOP
2025-08-05,2025-08-01,61.5644,TOP
2025-08-06,2025-08-01,61.5644,TOP
2025-08-07,2025-08-01,61.5644,TOP
2025-08-08,2025-08-01,61.5644,TOP
2025-08-11,2025-08-08,66.2734,TOP
2025-08-12,2025-08-08,66.2734,TOP
2025-08-13,2025-08-08,66.2734,TOP
2025-08-14,2025-08-08,66.2734,TOP
2025-08-15,2025-08-08,66.2734,TOP
2025-08-18,2025-08-15,66.8635,TOP
2025-08-19,2025-08-15,66.8635,TOP
2025-08-20,2025-08-15,66.8635,TOP
2025-08-21,2025-08-15,66.8635,TOP
2025-08-22,2025-08-15,66.8635,TOP
2025-08-25,2025-08-22,64.5233,TOP
2025-08-26,2025-08-22,64.5233,TOP
2025-08-27,2025-08-22,64.5233,TOP
2025-08-28,2025-08-22,64.5233,TOP
2025-08-29,2025-08-22,64.5233,TOP
2025-09-02,2025-08-29,63.8201,TOP
2025-09-03,2025-08-29,63.8201,TOP
2025-09-04,2025-08-29,63.8201,TOP
2025-09-05,2025-08-29,63.8201,TOP
2025-09-08,2025-09-05,65.2889,TOP
2025-09-09,2025-09-05,65.2889,TOP
2025-09-10,2025-09-05,65.2889,TOP
2025-09-11,2025-09-05,65.2889,TOP
2025-09-12,2025-09-05,65.2889,TOP
2025-09-15,2025-09-12,67.9160,TOP
2025-09-16,2025-09-12,67.9160,TOP
2025-09-17,2025-09-12,67.9160,TOP
2025-09-18,2025-09-12,67.9160,TOP
2025-09-19,2025-09-12,67.9160,TOP
2025-09-22,2025-09-19,70.7683,TOP
2025-09-23,2025-09-19,70.7683,TOP
2025-09-24,2025-09-19,70.7683,TOP
2025-09-25,2025-09-19,70.7683,TOP
2025-09-26,2025-09-19,70.7683,TOP
2025-09-29,2025-09-26,69.3611,TOP
2025-09-30,2025-09-26,69.3611,TOP
2025-10-01,2025-09-26,69.3611,TOP
2025-10-02,2025-09-26,69.3611,TOP
2025-10-03,2025-09-26,69.3611,TOP
2025-10-06,2025-10-03,71.0266,TOP
2025-10-07,2025-10-03,71.0266,TOP
2025-10-08,2025-10-03,71.0266,TOP
2025-10-09,2025-10-03,71.0266,TOP
2025-10-10,2025-10-03,71.0266,TOP
2025-10-13,2025-10-10,63.9263,TOP
2025-10-14,2025-10-10,63.9263,TOP
2025-10-15,2025-10-10,63.9263,TOP
2025-10-16,2025-10-10,63.9263,TOP
2025-10-17,2025-10-10,63.9263,TOP
2025-10-20,2025-10-17,67.6050,TOP
2025-10-21,2025-10-17,67.6050,TOP
2025-10-22,2025-10-17,67.6050,TOP
2025-10-23,2025-10-17,67.6050,TOP
2025-10-24,2025-10-17,67.6050,TOP
2025-10-27,2025-10-24,70.5562,TOP
2025-10-28,2025-10-24,70.5562,TOP
2025-10-29,2025-10-24,70.5562,TOP
2025-10-30,2025-10-24,70.5562,TOP
2025-10-31,2025-10-24,70.5562,TOP
2025-11-03,2025-10-31,72.9668,TOP
2025-11-04,2025-10-31,72.9668,TOP
2025-11-05,2025-10-31,72.9668,TOP
2025-11-06,2025-10-31,72.9668,TOP
2025-11-07,2025-10-31,72.9668,TOP
2025-11-10,2025-11-07,63.8727,TOP
2025-11-11,2025-11-07,63.8727,TOP
2025-11-12,2025-11-07,63.8727,TOP
2025-11-13,2025-11-07,63.8727,TOP
2025-11-14,2025-11-07,63.8727,TOP
2025-11-17,2025-11-14,63.4848,TOP
2025-11-18,2025-11-14,63.4848,TOP
2025-11-19,2025-11-14,63.4848,TOP
2025-11-20,2025-11-14,63.4848,TOP
2025-11-21,2025-11-14,63.4848,TOP
2025-11-24,2025-11-21,55.7053,TOP
2025-11-25,2025-11-21,55.7053,TOP
2025-11-26,2025-11-21,55.7053,TOP
2025-11-28,2025-11-21,55.7053,TOP
2025-12-01,2025-11-28,63.2390,TOP
2025-12-02,2025-11-28,63.2390,TOP
2025-12-03,2025-11-28,63.2390,TOP
2025-12-04,2025-11-28,63.2390,TOP
2025-12-05,2025-11-28,63.2390,TOP
2025-12-08,2025-12-05,64.6225,TOP
2025-12-09,2025-12-05,64.6225,TOP
2025-12-10,2025-12-05,64.6225,TOP
2025-12-11,2025-12-05,64.6225,TOP
2025-12-12,2025-12-05,64.6225,TOP
2025-12-15,2025-12-12,59.9937,TOP
2025-12-16,2025-12-12,59.9937,TOP
2025-12-17,2025-12-12,59.9937,TOP
2025-12-18,2025-12-12,59.9937,TOP
2025-12-19,2025-12-12,59.9937,TOP
2025-12-22,2025-12-19,60.8667,TOP
2025-12-23,2025-12-19,60.8667,TOP
2025-12-24,2025-12-19,60.8667,TOP
2025-12-26,2025-12-19,60.8667,TOP
2025-12-29,2025-12-26,62.8142,TOP
2025-12-30,2025-12-26,62.8142,TOP
2025-12-31,2025-12-26,62.8142,TOP
2026-01-02,2025-12-26,62.8142,TOP
2026-01-05,2026-01-02,58.3987,TOP
2026-01-06,2026-01-02,58.3987,TOP
2026-01-07,2026-01-02,58.3987,TOP
2026-01-08,2026-01-02,58.3987,TOP
2026-01-09,2026-01-02,58.3987,TOP
2026-01-12,2026-01-09,62.0115,TOP
2026-01-13,2026-01-09,62.0115,TOP
2026-01-14,2026-01-09,62.0115,TOP
2026-01-15,2026-01-09,62.0115,TOP
2026-01-16,2026-01-09,62.0115,TOP
2026-01-20,2026-01-16,59.7841,TOP
2026-01-21,2026-01-16,59.7841,TOP
2026-01-22,2026-01-16,59.7841,TOP
2026-01-23,2026-01-16,59.7841,TOP
2026-01-26,2026-01-23,60.2011,TOP
2026-01-27,2026-01-23,60.2011,TOP
2026-01-28,2026-01-23,60.2011,TOP
2026-01-29,2026-01-23,60.2011,TOP
2026-01-30,2026-01-23,60.2011,TOP
2026-02-02,2026-01-30,59.8122,TOP
2026-02-03,2026-01-30,59.8122,TOP
2026-02-04,2026-01-30,59.8122,TOP
2026-02-05,2026-01-30,59.8122,TOP
2026-02-06,2026-01-30,59.8122,TOP
2026-02-09,2026-02-06,54.3745,TOP
2026-02-10,2026-02-06,54.3745,TOP
2026-02-11,2026-02-06,54.3745,TOP
2026-02-12,2026-02-06,54.3745,TOP
2026-02-13,2026-02-06,54.3745,TOP
2026-02-17,2026-02-13,51.2033,TOP
2026-02-18,2026-02-13,51.2033,TOP
2026-02-19,2026-02-13,51.2033,TOP
2026-02-20,2026-02-13,51.2033,TOP
2026-02-23,2026-02-20,53.7902,TOP
2026-02-24,2026-02-20,53.7902,TOP
2026-02-25,2026-02-20,53.7902,TOP
2026-02-26,2026-02-20,53.7902,TOP
2026-02-27,2026-02-20,53.7902,TOP
2026-03-02,2026-02-27,53.1211,TOP
2026-03-03,2026-02-27,53.1211,TOP
2026-03-04,2026-02-27,53.1211,TOP
2026-03-05,2026-02-27,53.1211,TOP
2026-03-06,2026-02-27,53.1211,TOP
2026-03-09,2026-03-06,49.8113,BOTTOM
2026-03-10,2026-03-06,49.8113,BOTTOM
2026-03-11,2026-03-06,49.8113,BOTTOM
2026-03-12,2026-03-06,49.8113,BOTTOM
2026-03-13,2026-03-06,49.8113,BOTTOM
2026-03-16,2026-03-13,47.2745,BOTTOM
2026-03-17,2026-03-13,47.2745,BOTTOM
2026-03-18,2026-03-13,47.2745,BOTTOM
2026-03-19,2026-03-13,47.2745,BOTTOM
2026-03-20,2026-03-13,47.2745,BOTTOM
2026-03-23,2026-03-20,42.7415,BOTTOM
2026-03-24,2026-03-20,42.7415,BOTTOM
2026-03-25,2026-03-20,42.7415,BOTTOM
2026-03-26,2026-03-20,42.7415,BOTTOM
2026-03-27,2026-03-20,42.7415,BOTTOM
2026-03-30,2026-03-27,36.6492,BOTTOM
2026-03-31,2026-03-27,36.6492,BOTTOM
2026-04-01,2026-03-27,36.6492,BOTTOM
2026-04-02,2026-03-27,36.6492,BOTTOM
2026-04-06,2026-04-02,46.4678,BOTTOM
2026-04-07,2026-04-02,46.4678,BOTTOM
2026-04-08,2026-04-02,46.4678,BOTTOM
2026-04-09,2026-04-02,46.4678,BOTTOM
2026-04-10,2026-04-02,46.4678,BOTTOM
2026-04-13,2026-04-10,55.1809,TOP
2026-04-14,2026-04-10,55.1809,TOP
2026-04-15,2026-04-10,55.1809,TOP
2026-04-16,2026-04-10,55.1809,TOP
2026-04-17,2026-04-10,55.1809,TOP
2026-04-20,2026-04-17,64.2540,TOP
2026-04-21,2026-04-17,64.2540,TOP
2026-04-22,2026-04-17,64.2540,TOP
2026-04-23,2026-04-17,64.2540,TOP
2026-04-24,2026-04-17,64.2540,TOP
2026-04-27,2026-04-24,67.1069,TOP
2026-04-28,2026-04-24,67.1069,TOP
2026-04-29,2026-04-24,67.1069,TOP
2026-04-30,2026-04-24,67.1069,TOP
2026-05-01,2026-04-24,67.1069,TOP
2026-05-04,2026-05-01,68.9315,TOP
2026-05-05,2026-05-01,68.9315,TOP
2026-05-06,2026-05-01,68.9315,TOP
2026-05-07,2026-05-01,68.9315,TOP
2026-05-08,2026-05-01,68.9315,TOP
2026-05-11,2026-05-08,74.4436,TOP
2026-05-12,2026-05-08,74.4436,TOP
2026-05-13,2026-05-08,74.4436,TOP
2026-05-14,2026-05-08,74.4436,TOP
2026-05-15,2026-05-08,74.4436,TOP
2026-05-18,2026-05-15,73.5717,TOP
2026-05-19,2026-05-15,73.5717,TOP
2026-05-20,2026-05-15,73.5717,TOP
2026-05-21,2026-05-15,73.5717,TOP
2026-05-22,2026-05-15,73.5717,TOP
2026-05-26,2026-05-22,74.7634,TOP
2026-05-27,2026-05-22,74.7634,TOP
2026-05-28,2026-05-22,74.7634,TOP
2026-05-29,2026-05-22,74.7634,TOP
2026-06-01,2026-05-29,77.4095,TOP
2026-06-02,2026-05-29,77.4095,TOP
2026-06-03,2026-05-29,77.4095,TOP
2026-06-04,2026-05-29,77.4095,TOP
2026-06-05,2026-05-29,77.4095,TOP
2026-06-08,2026-06-05,65.5585,TOP
2026-06-09,2026-06-05,65.5585,TOP
2026-06-10,2026-06-05,65.5585,TOP
2026-06-11,2026-06-05,65.5585,TOP
2026-06-12,2026-06-05,65.5585,TOP
2026-06-15,2026-06-12,68.1311,TOP
2026-06-16,2026-06-12,68.1311,TOP
2026-06-17,2026-06-12,68.1311,TOP
2026-06-18,2026-06-12,68.1311,TOP
2026-06-22,2026-06-18,70.9030,TOP
2026-06-23,2026-06-18,70.9030,TOP
2026-06-24,2026-06-18,70.9030,TOP
2026-06-25,2026-06-18,70.9030,TOP
2026-06-26,2026-06-18,70.9030,TOP
2026-06-29,2026-06-26,61.0234,TOP
2026-06-30,2026-06-26,61.0234,TOP
2026-07-01,2026-06-26,61.0234,TOP
2026-07-02,2026-06-26,61.0234,TOP
2026-07-06,2026-07-02,62.0632,TOP
2026-07-07,2026-07-02,62.0632,TOP
2026-07-08,2026-07-02,62.0632,TOP
2026-07-09,2026-07-02,62.0632,TOP
2026-07-10,2026-07-02,62.0632,TOP
2026-07-13,2026-07-10,64.2444,TOP
2026-07-14,2026-07-10,64.2444,TOP
2026-07-15,2026-07-10,64.2444,TOP
2026-07-16,2026-07-10,64.2444,TOP
2026-07-17,2026-07-10,64.2444,TOP
2026-07-20,2026-07-17,56.1210,TOP
2026-07-21,2026-07-17,56.1210,TOP
2026-07-22,2026-07-17,56.1210,TOP
2026-07-23,2026-07-17,56.1210,TOP
2026-07-24,2026-07-17,56.1210,TOP
2026-07-27,2026-07-24,53.4443,TOP
2026-07-28,2026-07-24,53.4443,TOP
2026-07-29,2026-07-24,53.4443,TOP
2026-07-30,2026-07-24,53.4443,TOP
2026-07-31,2026-07-24,53.4443,TOP
2026-08-03,2026-07-31,54.2405,TOP
2026-08-04,2026-07-31,54.2405,TOP
2026-08-05,2026-07-31,54.2405,TOP
2026-08-06,2026-07-31,54.2405,TOP
2026-08-07,2026-07-31,54.2405,TOP
2026-08-10,2026-08-07,60.9437,TOP
2026-08-11,2026-08-07,60.9437,TOP
2026-08-12,2026-08-07,60.9437,TOP
2026-08-13,2026-08-07,60.9437,TOP
2026-08-14,2026-08-07,60.9437,TOP
2026-08-17,2026-08-14,62.3080,TOP
2026-08-18,2026-08-14,62.3080,TOP
2026-08-19,2026-08-14,62.3080,TOP
2026-08-20,2026-08-14,62.3080,TOP
2026-08-21,2026-08-14,62.3080,TOP
2026-08-24,2026-08-21,57.5598,TOP
2026-08-25,2026-08-21,57.5598,TOP
2026-08-26,2026-08-21,57.5598,TOP
2026-08-27,2026-08-21,57.5598,TOP
2026-08-28,2026-08-21,57.5598,TOP
2026-08-31,2026-08-28,58.1424,TOP
2026-09-01,2026-08-28,58.1424,TOP
2026-09-02,2026-08-28,58.1424,TOP
2026-09-03,2026-08-28,58.1424,TOP
2026-09-04,2026-08-28,58.1424,TOP
2026-09-08,2026-09-04,58.6595,TOP
2026-09-09,2026-09-04,58.6595,TOP
2026-09-10,2026-09-04,58.6595,TOP
