Date,Open,High,Low,Close,Volume
2010-03-11,0.584106,0.600470,0.584106,0.600470,3702000
2010-03-12,0.600925,0.604864,0.585622,0.585622,4548000
2010-03-15,0.573803,0.580015,0.558348,0.567136,534000
2010-03-16,0.574258,0.613804,0.573349,0.613198,1260000
2010-03-17,0.636380,0.642744,0.623804,0.635319,2610000
2010-03-18,0.635319,0.637138,0.611077,0.619865,1584000
2010-03-19,0.612137,0.612441,0.581531,0.591682,1596000
2010-03-22,0.580015,0.636683,0.576681,0.634410,3804000
2010-03-23,0.643350,0.677745,0.643047,0.675320,6114000
2010-03-24,0.668806,0.668806,0.634562,0.637896,2034000
2010-03-25,0.665472,0.675018,0.634108,0.634714,2034000
2010-03-26,0.651683,0.655017,0.612289,0.624714,2322000
2010-03-29,0.644865,0.648805,0.636987,0.641532,1380000
2010-03-30,0.651533,0.660624,0.634714,0.653805,1920000
2010-03-31,0.658805,0.663654,0.640169,0.643653,1080000
2010-04-01,0.661684,0.688352,0.635017,0.645774,1644000
2010-04-05,0.670320,0.703048,0.627441,0.700473,1500000
2010-04-06,0.687139,0.699716,0.679261,0.689866,1998000
2010-04-07,0.693503,0.711080,0.674411,0.696685,3414000
2010-04-08,0.684109,0.684109,0.649714,0.671988,4470000
2010-04-09,0.679715,0.690170,0.664260,0.689866,1254000
2010-04-12,0.700321,0.725019,0.691988,0.707139,2400000
2010-04-13,0.711080,0.724262,0.701988,0.720776,2904000
2010-04-14,0.765474,0.816082,0.765474,0.813506,6504000
2010-04-15,0.828052,0.839265,0.811233,0.820476,12666000
2010-04-16,0.810628,0.810628,0.753201,0.790172,4452000
2010-04-19,0.763656,0.786839,0.719867,0.763505,5712000
2010-04-20,0.785778,0.806082,0.780323,0.800476,2922000
2010-04-21,0.806082,0.823810,0.740019,0.775475,5772000
2010-04-22,0.760323,0.821840,0.724867,0.819264,6594000
2010-04-23,0.832749,0.832749,0.789718,0.822901,3600000
2010-04-26,0.830324,0.852750,0.824415,0.830174,3846000
2010-04-27,0.795475,0.824112,0.741837,0.744262,5112000
2010-04-28,0.759413,0.799264,0.721383,0.759111,6864000
2010-04-29,0.759414,0.787900,0.750474,0.785173,5838000
2010-04-30,0.765172,0.765172,0.677593,0.679261,10104000
2010-05-03,0.688806,0.740019,0.688806,0.729262,4926000
2010-05-04,0.714110,0.714110,0.601228,0.632744,19164000
2010-05-05,0.622744,0.641683,0.583197,0.612441,7920000
2010-05-06,0.606077,0.632441,0.378798,0.560317,17448000
2010-05-07,0.545469,0.561985,0.467588,0.526226,12372000
2010-05-10,0.618198,0.620623,0.588045,0.618198,7206000
2010-05-11,0.585167,0.638653,0.577742,0.606380,27720000
2010-05-12,0.616380,0.658806,0.616380,0.655624,42330000
2010-05-13,0.638047,0.664411,0.595925,0.604259,28992000
2010-05-14,0.590016,0.590016,0.516075,0.549105,15846000
2010-05-17,0.537439,0.577136,0.518195,0.571833,19140000
2010-05-18,0.585924,0.595773,0.517438,0.525166,16128000
2010-05-19,0.522589,0.549257,0.496983,0.533498,21306000
2010-05-20,0.492437,0.523802,0.458497,0.490013,10638000
2010-05-21,0.469710,0.544560,0.458042,0.521984,11220000
2010-05-24,0.511680,0.531680,0.491225,0.491225,10944000
2010-05-25,0.449406,0.502438,0.431830,0.502286,10818000
2010-05-26,0.527589,0.548802,0.496831,0.499710,14250000
2010-05-27,0.538499,0.576531,0.530923,0.575773,10578000
2010-05-28,0.582440,0.582440,0.524711,0.548045,9288000
2010-06-01,0.544560,0.564712,0.510771,0.510771,4530000
2010-06-02,0.528953,0.565924,0.512893,0.565318,11094000
2010-06-03,0.575470,0.593652,0.559106,0.586985,9102000
2010-06-04,0.571833,0.573197,0.502286,0.510620,13650000
2010-06-07,0.518043,0.525468,0.450012,0.453648,18312000
2010-06-08,0.456224,0.458346,0.415314,0.448648,12504000
2010-06-09,0.460921,0.489558,0.434102,0.439709,8634000
2010-06-10,0.463042,0.489710,0.455921,0.488043,9504000
2010-06-11,0.470921,0.511074,0.466678,0.508952,6510000
2010-06-14,0.533499,0.547742,0.517438,0.518650,6924000
2010-06-15,0.530317,0.608804,0.530317,0.605016,14508000
2010-06-16,0.592137,0.626987,0.576379,0.613350,14226000
2010-06-17,0.625471,0.626835,0.578349,0.609410,8724000
2010-06-18,0.612289,0.620471,0.596986,0.605318,4656000
2010-06-21,0.632441,0.648351,0.578197,0.589258,9054000
2010-06-22,0.592136,0.615471,0.553044,0.558196,9888000
2010-06-23,0.563651,0.584106,0.533196,0.563045,8076000
2010-06-24,0.553196,0.555166,0.507134,0.513953,11754000
2010-06-25,0.519862,0.521377,0.487892,0.515620,8718000
2010-06-28,0.510468,0.538499,0.502589,0.521680,4248000
2010-06-29,0.495165,0.495165,0.441678,0.450618,23970000
2010-06-30,0.453194,0.467891,0.425163,0.428799,10842000
2010-07-01,0.431829,0.442132,0.395010,0.430466,10716000
2010-07-02,0.431375,0.437739,0.403950,0.425163,7032000
2010-07-06,0.450618,0.459103,0.413495,0.424405,24060000
2010-07-07,0.424557,0.491831,0.424557,0.491074,13650000
2010-07-08,0.509256,0.509256,0.464255,0.487437,14706000
2010-07-09,0.489558,0.505771,0.479255,0.504256,7512000
2010-07-12,0.506680,0.529257,0.500922,0.523498,8718000
2010-07-13,0.542439,0.562439,0.533044,0.557135,11688000
2010-07-14,0.581833,0.587894,0.541226,0.551984,16902000
2010-07-15,0.544560,0.550621,0.516377,0.544862,11166000
2010-07-16,0.534862,0.538499,0.492134,0.493043,7878000
2010-07-19,0.508650,0.532287,0.497438,0.530317,7908000
2010-07-20,0.490467,0.531984,0.472437,0.531832,14142000
2010-07-21,0.541984,0.541984,0.496074,0.499559,10890000
2010-07-22,0.507589,0.556075,0.507589,0.545317,10308000
2010-07-23,0.540923,0.559560,0.527135,0.555772,7092000
2010-07-26,0.556076,0.578954,0.539257,0.575773,8622000
2010-07-27,0.588349,0.588349,0.556681,0.563954,10470000
2010-07-28,0.556833,0.569560,0.525771,0.534711,17106000
2010-07-29,0.540772,0.541833,0.481983,0.502286,24666000
2010-07-30,0.490619,0.496074,0.461528,0.486528,13908000
2010-08-02,0.511074,0.519711,0.492892,0.512286,19812000
2010-08-03,0.512438,0.513498,0.483952,0.496831,11742000
2010-08-04,0.498498,0.512893,0.483952,0.511377,8508000
2010-08-05,0.508498,0.515468,0.493952,0.499104,7224000
2010-08-06,0.489861,0.510013,0.481073,0.499710,7914000
2010-08-09,0.503347,0.515165,0.490922,0.507892,7584000
2010-08-10,0.492437,0.492437,0.455315,0.468951,18732000
2010-08-11,0.438800,0.439254,0.400617,0.412435,30720000
2010-08-12,0.383192,0.401374,0.369707,0.395920,27768000
2010-08-13,0.397890,0.408647,0.383192,0.383949,9888000
2010-08-16,0.380313,0.399859,0.371222,0.387889,15528000
2010-08-17,0.402890,0.416374,0.394101,0.402738,14430000
2010-08-18,0.406374,0.422284,0.398344,0.416223,10218000
2010-08-19,0.411374,0.417586,0.389858,0.395313,11196000
2010-08-20,0.398950,0.411677,0.391526,0.399859,8682000
2010-08-23,0.411223,0.413041,0.385313,0.385767,15390000
2010-08-24,0.370312,0.378798,0.357434,0.366221,13998000
2010-08-25,0.361070,0.381980,0.347736,0.377283,19578000
2010-08-26,0.383949,0.386071,0.351827,0.355767,15816000
2010-08-27,0.366525,0.381071,0.337584,0.376980,22824000
2010-08-30,0.371525,0.376525,0.349100,0.349707,11874000
2010-08-31,0.346979,0.354100,0.322584,0.327433,17046000
2010-09-01,0.340766,0.368646,0.340766,0.357888,21294000
2010-09-02,0.363949,0.381676,0.356676,0.381676,32310000
2010-09-03,0.396677,0.406829,0.378798,0.398192,39972000
2010-09-07,0.394708,0.397738,0.372737,0.376676,24540000
2010-09-08,0.378344,0.380767,0.359858,0.370464,55176000
2010-09-09,0.384404,0.385313,0.367585,0.371980,16536000
2010-09-10,0.368646,0.373343,0.341524,0.357434,50568000
2010-09-13,0.368191,0.393799,0.367737,0.392889,34164000
2010-09-14,0.389404,0.419708,0.378494,0.412132,29940000
2010-09-15,0.403647,0.409859,0.392283,0.408950,20400000
2010-09-16,0.400768,0.419102,0.398192,0.417586,15978000
2010-09-17,0.423648,0.425466,0.411374,0.417890,14418000
2010-09-20,0.418041,0.425314,0.405313,0.422890,39192000
2010-09-21,0.421375,0.431072,0.416072,0.420011,18630000
2010-09-22,0.414676,0.418768,0.393305,0.402702,25320000
2010-09-23,0.391487,0.431347,0.383909,0.410432,21150000
2010-09-24,0.428923,0.461660,0.428923,0.459235,25266000
2010-09-27,0.462721,0.463934,0.446049,0.451354,20460000
2010-09-28,0.456810,0.474997,0.438168,0.472421,25440000
2010-09-29,0.463782,0.493489,0.463782,0.482879,31692000
2010-09-30,0.490457,0.500157,0.459083,0.472421,36396000
2010-10-01,0.483940,0.486971,0.456659,0.467420,24258000
2010-10-04,0.464691,0.464994,0.432711,0.448323,25332000
2010-10-05,0.457719,0.480605,0.457719,0.476361,24222000
2010-10-06,0.475907,0.476665,0.443321,0.459993,22194000
2010-10-07,0.458932,0.466662,0.444079,0.460144,20838000
2010-10-08,0.456962,0.477271,0.441805,0.475149,29346000
2010-10-11,0.475149,0.497732,0.475149,0.483788,20370000
2010-10-12,0.477725,0.500157,0.469238,0.494094,18330000
2010-10-13,0.498793,0.503946,0.482576,0.496368,27384000
2010-10-14,0.497277,0.506371,0.483637,0.492276,19338000
2010-10-15,0.502582,0.507735,0.480908,0.503492,22374000
2010-10-18,0.500915,0.500915,0.479544,0.491821,21282000
2010-10-19,0.476361,0.496822,0.455749,0.471209,37842000
2010-10-20,0.471664,0.486365,0.462266,0.479090,24378000
2010-10-21,0.481515,0.483940,0.458629,0.471966,22062000
2010-10-22,0.471966,0.502279,0.471966,0.500005,29832000
2010-10-25,0.507735,0.525013,0.507735,0.516374,12414000
2010-10-26,0.509099,0.517587,0.492730,0.509857,10962000
2010-10-27,0.511676,0.557448,0.511524,0.556690,19632000
2010-10-28,0.558205,0.561540,0.537442,0.558054,13932000
2010-10-29,0.553507,0.572907,0.552598,0.568512,10818000
2010-11-01,0.572605,0.580031,0.549264,0.562752,19554000
2010-11-02,0.573059,0.582304,0.565329,0.573665,11472000
2010-11-03,0.579425,0.592611,0.565632,0.592611,18366000
2010-11-04,0.608828,0.649143,0.608828,0.647021,18684000
2010-11-05,0.653539,0.669908,0.645051,0.660510,18162000
2010-11-08,0.656873,0.674303,0.649598,0.661420,17436000
2010-11-09,0.661420,0.663390,0.629289,0.636261,14748000
2010-11-10,0.635654,0.638685,0.612010,0.637018,14172000
2010-11-11,0.588367,0.621407,0.565178,0.614739,24570000
2010-11-12,0.610040,0.643232,0.595339,0.613222,16152000
2010-11-15,0.626863,0.631865,0.599582,0.599582,14220000
2010-11-16,0.584881,0.603826,0.565026,0.574119,16314000
2010-11-17,0.571998,0.592459,0.565480,0.572453,7788000
2010-11-18,0.589883,0.611859,0.589883,0.604433,10518000
2010-11-19,0.600491,0.638382,0.600491,0.633835,9654000
2010-11-22,0.635654,0.658692,0.630046,0.657328,32064000
2010-11-23,0.636715,0.653842,0.632623,0.639746,22074000
2010-11-24,0.653690,0.694612,0.653690,0.690974,24210000
2010-11-26,0.680668,0.689610,0.671423,0.679456,6378000
2010-11-29,0.668089,0.678547,0.649143,0.674757,12354000
2010-11-30,0.654144,0.660055,0.643232,0.649749,14658000
2010-12-01,0.681881,0.714163,0.681881,0.712042,16272000
2010-12-02,0.716134,0.753418,0.713709,0.752054,13560000
2010-12-03,0.740990,0.766756,0.735079,0.762967,10824000
2010-12-06,0.765543,0.765543,0.739626,0.759027,11808000
2010-12-07,0.782973,0.792219,0.756602,0.757511,22344000
2010-12-08,0.765695,0.780852,0.751752,0.778275,8406000
2010-12-09,0.791764,0.796917,0.776456,0.783883,7170000
2010-12-10,0.786763,0.793734,0.775546,0.786004,7374000
2010-12-13,0.801918,0.801918,0.765392,0.771303,8994000
2010-12-14,0.771151,0.774789,0.744173,0.751600,11034000
2010-12-15,0.745841,0.758572,0.724470,0.728259,13974000
2010-12-16,0.734473,0.747356,0.720378,0.741142,5910000
2010-12-17,0.744779,0.760845,0.742354,0.756298,5250000
2010-12-20,0.752964,0.761451,0.737959,0.747659,24018000
2010-12-21,0.757208,0.770849,0.753419,0.763422,7824000
2010-12-22,0.751752,0.765392,0.739323,0.764179,10470000
2010-12-23,0.750993,0.764483,0.750993,0.757813,4158000
2010-12-27,0.743718,0.764179,0.729775,0.760087,7362000
2010-12-28,0.757813,0.765240,0.741445,0.750387,6186000
2010-12-29,0.753419,0.757056,0.743718,0.753419,3360000
2010-12-30,0.753418,0.763422,0.749478,0.760087,3732000
2010-12-31,0.754176,0.761755,0.745689,0.757663,6024000
2011-01-03,0.772515,0.799494,0.765695,0.774637,11646000
2011-01-04,0.781761,0.793128,0.752964,0.777214,10098000
2011-01-05,0.766150,0.790703,0.758572,0.784792,4482000
2011-01-06,0.791612,0.830261,0.791612,0.828290,9810000
2011-01-07,0.833595,0.845114,0.795553,0.833746,21936000
2011-01-10,0.829049,0.864665,0.818439,0.859967,9960000
2011-01-11,0.874517,0.874517,0.850570,0.869516,9942000
2011-01-12,0.886490,0.918470,0.870425,0.918318,9696000
2011-01-13,0.919228,0.932868,0.900131,0.918016,8448000
2011-01-14,0.931202,0.993039,0.927564,0.993039,18042000
2011-01-18,0.982127,0.993039,0.966364,0.981369,13842000
2011-01-19,0.957119,0.961514,0.906346,0.913014,14754000
2011-01-20,0.895281,0.895281,0.846175,0.879822,18720000
2011-01-21,0.909377,0.911650,0.861634,0.864665,12576000
2011-01-24,0.874214,0.929080,0.873001,0.927109,12990000
2011-01-25,0.915136,0.925593,0.886036,0.907710,13026000
2011-01-26,0.926048,0.938022,0.900131,0.932869,16392000
2011-01-27,0.951663,0.989705,0.951663,0.984400,19854000
2011-01-28,1.003952,1.003952,0.882247,0.904678,36168000
2011-01-31,0.912408,0.928019,0.879065,0.914985,12234000
2011-02-01,0.942114,0.994251,0.940598,0.981217,22254000
2011-02-02,0.970457,1.011227,0.961211,0.997889,18420000
2011-02-03,0.998344,1.004709,0.968183,0.998950,10446000
2011-02-04,1.008196,1.060333,1.003042,1.058060,16854000
2011-02-07,1.069427,1.083674,1.036841,1.047147,21102000
2011-02-08,1.047450,1.053361,1.020472,1.044722,8292000
2011-02-09,1.031233,1.046389,1.011681,1.024867,12252000
2011-02-10,0.991220,1.036082,0.980914,1.033658,12342000
2011-02-11,1.026686,1.067760,1.009863,1.057302,8436000
2011-02-14,1.069730,1.105954,1.065335,1.081401,15360000
2011-02-15,1.079430,1.080642,1.036537,1.050481,14406000
2011-02-16,1.072912,1.093373,1.059726,1.083674,10158000
2011-02-17,1.077309,1.136721,1.068518,1.131417,15246000
2011-02-18,1.142025,1.142177,1.106257,1.118382,13470000
2011-02-22,1.060636,1.067911,0.977580,0.985158,40812000
2011-02-23,0.995161,0.995161,0.892705,0.932263,35844000
2011-02-24,0.944842,0.984552,0.923169,0.978337,41208000
2011-02-25,1.010317,1.054270,1.006832,1.052301,38130000
2011-02-28,1.074581,1.074581,0.986826,1.020473,38628000
2011-03-01,1.034113,1.040933,0.957422,0.959544,37800000
2011-03-02,0.958028,1.035477,0.957725,1.000466,51600000
2011-03-03,1.036537,1.067760,1.034264,1.058514,33474000
2011-03-04,1.050784,1.059120,1.004406,1.025170,31500000
2011-03-07,1.026838,1.040479,0.910438,0.940295,50460000
2011-03-08,0.948177,0.973942,0.916349,0.945297,26598000
2011-03-09,0.928625,0.928625,0.855875,0.861028,66846000
2011-03-10,0.818136,0.833596,0.791460,0.795856,60888000
2011-03-11,0.780700,0.825259,0.779184,0.817075,37662000
2011-03-14,0.813437,0.845417,0.797978,0.813740,37458000
2011-03-15,0.731896,0.800554,0.711435,0.784185,39852000
2011-03-16,0.786763,0.811164,0.717043,0.733564,35268000
2011-03-17,0.765998,0.787672,0.752054,0.760391,37530000
2011-03-18,0.798433,0.798433,0.758572,0.767969,32274000
2011-03-21,0.795402,0.824653,0.791764,0.807678,39534000
2011-03-22,0.813286,0.813286,0.784489,0.788732,24156000
2011-03-23,0.783276,0.814649,0.763876,0.810103,25218000
2011-03-24,0.838597,0.875427,0.826471,0.869819,44664000
2011-03-25,0.877851,0.891341,0.861028,0.862544,31548000
2011-03-28,0.876032,0.888461,0.862544,0.866636,22812000
2011-03-29,0.863301,0.890582,0.839809,0.890431,29970000
2011-03-30,0.911347,0.916803,0.872547,0.893310,29814000
2011-03-31,0.886490,0.897707,0.860118,0.870576,20958000
2011-04-01,0.889825,0.889825,0.830867,0.840112,33942000
2011-04-04,0.844659,0.852388,0.803131,0.818439,27054000
2011-04-05,0.856330,0.892250,0.855421,0.871789,44274000
2011-04-06,0.898009,0.915742,0.887552,0.914530,30012000
2011-04-07,0.914681,0.914681,0.873002,0.901192,20022000
2011-04-08,0.916652,0.924533,0.865878,0.879064,20496000
2011-04-11,0.885430,0.885430,0.848297,0.855421,18594000
2011-04-12,0.833595,0.833595,0.789794,0.802980,31302000
2011-04-13,0.819196,0.825714,0.794492,0.809800,33960000
2011-04-14,0.792674,0.812680,0.775698,0.811467,18072000
2011-04-15,0.806010,0.834050,0.793431,0.827533,17262000
2011-04-18,0.797826,0.802525,0.763574,0.783276,29268000
2011-04-19,0.778426,0.794188,0.772970,0.792673,22242000
2011-04-20,0.863756,0.894220,0.857845,0.894220,52812000
2011-04-21,0.913166,0.913166,0.880277,0.891796,22464000
2011-04-25,0.889218,0.907710,0.883157,0.894372,13536000
2011-04-26,0.896039,0.939689,0.895281,0.937415,30864000
2011-04-27,0.927564,0.940447,0.902708,0.937264,26574000
2011-04-28,0.927716,0.937113,0.899828,0.918622,25950000
2011-04-29,0.913621,0.936203,0.913317,0.932111,12540000
2011-05-02,0.941205,0.941205,0.897252,0.903011,21006000
2011-05-03,0.894220,0.898161,0.851934,0.869667,33096000
2011-05-04,0.891644,0.892250,0.839507,0.871183,20118000
2011-05-05,0.856330,0.902556,0.851025,0.876487,41994000
2011-05-06,0.909377,0.925593,0.884823,0.895736,40860000
2011-05-09,0.895736,0.896039,0.870121,0.888006,18708000
2011-05-10,0.900586,0.907861,0.884369,0.899525,19446000
2011-05-11,0.903163,0.913621,0.861786,0.878912,18096000
2011-05-12,0.866333,0.923320,0.863453,0.914985,25260000
2011-05-13,0.910134,0.917106,0.876791,0.879519,16488000
2011-05-16,0.877094,0.898767,0.839052,0.842235,23142000
2011-05-17,0.832989,0.833746,0.788278,0.811770,35832000
2011-05-18,0.821015,0.865424,0.820258,0.857542,17988000
2011-05-19,0.847084,0.847539,0.813286,0.836172,20982000
2011-05-20,0.837991,0.843599,0.815559,0.828442,10974000
2011-05-23,0.800403,0.800403,0.776456,0.777517,23688000
2011-05-24,0.791310,0.792370,0.757965,0.759936,23982000
2011-05-25,0.754176,0.787823,0.745689,0.779942,19098000
2011-05-26,0.777365,0.806920,0.769030,0.801918,14706000
2011-05-27,0.817832,0.837688,0.817832,0.830413,19008000
2011-05-31,0.856330,0.867697,0.842992,0.867697,15954000
2011-06-01,0.861028,0.861028,0.788127,0.789036,17838000
2011-06-02,0.790248,0.812528,0.776759,0.789339,16122000
2011-06-03,0.764331,0.782064,0.744022,0.747356,38124000
2011-06-06,0.743567,0.753116,0.727653,0.729168,18660000
2011-06-07,0.751600,0.762512,0.739626,0.739930,14688000
2011-06-08,0.730078,0.730229,0.688550,0.695521,36198000
2011-06-09,0.697947,0.710830,0.686125,0.697795,25770000
2011-06-10,0.689610,0.692945,0.649750,0.663997,22752000
2011-06-13,0.664300,0.675060,0.638079,0.644596,18828000
2011-06-14,0.667179,0.692945,0.667179,0.680668,15768000
2011-06-15,0.665664,0.674605,0.639292,0.640656,13464000
2011-06-16,0.645809,0.645960,0.602462,0.618983,17418000
2011-06-17,0.640808,0.640808,0.585790,0.592004,23820000
2011-06-20,0.588367,0.601704,0.585487,0.593823,18750000
2011-06-21,0.604735,0.641565,0.594884,0.638534,30174000
2011-06-22,0.629441,0.647324,0.623530,0.629137,20856000
2011-06-23,0.606251,0.658843,0.594429,0.657479,41520000
2011-06-24,0.651265,0.651265,0.606099,0.610494,21660000
2011-06-27,0.610494,0.629895,0.592611,0.620952,15390000
2011-06-28,0.628379,0.645203,0.624287,0.644596,24696000
2011-06-29,0.650356,0.658086,0.632471,0.647324,16728000
2011-06-30,0.651720,0.700220,0.651720,0.694157,30492000
2011-07-01,0.699462,0.742658,0.688701,0.739475,25212000
2011-07-05,0.735534,0.743567,0.708556,0.719317,15444000
2011-07-06,0.711890,0.712194,0.685215,0.702645,10506000
2011-07-07,0.722348,0.756299,0.716892,0.744173,18822000
2011-07-08,0.715528,0.718408,0.687641,0.710830,16896000
2011-07-11,0.696885,0.715680,0.668392,0.674303,22608000
2011-07-12,0.653994,0.657025,0.607009,0.616709,46284000
2011-07-13,0.631562,0.639595,0.603371,0.610192,27108000
2011-07-14,0.612617,0.634593,0.578970,0.582759,41184000
2011-07-15,0.594580,0.595035,0.570634,0.592004,24444000
2011-07-18,0.584577,0.591549,0.553962,0.566542,25644000
2011-07-19,0.584426,0.626560,0.584426,0.622620,31746000
2011-07-20,0.637928,0.643991,0.603220,0.614587,21420000
2011-07-21,0.610040,0.635048,0.585941,0.631410,32058000
2011-07-22,0.634593,0.680516,0.634593,0.674151,40338000
2011-07-25,0.654145,0.662633,0.634593,0.648385,17520000
2011-07-26,0.660207,0.687337,0.660207,0.664602,30282000
2011-07-27,0.642929,0.642929,0.587760,0.591852,54816000
2011-07-28,0.591095,0.618376,0.570179,0.587457,23532000
2011-07-29,0.556538,0.589276,0.548051,0.573362,33750000
2011-08-01,0.597309,0.605948,0.548961,0.571998,41922000
2011-08-02,0.559115,0.570179,0.519102,0.521225,44364000
2011-08-03,0.524407,0.541988,0.490002,0.537744,48840000
2011-08-04,0.520163,0.521376,0.445140,0.449535,70020000
2011-08-05,0.463024,0.478029,0.380726,0.416797,60150000
2011-08-08,0.371177,0.400732,0.346927,0.351626,42156000
2011-08-09,0.372087,0.400126,0.336469,0.398914,49818000
2011-08-10,0.386030,0.413009,0.357385,0.374966,35904000
2011-08-11,0.390880,0.446656,0.388304,0.430742,29616000
2011-08-12,0.441502,0.454536,0.417404,0.426498,27114000
2011-08-15,0.434227,0.452567,0.429832,0.451657,22326000
2011-08-16,0.435894,0.449080,0.409219,0.426195,25092000
2011-08-17,0.422254,0.445595,0.405582,0.416949,17232000
2011-08-18,0.382241,0.382241,0.336469,0.344806,38010000
2011-08-19,0.336772,0.367085,0.322829,0.324647,28344000
2011-08-22,0.351929,0.352686,0.327073,0.333741,21594000
2011-08-23,0.345563,0.385879,0.336469,0.384818,51924000
2011-08-24,0.384818,0.394972,0.361325,0.384212,51954000
2011-08-25,0.378149,0.392093,0.351626,0.353747,33522000
2011-08-26,0.354960,0.388152,0.337985,0.381786,38676000
2011-08-29,0.400883,0.425134,0.397852,0.424376,29448000
2011-08-30,0.414373,0.431954,0.405885,0.424376,25152000
2011-08-31,0.437107,0.444230,0.406340,0.415282,29664000
2011-09-01,0.415888,0.431802,0.394063,0.394518,26106000
2011-09-02,0.376634,0.378907,0.360416,0.367388,22992000
2011-09-06,0.333286,0.360871,0.331620,0.360113,29136000
2011-09-07,0.381181,0.407704,0.381181,0.406491,43224000
2011-09-08,0.396488,0.431044,0.393760,0.400428,32784000
2011-09-09,0.386637,0.419375,0.379513,0.387394,39306000
2011-09-12,0.377239,0.422708,0.377239,0.422708,34446000
2011-09-13,0.430287,0.451657,0.419980,0.448323,43494000
2011-09-14,0.455295,0.497884,0.449384,0.481970,86268000
2011-09-15,0.497126,0.508342,0.484698,0.503795,61032000
2011-09-16,0.503188,0.521376,0.498793,0.505462,62544000
2011-09-19,0.482273,0.498793,0.463630,0.488487,54882000
2011-09-20,0.496368,0.500612,0.469390,0.472421,72882000
2011-09-21,0.481818,0.492276,0.442564,0.442866,117186000
2011-09-22,0.409219,0.411493,0.375875,0.398459,61854000
2011-09-23,0.389213,0.426649,0.383454,0.420284,52566000
2011-09-26,0.435439,0.435439,0.390729,0.419525,98616000
2011-09-27,0.442109,0.469541,0.434834,0.442412,75846000
2011-09-28,0.450141,0.450141,0.403308,0.404218,57690000
2011-09-29,0.419829,0.423770,0.365267,0.387697,82098000
2011-09-30,0.368600,0.380574,0.348594,0.348746,47844000
2011-10-03,0.341774,0.352686,0.309188,0.309946,52956000
2011-10-04,0.300094,0.349655,0.296457,0.349049,89970000
2011-10-05,0.349958,0.384666,0.335560,0.381938,78738000
2011-10-06,0.379513,0.395731,0.366024,0.395124,78432000
2011-10-07,0.405430,0.415130,0.388001,0.401338,53652000
2011-10-10,0.418616,0.440290,0.418616,0.433318,30468000
2011-10-11,0.426346,0.437410,0.421648,0.430438,30294000
2011-10-12,0.446807,0.456204,0.441805,0.441805,41778000
2011-10-13,0.434379,0.473179,0.433015,0.469541,45486000
2011-10-14,0.487880,0.488638,0.461054,0.486214,47322000
2011-10-17,0.474695,0.476513,0.440896,0.446201,36648000
2011-10-18,0.446959,0.478939,0.430893,0.474997,52332000
2011-10-19,0.473937,0.473937,0.440593,0.443927,44826000
2011-10-20,0.431651,0.437562,0.396791,0.422557,53466000
2011-10-21,0.439532,0.465601,0.439229,0.448323,28434000
2011-10-24,0.458478,0.496822,0.456052,0.494853,81846000
2011-10-25,0.484091,0.495004,0.465298,0.468177,63798000
2011-10-26,0.480454,0.490154,0.445292,0.474695,38490000
2011-10-27,0.512585,0.544262,0.505461,0.535168,55464000
2011-10-28,0.527136,0.539412,0.523346,0.539412,25170000
2011-10-31,0.523043,0.523043,0.497884,0.498338,29562000
2011-11-01,0.457568,0.468481,0.441200,0.450596,40368000
2011-11-02,0.466813,0.469845,0.446201,0.457416,15834000
2011-11-03,0.469845,0.501067,0.443321,0.498490,44694000
2011-11-04,0.486971,0.521225,0.485304,0.515919,40914000
2011-11-07,0.508493,0.517890,0.485001,0.513646,44898000
2011-11-08,0.524862,0.529712,0.497277,0.521830,42258000
2011-11-09,0.487880,0.487880,0.449839,0.451051,41424000
2011-11-10,0.473330,0.474240,0.442564,0.463024,21204000
2011-11-11,0.475907,0.515919,0.475907,0.510312,34920000
2011-11-14,0.502885,0.517890,0.483031,0.492730,29382000
2011-11-15,0.489547,0.521376,0.486668,0.512736,45540000
2011-11-16,0.500157,0.528196,0.493792,0.504401,36810000
2011-11-17,0.500157,0.503188,0.429378,0.447110,73242000
2011-11-18,0.456355,0.456355,0.426952,0.433773,32286000
2011-11-21,0.415433,0.417556,0.391032,0.408917,39312000
2011-11-22,0.404370,0.416797,0.386637,0.394215,28380000
2011-11-23,0.381635,0.382241,0.356778,0.357082,31662000
2011-11-25,0.353445,0.367085,0.342228,0.342228,22728000
2011-11-28,0.381786,0.384514,0.366176,0.377239,23802000
2011-11-29,0.380726,0.388001,0.365872,0.368752,23424000
2011-11-30,0.398762,0.433166,0.398762,0.431802,51342000
2011-12-01,0.432711,0.443169,0.417252,0.439229,24264000
2011-12-02,0.452567,0.460296,0.435137,0.436349,28338000
2011-12-05,0.457416,0.463025,0.441200,0.449839,29232000
2011-12-06,0.447868,0.454385,0.435743,0.447110,16620000
2011-12-07,0.441199,0.466662,0.430438,0.462873,20436000
2011-12-08,0.449535,0.466510,0.420132,0.423467,26226000
2011-12-09,0.414524,0.444079,0.401338,0.438774,35904000
2011-12-12,0.411796,0.411796,0.388456,0.403611,28650000
2011-12-13,0.409826,0.417101,0.369055,0.374663,41736000
2011-12-14,0.372844,0.380877,0.350565,0.356628,31500000
2011-12-15,0.376330,0.379210,0.350565,0.355718,20004000
2011-12-16,0.367388,0.378453,0.359204,0.364053,18036000
2011-12-19,0.367843,0.368752,0.331922,0.333438,36264000
2011-12-20,0.353293,0.380726,0.353293,0.377391,36492000
2011-12-21,0.376937,0.378907,0.350867,0.366327,24912000
2011-12-22,0.371935,0.405582,0.370723,0.402399,28410000
2011-12-23,0.403611,0.409068,0.394215,0.408158,15252000
2011-12-27,0.402399,0.416192,0.401642,0.407098,19536000
2011-12-28,0.402854,0.407249,0.386485,0.387243,23736000
2011-12-29,0.394821,0.399974,0.385727,0.398459,13962000
2011-12-30,0.398610,0.403157,0.392851,0.393457,15528000
2012-01-03,0.418313,0.427407,0.404673,0.407855,20838000
2012-01-04,0.405734,0.410432,0.392244,0.407553,19632000
2012-01-05,0.406037,0.426649,0.403763,0.425133,25092000
2012-01-06,0.424982,0.430438,0.415130,0.428923,19224000
2012-01-09,0.436198,0.456204,0.433470,0.452718,27516000
2012-01-10,0.469541,0.475301,0.461357,0.466662,20658000
2012-01-11,0.457871,0.476513,0.456962,0.472421,16698000
2012-01-12,0.480908,0.489851,0.466813,0.488335,20850000
2012-01-13,0.474997,0.475301,0.453627,0.456507,24198000
2012-01-17,0.474695,0.477271,0.460296,0.462418,17028000
2012-01-18,0.478787,0.534562,0.478787,0.530469,50442000
2012-01-19,0.545929,0.565329,0.543050,0.563056,41148000
2012-01-20,0.560783,0.574120,0.554568,0.571240,17694000
2012-01-23,0.574726,0.578970,0.552749,0.566844,22410000
2012-01-24,0.557600,0.577606,0.554568,0.570786,11994000
2012-01-25,0.576393,0.583517,0.553053,0.578211,29904000
2012-01-26,0.585790,0.595035,0.552294,0.560328,22794000
2012-01-27,0.553356,0.572452,0.550325,0.568057,9660000
2012-01-30,0.555023,0.555023,0.530470,0.548202,15960000
2012-01-31,0.562752,0.565178,0.539412,0.550476,17148000
2012-02-01,0.568967,0.600189,0.566239,0.586700,39444000
2012-02-02,0.595642,0.610192,0.587760,0.598067,22602000
2012-02-03,0.618528,0.632169,0.611253,0.623378,26310000
2012-02-06,0.617467,0.618073,0.593823,0.603523,16218000
2012-02-07,0.594126,0.610040,0.585032,0.604129,18906000
2012-02-08,0.607918,0.640049,0.607918,0.627015,28428000
2012-02-09,0.637321,0.637321,0.617315,0.632471,20448000
2012-02-10,0.612465,0.616103,0.586700,0.593368,28206000
2012-02-13,0.611556,0.613829,0.576848,0.599582,18954000
2012-02-14,0.593520,0.608221,0.591095,0.608221,20418000
2012-02-15,0.621104,0.638837,0.613829,0.616405,32016000
2012-02-16,0.612313,0.665361,0.612313,0.662026,32184000
2012-02-17,0.678243,0.678395,0.640656,0.646567,18594000
2012-02-21,0.651416,0.651720,0.612313,0.620649,19566000
2012-02-22,0.612768,0.628531,0.604736,0.611253,12120000
2012-02-23,0.612313,0.617922,0.588064,0.614891,14346000
2012-02-24,0.618376,0.628379,0.606857,0.610344,8700000
2012-02-27,0.598370,0.624135,0.586396,0.610949,16248000
2012-02-28,0.615041,0.649901,0.615041,0.641868,25620000
2012-02-29,0.644141,0.645203,0.608373,0.612162,17994000
2012-03-01,0.623075,0.630198,0.605038,0.612768,11220000
2012-03-02,0.608070,0.622316,0.591095,0.593975,15672000
2012-03-05,0.587912,0.588215,0.543807,0.549566,37602000
2012-03-06,0.524862,0.536987,0.515162,0.532895,25242000
2012-03-07,0.542140,0.564723,0.537896,0.558509,33216000
2012-03-08,0.575938,0.587155,0.565632,0.582304,18336000
2012-03-09,0.581698,0.602614,0.581243,0.601098,25692000
2012-03-12,0.601704,0.601704,0.577909,0.584729,16902000
2012-03-13,0.595339,0.622620,0.595339,0.622620,29352000
2012-03-14,0.628986,0.646870,0.613072,0.617012,32916000
2012-03-15,0.627773,0.655054,0.624135,0.651871,32976000
2012-03-16,0.652478,0.659904,0.645051,0.653235,17574000
2012-03-19,0.650204,0.677031,0.647173,0.668998,17856000
2012-03-20,0.653690,0.661419,0.638837,0.655963,16914000
2012-03-21,0.661269,0.670968,0.650204,0.662329,10542000
2012-03-22,0.648688,0.656570,0.635048,0.650962,12330000
2012-03-23,0.654448,0.656267,0.630955,0.655963,17070000
2012-03-26,0.672787,0.683699,0.660055,0.683699,19938000
2012-03-27,0.679001,0.697946,0.679001,0.682032,11262000
2012-03-28,0.681275,0.686427,0.643536,0.657479,20256000
2012-03-29,0.645355,0.662784,0.632774,0.659601,13368000
2012-03-30,0.680668,0.680668,0.651720,0.667180,17772000
2012-04-02,0.662329,0.673241,0.638230,0.666573,16848000
2012-04-03,0.663845,0.663845,0.627773,0.635806,24684000
2012-04-04,0.611404,0.613222,0.576696,0.592459,43110000
2012-04-05,0.590185,0.603219,0.586093,0.598067,13242000
2012-04-09,0.570786,0.577909,0.561540,0.573210,20418000
2012-04-10,0.570179,0.584274,0.537896,0.543201,19278000
2012-04-11,0.560782,0.580485,0.560024,0.568512,15714000
2012-04-12,0.572453,0.607009,0.570786,0.599734,29892000
2012-04-13,0.592307,0.599279,0.567299,0.567603,13854000
2012-04-16,0.582456,0.585336,0.553356,0.568512,26910000
2012-04-17,0.580182,0.602462,0.580182,0.594884,25710000
2012-04-18,0.575484,0.587609,0.562449,0.580030,18018000
2012-04-19,0.573059,0.601704,0.550173,0.561085,19344000
2012-04-20,0.561540,0.561692,0.520315,0.522134,40272000
2012-04-23,0.503340,0.504097,0.487123,0.503037,27534000
2012-04-24,0.509554,0.510008,0.485304,0.490911,19170000
2012-04-25,0.515010,0.527135,0.506977,0.523649,29502000
2012-04-26,0.527741,0.562147,0.527741,0.558964,28902000
2012-04-27,0.558054,0.564723,0.542443,0.559419,29844000
2012-04-30,0.558055,0.559419,0.550173,0.550325,15000000
2012-05-01,0.550173,0.570482,0.545474,0.556841,19788000
2012-05-02,0.545626,0.568360,0.541837,0.564571,15480000
2012-05-03,0.566996,0.568208,0.521982,0.524104,26280000
2012-05-04,0.516071,0.524408,0.488790,0.490306,31662000
2012-05-07,0.483031,0.497884,0.483031,0.487274,21600000
2012-05-08,0.478029,0.482121,0.448474,0.478787,33234000
2012-05-09,0.456810,0.480605,0.444079,0.474695,33318000
2012-05-10,0.484243,0.484243,0.457265,0.468632,21144000
2012-05-11,0.466055,0.495610,0.464389,0.478635,23736000
2012-05-14,0.464237,0.473179,0.457719,0.464540,18600000
2012-05-15,0.462721,0.475756,0.446959,0.449839,18522000
2012-05-16,0.453931,0.458780,0.427407,0.429074,32856000
2012-05-17,0.431651,0.433318,0.398004,0.398004,27282000
2012-05-18,0.405885,0.407249,0.373602,0.376027,48906000
2012-05-21,0.377694,0.406189,0.375875,0.404521,43740000
2012-05-22,0.405279,0.405279,0.388304,0.396640,29538000
2012-05-23,0.382545,0.402399,0.372844,0.401338,27300000
2012-05-24,0.401944,0.403763,0.377391,0.385576,28086000
2012-05-25,0.385121,0.403763,0.384818,0.399519,21594000
2012-05-29,0.411645,0.428619,0.410432,0.423012,18396000
2012-05-30,0.411341,0.411645,0.395882,0.400126,22146000
2012-05-31,0.397700,0.400278,0.374966,0.386788,21192000
2012-06-01,0.367388,0.368449,0.341016,0.341471,45294000
2012-06-04,0.342683,0.353293,0.327678,0.336772,27960000
2012-06-05,0.337985,0.362841,0.337985,0.359507,36054000
2012-06-06,0.369964,0.397549,0.368904,0.395882,41736000
2012-06-07,0.409674,0.414524,0.378149,0.379817,32898000
2012-06-08,0.372693,0.397852,0.371329,0.396488,22326000
2012-06-11,0.412705,0.414524,0.372542,0.373906,29760000
2012-06-12,0.379362,0.399671,0.378149,0.399368,36006000
2012-06-13,0.393760,0.403157,0.381332,0.385728,21486000
2012-06-14,0.387092,0.390577,0.370419,0.384514,21318000
2012-06-15,0.385576,0.403309,0.384818,0.401793,16392000
2012-06-18,0.394367,0.426195,0.394367,0.420587,31980000
2012-06-19,0.430742,0.440138,0.422708,0.433470,23340000
2012-06-20,0.436804,0.453021,0.434227,0.448171,39066000
2012-06-21,0.443473,0.444079,0.391032,0.392093,48192000
2012-06-22,0.398610,0.412857,0.397095,0.408310,21888000
2012-06-25,0.398004,0.398307,0.367085,0.368904,41736000
2012-06-26,0.373906,0.379210,0.360416,0.372238,24744000
2012-06-27,0.378149,0.391032,0.374360,0.387546,23748000
2012-06-28,0.374966,0.383909,0.364508,0.379817,30120000
2012-06-29,0.408310,0.428164,0.405885,0.427407,48804000
2012-07-02,0.435743,0.438622,0.418161,0.425740,17688000
2012-07-03,0.430438,0.445140,0.426498,0.445140,18162000
2012-07-05,0.435439,0.439229,0.420132,0.433015,17106000
2012-07-06,0.421193,0.422708,0.390274,0.401338,30462000
2012-07-09,0.396791,0.402702,0.381332,0.387394,25698000
2012-07-10,0.378603,0.391941,0.353141,0.360265,48462000
2012-07-11,0.363448,0.366479,0.344047,0.349049,34476000
2012-07-12,0.341623,0.342077,0.323890,0.333286,49020000
2012-07-13,0.335712,0.345108,0.333741,0.341774,30048000
2012-07-16,0.337076,0.337076,0.322980,0.330406,27762000
2012-07-17,0.336469,0.337227,0.309491,0.325860,49782000
2012-07-18,0.321767,0.365721,0.320707,0.358901,82602000
2012-07-19,0.374360,0.389971,0.374360,0.381786,54054000
2012-07-20,0.380422,0.382545,0.362235,0.362689,30600000
2012-07-23,0.339500,0.357840,0.326769,0.351929,36108000
2012-07-24,0.354657,0.357385,0.337985,0.348594,30174000
2012-07-25,0.356021,0.381181,0.355869,0.367085,43992000
2012-07-26,0.389971,0.400883,0.381938,0.392851,42372000
2012-07-27,0.398610,0.423618,0.392699,0.420132,44328000
2012-07-30,0.420587,0.429983,0.401944,0.409068,21042000
2012-07-31,0.422254,0.433318,0.416797,0.418768,64002000
2012-08-01,0.425740,0.430590,0.409219,0.418010,20508000
2012-08-02,0.405582,0.433470,0.400732,0.414069,21774000
2012-08-03,0.433470,0.447110,0.424376,0.439532,25608000
2012-08-06,0.447868,0.454234,0.443928,0.447261,15390000
2012-08-07,0.455900,0.485000,0.455900,0.474240,31686000
2012-08-08,0.469845,0.481515,0.467420,0.480605,15552000
2012-08-09,0.478029,0.492125,0.477423,0.489396,14832000
2012-08-10,0.488032,0.497429,0.484698,0.495762,13224000
2012-08-13,0.495762,0.495762,0.468177,0.486214,17268000
2012-08-14,0.494853,0.495913,0.466813,0.472876,21054000
2012-08-15,0.461811,0.487578,0.461811,0.480908,13752000
2012-08-16,0.480757,0.506220,0.479544,0.505916,14346000
2012-08-17,0.502885,0.502885,0.488487,0.495762,16194000
2012-08-20,0.492125,0.492730,0.472724,0.482727,60024000
2012-08-21,0.488183,0.503037,0.478635,0.483788,14460000
2012-08-22,0.476361,0.480454,0.464237,0.473633,16560000
2012-08-23,0.469541,0.471209,0.455598,0.464085,12726000
2012-08-24,0.459235,0.474997,0.454688,0.471664,11352000
2012-08-27,0.476513,0.476968,0.459993,0.467420,7974000
2012-08-28,0.461660,0.471966,0.459235,0.466207,10518000
2012-08-29,0.464540,0.472724,0.456204,0.467117,8772000
2012-08-30,0.459235,0.459235,0.441350,0.443927,13566000
2012-08-31,0.453324,0.466965,0.441805,0.461357,18720000
2012-09-04,0.460144,0.461206,0.434227,0.450748,33096000
2012-09-05,0.448323,0.457114,0.435591,0.440745,15120000
2012-09-06,0.451960,0.489851,0.451960,0.487729,33888000
2012-09-07,0.480908,0.484091,0.468481,0.478635,13488000
2012-09-10,0.471057,0.472724,0.450748,0.453627,19014000
2012-09-11,0.458326,0.467420,0.450596,0.461357,15582000
2012-09-12,0.465298,0.474846,0.457264,0.464237,18390000
2012-09-13,0.461660,0.481667,0.451960,0.477120,30066000
2012-09-14,0.485304,0.511069,0.484091,0.495458,22680000
2012-09-17,0.502279,0.502279,0.475452,0.481818,13680000
2012-09-18,0.478180,0.480454,0.470148,0.475149,8472000
2012-09-19,0.475756,0.476059,0.463782,0.466055,11808000
2012-09-20,0.460145,0.462418,0.445595,0.453931,18546000
2012-09-21,0.461357,0.469541,0.454082,0.454385,10662000
2012-09-24,0.442563,0.444988,0.428923,0.433924,20208000
2012-09-25,0.439229,0.443776,0.400732,0.400732,29880000
2012-09-26,0.392548,0.396488,0.377239,0.393760,29124000
2012-09-27,0.402702,0.423315,0.395731,0.420132,22788000
2012-09-28,0.415130,0.418313,0.407249,0.408613,18846000
2012-10-01,0.415585,0.423012,0.402247,0.405127,17454000
2012-10-02,0.414828,0.415282,0.402399,0.412402,12186000
2012-10-03,0.417101,0.417101,0.402854,0.405582,11076000
2012-10-04,0.409371,0.416040,0.400428,0.414978,13104000
2012-10-05,0.421193,0.433166,0.410129,0.413312,21108000
2012-10-08,0.406189,0.407249,0.394972,0.399519,13800000
2012-10-09,0.396336,0.396336,0.377088,0.380726,26988000
2012-10-10,0.377846,0.380574,0.364357,0.364963,33456000
2012-10-11,0.377998,0.378907,0.366782,0.367236,24282000
2012-10-12,0.365872,0.371328,0.360720,0.361022,20214000
2012-10-15,0.366176,0.378907,0.366176,0.376785,23754000
2012-10-16,0.379665,0.402399,0.379665,0.401035,25398000
2012-10-17,0.390729,0.405734,0.388607,0.398307,19134000
2012-10-18,0.393457,0.398307,0.381938,0.388304,17580000
2012-10-19,0.385424,0.385728,0.354354,0.354960,56556000
2012-10-22,0.359961,0.364357,0.349352,0.354354,23040000
2012-10-23,0.343442,0.360265,0.339500,0.357688,41184000
2012-10-24,0.369207,0.369207,0.340864,0.341168,38772000
2012-10-25,0.358446,0.358446,0.344502,0.354960,27804000
2012-10-26,0.354657,0.367236,0.351626,0.359961,28536000
2012-10-31,0.363751,0.367995,0.356173,0.359507,17892000
2012-11-01,0.363751,0.397095,0.360568,0.396185,59682000
2012-11-02,0.397549,0.400278,0.373906,0.374057,29826000
2012-11-05,0.373602,0.395882,0.370571,0.392699,21156000
2012-11-06,0.396488,0.412705,0.392699,0.408310,36810000
2012-11-07,0.391184,0.396185,0.369207,0.377543,49578000
2012-11-08,0.383454,0.384666,0.363751,0.363751,29484000
2012-11-09,0.362386,0.379967,0.361780,0.366327,39966000
2012-11-12,0.374966,0.375724,0.358901,0.366631,20754000
2012-11-13,0.359961,0.367691,0.356324,0.358749,25692000
2012-11-14,0.365872,0.369055,0.338743,0.341168,41352000
2012-11-15,0.342835,0.345715,0.325557,0.327224,44232000
2012-11-16,0.333287,0.333287,0.310249,0.327678,43050000
2012-11-19,0.341926,0.347382,0.335863,0.346321,43926000
2012-11-20,0.341926,0.344806,0.332832,0.344047,28992000
2012-11-21,0.345563,0.349201,0.341319,0.345715,13506000
2012-11-23,0.352383,0.368600,0.351626,0.363448,39354000
2012-11-26,0.362841,0.371328,0.360113,0.369510,27870000
2012-11-27,0.371328,0.376482,0.364053,0.365115,26604000
2012-11-28,0.360113,0.378907,0.349807,0.377846,30288000
2012-11-29,0.383302,0.387849,0.373754,0.381029,28662000
2012-11-30,0.380726,0.385728,0.375573,0.379513,17814000
2012-12-03,0.386637,0.389820,0.372844,0.374511,20892000
2012-12-04,0.376179,0.384212,0.368752,0.380877,11244000
2012-12-05,0.377694,0.385121,0.371935,0.378453,11466000
2012-12-06,0.380271,0.392851,0.378907,0.391941,22764000
2012-12-07,0.396185,0.398004,0.386637,0.394518,12366000
2012-12-10,0.392851,0.405279,0.392851,0.401793,10578000
2012-12-11,0.407553,0.428771,0.407249,0.426043,43932000
2012-12-12,0.434379,0.434379,0.418010,0.421041,21654000
2012-12-13,0.418465,0.431044,0.404218,0.409219,27486000
2012-12-14,0.403611,0.409674,0.394367,0.400732,18882000
2012-12-17,0.402551,0.410886,0.395276,0.405430,17166000
2012-12-18,0.415585,0.427710,0.405279,0.424224,29934000
2012-12-19,0.426043,0.439077,0.426043,0.427559,24540000
2012-12-20,0.426952,0.429226,0.415585,0.426800,15660000
2012-12-21,0.406188,0.414979,0.391032,0.413312,23190000
2012-12-24,0.420132,0.428771,0.404673,0.409674,9054000
2012-12-26,0.411038,0.419829,0.399064,0.400428,11136000
2012-12-27,0.399216,0.399823,0.380422,0.394063,24114000
2012-12-28,0.384969,0.398914,0.383302,0.387243,12612000
2012-12-31,0.390880,0.410281,0.384212,0.407553,29208000
2013-01-02,0.432257,0.459690,0.431954,0.459387,59640000
2013-01-03,0.457719,0.461811,0.445897,0.451203,23976000
2013-01-04,0.452415,0.454385,0.441654,0.449687,14664000
2013-01-07,0.446807,0.451051,0.435894,0.445140,14658000
2013-01-08,0.441654,0.447565,0.428923,0.430438,20568000
2013-01-09,0.433166,0.443624,0.433166,0.443169,15072000
2013-01-10,0.457719,0.463630,0.450293,0.461054,31482000
2013-01-11,0.455900,0.469845,0.455900,0.469086,11706000
2013-01-14,0.455446,0.469238,0.453324,0.465146,11772000
2013-01-15,0.459538,0.459842,0.451657,0.458174,11472000
2013-01-16,0.460296,0.477423,0.456659,0.473028,16008000
2013-01-17,0.484091,0.503947,0.480757,0.503037,35070000
2013-01-18,0.491821,0.500005,0.486516,0.495004,25674000
2013-01-22,0.494853,0.494853,0.481515,0.490609,14790000
2013-01-23,0.496368,0.507887,0.492276,0.506675,19140000
2013-01-24,0.485910,0.506220,0.481969,0.493185,15810000
2013-01-25,0.498187,0.518951,0.498187,0.511524,17778000
2013-01-28,0.516829,0.520163,0.510008,0.515010,9876000
2013-01-29,0.510008,0.510918,0.499400,0.505462,12882000
2013-01-30,0.503188,0.516071,0.503188,0.508039,14028000
2013-01-31,0.507129,0.515465,0.499400,0.503492,17040000
2013-02-01,0.515919,0.532440,0.512434,0.530319,23550000
2013-02-04,0.518345,0.534713,0.506068,0.507280,17340000
2013-02-05,0.516829,0.535016,0.513798,0.531228,13062000
2013-02-06,0.523043,0.536532,0.520921,0.534107,8304000
2013-02-07,0.538957,0.538957,0.512282,0.527135,14106000
2013-02-08,0.530469,0.548809,0.530469,0.547596,20130000
2013-02-11,0.548506,0.553658,0.540472,0.550021,7806000
2013-02-12,0.550021,0.556387,0.544110,0.553508,12744000
2013-02-13,0.559721,0.565329,0.547597,0.557903,9024000
2013-02-14,0.549566,0.574574,0.548657,0.573817,8382000
2013-02-15,0.576697,0.579121,0.556690,0.562752,15144000
2013-02-19,0.564875,0.584274,0.563359,0.583062,14514000
2013-02-20,0.583517,0.586548,0.543959,0.543959,25884000
2013-02-21,0.528954,0.536684,0.503643,0.514252,27420000
2013-02-22,0.528802,0.548506,0.524710,0.546383,29910000
2013-02-25,0.559266,0.562752,0.515162,0.515162,27048000
2013-02-26,0.517587,0.531833,0.513646,0.528045,17646000
2013-02-27,0.530621,0.560024,0.527741,0.551689,12156000
2013-02-28,0.547445,0.566087,0.547445,0.565784,18894000
2013-03-01,0.538958,0.553204,0.523953,0.545778,21294000
2013-03-04,0.548506,0.550476,0.530621,0.543504,10890000
2013-03-05,0.558054,0.578363,0.557902,0.574423,24552000
2013-03-06,0.586548,0.586851,0.571695,0.577000,22008000
2013-03-07,0.583062,0.593368,0.578970,0.584426,15654000
2013-03-08,0.598673,0.598673,0.570634,0.585791,29580000
2013-03-11,0.582759,0.590488,0.572150,0.588519,9966000
2013-03-12,0.580334,0.597915,0.580334,0.597309,10350000
2013-03-13,0.595641,0.606099,0.585790,0.602614,12882000
2013-03-14,0.609130,0.619588,0.606402,0.610949,10014000
2013-03-15,0.610949,0.610949,0.575635,0.581244,22080000
2013-03-18,0.557145,0.573362,0.549870,0.557751,22266000
2013-03-19,0.566693,0.568815,0.536987,0.551234,18228000
2013-03-20,0.563814,0.575938,0.561995,0.572907,21108000
2013-03-21,0.571240,0.571240,0.543959,0.545778,20580000
2013-03-22,0.554720,0.572150,0.553053,0.562904,14652000
2013-03-25,0.574726,0.583365,0.551082,0.560024,13764000
2013-03-26,0.564571,0.576393,0.564571,0.575483,9618000
2013-03-27,0.566087,0.579728,0.555023,0.577909,9366000
2013-03-28,0.587154,0.591095,0.570634,0.588367,11640000
2013-04-01,0.579728,0.585032,0.549870,0.555174,14892000
2013-04-02,0.571089,0.571089,0.533198,0.539260,23736000
2013-04-03,0.560782,0.560782,0.501218,0.506826,25308000
2013-04-04,0.507432,0.527438,0.496672,0.526226,17364000
2013-04-05,0.500915,0.521225,0.490306,0.518647,27174000
2013-04-08,0.513040,0.537744,0.506523,0.537744,14004000
2013-04-09,0.532743,0.563814,0.528196,0.552446,19890000
2013-04-10,0.557751,0.590033,0.557448,0.587912,29310000
2013-04-11,0.581698,0.592914,0.570937,0.582153,13578000
2013-04-12,0.568208,0.578818,0.553962,0.573514,11412000
2013-04-15,0.558357,0.568815,0.529560,0.532592,22998000
2013-04-16,0.545778,0.566087,0.540472,0.564571,15036000
2013-04-17,0.542595,0.542595,0.502128,0.508948,26514000
2013-04-18,0.522285,0.534865,0.492579,0.495156,19272000
2013-04-19,0.500460,0.510463,0.484395,0.506977,22866000
2013-04-22,0.510767,0.528196,0.490761,0.522437,22254000
2013-04-23,0.530469,0.558660,0.530469,0.556084,29820000
2013-04-24,0.546081,0.581395,0.546081,0.576090,17994000
2013-04-25,0.582153,0.603826,0.580485,0.592914,18084000
2013-04-26,0.576545,0.583062,0.570179,0.576696,9282000
2013-04-29,0.575938,0.600946,0.575938,0.596399,10020000
2013-04-30,0.602310,0.614132,0.588064,0.614132,9654000
2013-05-01,0.617164,0.617164,0.594884,0.596854,9882000
2013-05-02,0.610798,0.624287,0.598824,0.621559,12612000
2013-05-03,0.643384,0.651720,0.637321,0.639594,21360000
2013-05-06,0.652023,0.660208,0.643991,0.652478,17496000
2013-05-07,0.662026,0.662026,0.640958,0.651568,10182000
2013-05-08,0.651720,0.678243,0.651114,0.677183,10608000
2013-05-09,0.677334,0.697037,0.674757,0.687943,15090000
2013-05-10,0.694461,0.706888,0.692793,0.706738,12012000
2013-05-13,0.708556,0.708556,0.682487,0.685518,14652000
2013-05-14,0.691126,0.700220,0.683397,0.695976,11418000
2013-05-15,0.695976,0.723409,0.689610,0.714467,8250000
2013-05-16,0.720378,0.725985,0.698249,0.700827,8520000
2013-05-17,0.716892,0.728259,0.707192,0.727198,9216000
2013-05-20,0.731291,0.735838,0.718862,0.723106,16860000
2013-05-21,0.730836,0.730836,0.714770,0.721590,9300000
2013-05-22,0.727804,0.744628,0.677940,0.688550,25668000
2013-05-23,0.667937,0.691429,0.649447,0.687791,18678000
2013-05-24,0.674455,0.687641,0.666876,0.687641,6270000
2013-05-28,0.724016,0.724016,0.700978,0.705979,11004000
2013-05-29,0.686427,0.721287,0.686427,0.714618,5958000
2013-05-30,0.719165,0.755692,0.719165,0.747508,11388000
2013-05-31,0.729926,0.751902,0.720226,0.725682,9222000
2013-06-03,0.722802,0.744325,0.701432,0.727501,14388000
2013-06-04,0.733564,0.760087,0.726592,0.737202,24846000
2013-06-05,0.732655,0.732655,0.700372,0.702948,13428000
2013-06-06,0.701887,0.717195,0.678850,0.697492,11610000
2013-06-07,0.710678,0.732048,0.696128,0.730836,11730000
2013-06-10,0.742506,0.746598,0.725076,0.742354,10980000
2013-06-11,0.726743,0.727046,0.692338,0.694915,16632000
2013-06-12,0.712042,0.716437,0.667028,0.669453,17346000
2013-06-13,0.665664,0.712799,0.662481,0.709920,14190000
2013-06-14,0.725076,0.727349,0.698098,0.702191,8658000
2013-06-17,0.720984,0.745841,0.720984,0.732351,12372000
2013-06-18,0.748265,0.770849,0.735231,0.767969,15378000
2013-06-19,0.769181,0.778426,0.740687,0.742961,16416000
2013-06-20,0.715225,0.715225,0.666573,0.673696,19248000
2013-06-21,0.675364,0.694157,0.654145,0.678850,19020000
2013-06-24,0.652478,0.664906,0.621407,0.636715,22710000
2013-06-25,0.653842,0.687337,0.652175,0.683851,13842000
2013-06-26,0.703706,0.705828,0.680517,0.692642,11466000
2013-06-27,0.712345,0.719620,0.700372,0.701736,11340000
2013-06-28,0.703554,0.720529,0.684306,0.711132,11352000
2013-07-01,0.716437,0.728713,0.703706,0.705828,8286000
2013-07-02,0.705828,0.729017,0.693552,0.707647,12954000
2013-07-03,0.686579,0.727501,0.686579,0.718862,6444000
2013-07-05,0.732048,0.749933,0.722197,0.746901,11562000
2013-07-08,0.765543,0.765543,0.695218,0.702493,29700000
2013-07-09,0.721438,0.730381,0.716286,0.724167,10788000
2013-07-10,0.722348,0.752812,0.721893,0.749023,14016000
2013-07-11,0.780700,0.797523,0.772061,0.796766,13638000
2013-07-12,0.803282,0.813740,0.796766,0.810406,8298000
2013-07-15,0.816923,0.816923,0.804495,0.810255,8160000
2013-07-16,0.805405,0.828745,0.804192,0.816923,11532000
2013-07-17,0.828442,0.828745,0.812376,0.819045,13026000
2013-07-18,0.825411,0.825411,0.790097,0.798736,14046000
2013-07-19,0.785701,0.793886,0.770848,0.793886,12150000
2013-07-22,0.799494,0.799494,0.777972,0.788127,6804000
2013-07-23,0.788429,0.812528,0.775850,0.779488,13200000
2013-07-24,0.788127,0.788127,0.733867,0.736747,20934000
2013-07-25,0.727349,0.750387,0.722500,0.749933,9228000
2013-07-26,0.748417,0.748417,0.717650,0.729623,10296000
2013-07-29,0.728713,0.734019,0.711587,0.717650,7278000
2013-07-30,0.724925,0.746446,0.724470,0.741597,7872000
2013-07-31,0.748720,0.766452,0.743567,0.752206,7854000
2013-08-01,0.777214,0.794492,0.771909,0.792976,11010000
2013-08-02,0.785398,0.785398,0.763119,0.777972,5070000
2013-08-05,0.769030,0.777820,0.767059,0.774334,3534000
2013-08-06,0.775395,0.775395,0.749781,0.758572,4620000
2013-08-07,0.746296,0.749326,0.726137,0.734928,6234000
2013-08-08,0.746750,0.747508,0.724016,0.737202,4242000
2013-08-09,0.735079,0.738717,0.720833,0.726289,4308000
2013-08-12,0.715527,0.740687,0.715377,0.734322,3732000
2013-08-13,0.741142,0.761906,0.726137,0.758875,8910000
2013-08-14,0.742506,0.744173,0.720984,0.725076,12360000
2013-08-15,0.701736,0.701736,0.674455,0.675364,10518000
2013-08-16,0.675212,0.701584,0.671272,0.682032,7278000
2013-08-19,0.672787,0.690217,0.667634,0.668240,6270000
2013-08-20,0.669756,0.688398,0.669301,0.681578,6636000
2013-08-21,0.675060,0.683851,0.659298,0.666573,8808000
2013-08-22,0.673848,0.693399,0.673848,0.689155,8454000
2013-08-23,0.696582,0.698856,0.677940,0.689610,9096000
2013-08-26,0.686731,0.698553,0.681578,0.684913,4092000
2013-08-27,0.659298,0.661874,0.630955,0.633835,16050000
2013-08-28,0.638989,0.664754,0.638989,0.654751,6834000
2013-08-29,0.658843,0.684306,0.654903,0.679759,5964000
2013-08-30,0.678395,0.681123,0.654296,0.661117,7362000
2013-09-03,0.691581,0.703251,0.667634,0.677334,7626000
2013-09-04,0.690217,0.733867,0.684306,0.729320,17016000
2013-09-05,0.735231,0.750538,0.733260,0.746446,5136000
2013-09-06,0.753873,0.755237,0.718407,0.737352,10566000
2013-09-09,0.740384,0.770090,0.738717,0.766907,5964000
2013-09-10,0.784185,0.810861,0.783883,0.809497,10008000
2013-09-11,0.799342,0.808588,0.781306,0.802525,4254000
2013-09-12,0.806920,0.808436,0.785095,0.788581,3576000
2013-09-13,0.786308,0.799342,0.776305,0.799039,2934000
2013-09-16,0.827684,0.828897,0.806010,0.808588,6642000
2013-09-17,0.813134,0.829049,0.813134,0.824956,5118000
2013-09-18,0.823743,0.848296,0.813437,0.846175,6474000
2013-09-19,0.850267,0.860118,0.829806,0.837384,5850000
2013-09-20,0.835869,0.851783,0.820258,0.823895,4320000
2013-09-23,0.826775,0.838445,0.803131,0.813285,12870000
2013-09-24,0.822986,0.839355,0.813134,0.829654,5820000
2013-09-25,0.834505,0.844963,0.815711,0.831777,4452000
2013-09-26,0.842840,0.845872,0.820561,0.830564,6276000
2013-09-27,0.818287,0.822379,0.804798,0.811467,3846000
2013-09-30,0.789036,0.819197,0.776153,0.812983,8412000
2013-10-01,0.818287,0.840416,0.812528,0.834050,5850000
2013-10-02,0.814347,0.832534,0.814347,0.832534,2394000
2013-10-03,0.827230,0.845417,0.799949,0.825866,4836000
2013-10-04,0.825866,0.851025,0.825866,0.844356,4698000
2013-10-07,0.824653,0.848751,0.815408,0.831777,3126000
2013-10-08,0.833444,0.838597,0.782671,0.792219,6852000
2013-10-09,0.792674,0.799342,0.756449,0.782064,7686000
2013-10-10,0.805405,0.839052,0.802979,0.835262,10824000
2013-10-11,0.826017,0.848751,0.817681,0.842992,6798000
2013-10-14,0.819803,0.862544,0.818439,0.859513,5442000
2013-10-15,0.860573,0.864817,0.833596,0.837536,6456000
2013-10-16,0.842992,0.863453,0.838900,0.861332,4344000
2013-10-17,0.847994,0.881338,0.834959,0.879519,5004000
2013-10-18,0.889218,0.889218,0.864665,0.885430,6288000
2013-10-21,0.892705,0.897252,0.883611,0.895888,4620000
2013-10-22,0.901344,0.901344,0.874668,0.889977,6168000
2013-10-23,0.850267,0.850267,0.789945,0.802070,13896000
2013-10-24,0.816014,0.830261,0.816014,0.821622,5088000
2013-10-25,0.829199,0.833595,0.821622,0.830715,7236000
2013-10-28,0.830564,0.851025,0.825107,0.847842,3276000
2013-10-29,0.856330,0.886339,0.856330,0.885126,6594000
2013-10-30,0.889825,0.895584,0.861482,0.872092,4176000
2013-10-31,0.874366,0.902708,0.873154,0.886945,6642000
2013-11-01,0.894069,0.898009,0.868455,0.877246,4572000
2013-11-04,0.888309,0.888309,0.870425,0.875578,2082000
2013-11-05,0.856026,0.878155,0.846175,0.867697,3276000
2013-11-06,0.880428,0.882247,0.861937,0.877397,2826000
2013-11-07,0.874820,0.874820,0.823138,0.826926,7236000
2013-11-08,0.823288,0.855269,0.818439,0.854359,5514000
2013-11-11,0.846175,0.856330,0.838445,0.853753,2082000
2013-11-12,0.845720,0.870425,0.845720,0.868000,4428000
2013-11-13,0.857845,0.893311,0.852086,0.892553,2928000
2013-11-14,0.891946,0.891946,0.874517,0.880125,2946000
2013-11-15,0.884521,0.900283,0.869212,0.896797,3630000
2013-11-18,0.900283,0.900889,0.867242,0.872547,7848000
2013-11-19,0.877397,0.878610,0.839809,0.842083,6336000
2013-11-20,0.845265,0.851631,0.823138,0.829503,5040000
2013-11-21,0.838293,0.875427,0.837839,0.873759,4164000
2013-11-22,0.870576,0.878610,0.862241,0.875275,2322000
2013-11-25,0.879974,0.879974,0.856026,0.872244,3900000
2013-11-26,0.886036,0.900283,0.874668,0.894675,5604000
2013-11-27,0.885581,0.906648,0.879367,0.906346,4746000
2013-11-29,0.909376,0.917864,0.903617,0.906194,2976000
2013-12-02,0.914226,0.915742,0.897707,0.901344,5214000
2013-12-03,0.895281,0.919380,0.893462,0.910589,5022000
2013-12-04,0.906800,0.916955,0.880579,0.899071,2712000
2013-12-05,0.900283,0.915742,0.898464,0.904982,3810000
2013-12-06,0.945904,0.945904,0.926048,0.936203,4728000
2013-12-09,0.951511,0.953936,0.938628,0.943478,3150000
2013-12-10,0.940295,0.947722,0.925593,0.935446,1938000
2013-12-11,0.938931,0.942114,0.904072,0.907861,3504000
2013-12-12,0.905133,0.910893,0.881641,0.884975,4140000
2013-12-13,0.894220,0.899373,0.874517,0.880277,4620000
2013-12-16,0.899373,0.931808,0.899373,0.915742,3594000
2013-12-17,0.915742,0.950753,0.915742,0.944236,5094000
2013-12-18,0.946206,0.965606,0.902404,0.963030,6684000
2013-12-19,0.961514,0.961514,0.933172,0.945752,3366000
2013-12-20,0.945752,0.977732,0.945752,0.969850,7314000
2013-12-23,0.987583,0.997738,0.979701,0.993949,4920000
2013-12-24,1.001527,1.012136,0.995767,1.005771,2052000
2013-12-26,1.010924,1.019411,1.005164,1.015016,4362000
2013-12-27,1.018047,1.024413,1.010165,1.012288,2088000
2013-12-30,1.007438,1.026383,1.007438,1.020018,2718000
2013-12-31,1.026838,1.046995,1.026838,1.046086,4722000
2014-01-02,1.026383,1.026383,0.988795,0.999102,7344000
2014-01-03,1.003497,1.003497,0.980763,0.995465,4176000
2014-01-06,1.000769,1.000769,0.972276,0.976671,3546000
2014-01-07,0.985461,1.002890,0.981975,0.999405,2796000
2014-01-08,1.022139,1.045783,1.015470,1.043509,4404000
2014-01-09,1.053968,1.053968,1.009560,1.021382,2556000
2014-01-10,1.021533,1.038205,1.019563,1.033809,2616000
2014-01-13,1.028505,1.038508,0.988947,0.996980,5268000
2014-01-14,1.001526,1.067760,0.997738,1.065487,8208000
2014-01-15,1.077460,1.101558,1.074581,1.092465,5568000
2014-01-16,1.089736,1.092768,1.068518,1.074277,6768000
2014-01-17,1.061242,1.077914,1.048966,1.055786,4092000
2014-01-21,1.069427,1.076853,1.049723,1.076550,5472000
2014-01-22,1.076550,1.113986,1.068972,1.113380,3648000
2014-01-23,1.081855,1.092919,1.056695,1.075490,6252000
2014-01-24,1.056089,1.061090,0.998495,1.000011,8844000
2014-01-27,1.012439,1.012894,0.962575,0.980914,8034000
2014-01-28,0.973639,0.997889,0.961514,0.992887,4476000
2014-01-29,0.973942,1.006983,0.973942,0.978944,6654000
2014-01-30,1.002435,1.025625,0.996525,1.016986,5076000
2014-01-31,0.986522,1.015773,0.974851,1.001223,3480000
2014-02-03,0.998950,0.998950,0.929535,0.938022,7428000
2014-02-04,0.938779,0.946054,0.924078,0.939538,6804000
2014-02-05,0.934384,0.955907,0.911498,0.943326,4200000
2014-02-06,0.958937,0.994251,0.958180,0.988189,7758000
2014-02-07,1.001678,1.038811,0.990614,1.035932,7098000
2014-02-10,1.029717,1.056241,1.029262,1.051846,4908000
2014-02-11,1.056998,1.100043,1.053967,1.092009,6120000
2014-02-12,1.109439,1.127930,1.103680,1.122777,8586000
2014-02-13,1.103074,1.163092,1.099739,1.163092,5844000
2014-02-14,1.162941,1.186736,1.148088,1.182341,7818000
2014-02-18,1.198256,1.198256,1.167033,1.191890,5424000
2014-02-19,1.186888,1.206288,1.179309,1.189162,4584000
2014-02-20,1.191586,1.220081,1.185372,1.217201,5178000
2014-02-21,1.222050,1.229174,1.187797,1.198710,5064000
2014-02-24,1.216291,1.235236,1.208107,1.212502,4512000
2014-02-25,1.207804,1.217352,1.174762,1.194769,6354000
2014-02-26,1.202802,1.243875,1.202802,1.217958,5082000
2014-02-27,1.212502,1.224476,1.191586,1.216291,3162000
2014-02-28,1.225991,1.228416,1.188555,1.212502,4836000
2014-03-03,1.176278,1.200377,1.157182,1.192647,8346000
2014-03-04,1.229325,1.259335,1.228870,1.254485,7014000
2014-03-05,1.254485,1.273127,1.247512,1.262366,3366000
2014-03-06,1.273127,1.292527,1.259639,1.291163,3126000
2014-03-07,1.303288,1.306622,1.272824,1.285101,3978000
2014-03-10,1.274643,1.293437,1.259487,1.276917,1980000
2014-03-11,1.289648,1.298135,1.245998,1.256606,2088000
2014-03-12,1.236904,1.288284,1.230841,1.288284,2508000
2014-03-13,1.301924,1.307835,1.203105,1.223869,5796000
2014-03-14,1.212502,1.235236,1.202044,1.204469,3678000
2014-03-17,1.229780,1.259638,1.227052,1.247665,4002000
2014-03-18,1.262063,1.302834,1.247058,1.300863,8142000
2014-03-19,1.302985,1.324962,1.273430,1.297983,6624000
2014-03-20,1.277371,1.371794,1.277371,1.371037,6588000
2014-03-21,1.387254,1.388770,1.324052,1.334965,7470000
2014-03-24,1.354668,1.354668,1.285555,1.318444,9888000
2014-03-25,1.328599,1.368763,1.324810,1.345725,6858000
2014-03-26,1.373159,1.394377,1.302834,1.304956,8124000
2014-03-27,1.293891,1.316625,1.263427,1.272672,5778000
2014-03-28,1.286768,1.329206,1.280705,1.300106,4116000
2014-03-31,1.330570,1.372704,1.323143,1.362701,9546000
2014-04-01,1.392103,1.426357,1.377553,1.426357,8106000
2014-04-02,1.439846,1.439846,1.396954,1.417415,7266000
2014-04-03,1.424690,1.465763,1.404684,1.425902,6804000
2014-04-04,1.464854,1.464854,1.300712,1.306017,15960000
2014-04-07,1.283737,1.326932,1.246149,1.269944,9858000
2014-04-08,1.280705,1.322082,1.273734,1.317535,5208000
2014-04-09,1.344665,1.364217,1.318596,1.359973,7512000
2014-04-10,1.364671,1.365883,1.230689,1.234630,11070000
2014-04-11,1.197346,1.244634,1.166124,1.175672,9384000
2014-04-14,1.202953,1.223566,1.171731,1.203257,5760000
2014-04-15,1.216291,1.238571,1.164002,1.228113,6870000
2014-04-16,1.252818,1.252818,1.170065,1.220990,5334000
2014-04-17,1.218262,1.307381,1.218262,1.291466,10782000
2014-04-21,1.296468,1.326478,1.274794,1.325568,6312000
2014-04-22,1.333753,1.373159,1.325871,1.363458,5940000
2014-04-23,1.367702,1.376948,1.346332,1.357851,2610000
2014-04-24,1.393468,1.393468,1.327538,1.378918,6888000
2014-04-25,1.344058,1.344058,1.237055,1.245543,12810000
2014-04-28,1.254182,1.277068,1.174763,1.222809,7662000
2014-04-29,1.240087,1.259941,1.217503,1.245088,3888000
2014-04-30,1.231751,1.270247,1.231144,1.270247,4680000
2014-05-01,1.272218,1.305258,1.251150,1.257668,4398000
2014-05-02,1.245694,1.284343,1.245694,1.265246,4212000
2014-05-05,1.251605,1.281159,1.234176,1.271308,2844000
2014-05-06,1.276916,1.292830,1.255697,1.256152,2064000
2014-05-07,1.267974,1.272521,1.226597,1.258577,3090000
2014-05-08,1.247210,1.337390,1.246907,1.284343,7788000
2014-05-09,1.280402,1.283282,1.245998,1.273885,2988000
2014-05-12,1.281614,1.346938,1.281614,1.342846,9942000
2014-05-13,1.353152,1.354364,1.311473,1.313140,4584000
2014-05-14,1.303137,1.312079,1.277674,1.279645,3846000
2014-05-15,1.268580,1.279038,1.205379,1.234781,8310000
2014-05-16,1.232660,1.277219,1.229022,1.271308,3402000
2014-05-19,1.266610,1.322536,1.266610,1.312078,4440000
2014-05-20,1.313292,1.324810,1.273127,1.293588,3666000
2014-05-21,1.306471,1.323446,1.293134,1.312230,4350000
2014-05-22,1.321172,1.345877,1.316171,1.331479,4740000
2014-05-23,1.330266,1.369673,1.325719,1.367248,7674000
2014-05-27,1.405594,1.419537,1.384071,1.419537,6498000
2014-05-28,1.432116,1.436663,1.403168,1.424084,4740000
2014-05-29,1.427419,1.449546,1.424841,1.432875,3030000
2014-05-30,1.431511,1.444242,1.422113,1.438786,2382000
2014-06-02,1.463793,1.473947,1.425448,1.462126,3918000
2014-06-03,1.463339,1.508504,1.455760,1.503351,6246000
2014-06-04,1.503654,1.530026,1.488195,1.523812,4044000
2014-06-05,1.533057,1.558823,1.505776,1.544879,6264000
2014-06-06,1.555791,1.578223,1.550184,1.567917,6654000
2014-06-09,1.575950,1.605504,1.571706,1.579133,6924000
2014-06-10,1.582163,1.596259,1.558823,1.594895,4128000
2014-06-11,1.580345,1.634757,1.580345,1.618084,4884000
2014-06-12,1.617629,1.632179,1.582618,1.601260,6840000
2014-06-13,1.646881,1.663402,1.619902,1.646729,6210000
2014-06-16,1.651580,1.686591,1.639000,1.677497,7470000
2014-06-17,1.683104,1.721753,1.672041,1.715236,6432000
2014-06-18,1.719783,1.721298,1.651730,1.694623,9090000
2014-06-19,1.709931,1.712508,1.665675,1.699322,7944000
2014-06-20,1.702505,1.714175,1.689470,1.714175,4170000
2014-06-23,1.721147,1.721147,1.690076,1.695230,6738000
2014-06-24,1.685681,1.731605,1.643698,1.657490,9162000
2014-06-25,1.644456,1.681286,1.622631,1.675375,6300000
2014-06-26,1.664916,1.678102,1.615507,1.654004,5352000
2014-06-27,1.641577,1.661886,1.633392,1.661886,2694000
2014-06-30,1.663402,1.718722,1.663402,1.713872,4662000
2014-07-01,1.726299,1.807992,1.726299,1.784500,9978000
2014-07-02,1.799505,1.805870,1.781014,1.797990,5664000
2014-07-03,1.802081,1.841184,1.802081,1.834212,3942000
2014-07-07,1.834212,1.839366,1.786318,1.795867,8154000
2014-07-08,1.785561,1.797080,1.716146,1.768738,10506000
2014-07-09,1.782833,1.805112,1.741456,1.799504,6528000
2014-07-10,1.720843,1.795564,1.702353,1.773587,6774000
2014-07-11,1.782984,1.790562,1.752217,1.777074,3882000
2014-07-14,1.810114,1.820572,1.786925,1.801020,7164000
2014-07-15,1.817541,1.817692,1.736606,1.786773,6828000
2014-07-16,1.828301,1.851338,1.814509,1.848611,5760000
2014-07-17,1.804658,1.804658,1.696139,1.705839,12642000
2014-07-18,1.727815,1.777528,1.715993,1.772677,5280000
2014-07-21,1.772527,1.797080,1.756613,1.787228,3408000
2014-07-22,1.818905,1.832546,1.796019,1.821329,4308000
2014-07-23,1.802839,1.802839,1.693259,1.695533,12192000
2014-07-24,1.695533,1.697503,1.647033,1.652640,9876000
2014-07-25,1.620206,1.620206,1.538059,1.553215,10626000
2014-07-28,1.558065,1.558369,1.491075,1.548214,8148000
2014-07-29,1.558217,1.584741,1.538817,1.541090,5832000
2014-07-30,1.567613,1.598987,1.556398,1.586559,5922000
2014-07-31,1.537908,1.545334,1.468037,1.478949,9606000
2014-08-01,1.470159,1.529269,1.464096,1.501078,9360000
2014-08-04,1.513657,1.533816,1.477737,1.519871,4602000
2014-08-05,1.497591,1.522903,1.455002,1.474554,6888000
2014-08-06,1.452274,1.516992,1.449243,1.487740,8052000
2014-08-07,1.519265,1.524721,1.417111,1.429388,7098000
2014-08-08,1.443635,1.481374,1.434996,1.477282,6456000
2014-08-11,1.498804,1.545788,1.498804,1.521841,7698000
2014-08-12,1.513051,1.534270,1.476979,1.516083,5640000
2014-08-13,1.529723,1.559733,1.525328,1.559733,5910000
2014-08-14,1.561097,1.577313,1.554124,1.568068,4776000
2014-08-15,1.600048,1.634756,1.563218,1.615356,7260000
2014-08-18,1.635513,1.639151,1.602624,1.636726,6054000
2014-08-19,1.642182,1.680073,1.642182,1.671737,4548000
2014-08-20,1.671737,1.721450,1.665826,1.712811,4878000
2014-08-21,1.718570,1.737667,1.703414,1.735545,4374000
2014-08-22,1.742517,1.759492,1.716600,1.739334,6348000
2014-08-25,1.773739,1.773739,1.709931,1.718267,6822000
2014-08-26,1.714327,1.738273,1.714327,1.719783,3456000
2014-08-27,1.718873,1.734333,1.696442,1.729179,3738000
2014-08-28,1.712811,1.766162,1.695381,1.766162,3102000
2014-08-29,1.775558,1.802082,1.763433,1.785713,5214000
2014-09-02,1.797383,1.797383,1.738576,1.761614,4158000
2014-09-03,1.793139,1.798899,1.763433,1.777074,3906000
2014-09-04,1.787077,1.832242,1.778286,1.790714,6786000
2014-09-05,1.788289,1.835728,1.786318,1.835728,8496000
2014-09-08,1.835728,1.877711,1.827847,1.847096,5826000
2014-09-09,1.847247,1.852855,1.790714,1.798140,4278000
2014-09-10,1.797535,1.807538,1.761310,1.796321,7584000
2014-09-11,1.780104,1.810871,1.754339,1.809962,4134000
2014-09-12,1.796625,1.796625,1.727815,1.739940,5574000
2014-09-15,1.747519,1.753581,1.674617,1.676436,7626000
2014-09-16,1.670070,1.770556,1.665978,1.763433,6174000
2014-09-17,1.770101,1.833909,1.770101,1.805112,8154000
2014-09-18,1.831029,1.882712,1.812235,1.882712,6774000
2014-09-19,1.898324,1.903477,1.805112,1.815418,6696000
2014-09-22,1.799049,1.806628,1.739031,1.749034,8310000
2014-09-23,1.721298,1.776770,1.708870,1.735393,5520000
2014-09-24,1.747974,1.800718,1.743427,1.797686,4500000
2014-09-25,1.793594,1.793594,1.683408,1.700382,8892000
2014-09-26,1.725996,1.774345,1.724178,1.759492,5322000
2014-09-29,1.704929,1.783742,1.696594,1.766919,4182000
2014-09-30,1.769799,1.771768,1.705081,1.722814,5490000
2014-10-01,1.714932,1.714932,1.584589,1.597168,13020000
2014-10-02,1.589893,1.589893,1.483951,1.570645,17538000
2014-10-03,1.617781,1.629300,1.573222,1.594440,10464000
2014-10-06,1.613688,1.614598,1.525327,1.555943,7080000
2014-10-07,1.540636,1.550032,1.468491,1.468491,6960000
2014-10-08,1.473038,1.573221,1.428478,1.565340,11916000
2014-10-09,1.561097,1.561097,1.435905,1.439998,11388000
2014-10-10,1.322536,1.322536,1.103680,1.141570,57942000
2014-10-13,1.145966,1.184615,1.067760,1.067760,18840000
2014-10-14,1.124596,1.186736,1.097769,1.128081,30090000
2014-10-15,1.067608,1.167033,1.040933,1.142935,41124000
2014-10-16,1.093525,1.220535,1.083674,1.192495,31764000
2014-10-17,1.261760,1.281614,1.214775,1.221595,43908000
2014-10-20,1.214927,1.282373,1.197801,1.279341,16344000
2014-10-21,1.327387,1.423174,1.311624,1.418476,22548000
2014-10-22,1.445606,1.461065,1.356790,1.359518,32538000
2014-10-23,1.407563,1.440453,1.399076,1.418325,17814000
2014-10-24,1.417111,1.470310,1.417111,1.464096,15600000
2014-10-27,1.439998,1.488195,1.421204,1.479101,24660000
2014-10-28,1.496834,1.545031,1.487133,1.543515,18132000
2014-10-29,1.536846,1.564128,1.499562,1.552760,24510000
2014-10-30,1.540181,1.540181,1.437421,1.500319,17796000
2014-10-31,1.617933,1.694926,1.617933,1.674769,30552000
2014-11-03,1.703414,1.731756,1.674617,1.705839,12402000
2014-11-04,1.690531,1.718873,1.649154,1.691592,8046000
2014-11-05,1.727816,1.745246,1.680983,1.741456,13212000
2014-11-06,1.714478,1.724330,1.661886,1.697049,11454000
2014-11-07,1.697049,1.707809,1.606111,1.647184,16014000
2014-11-10,1.662189,1.692047,1.638849,1.684468,3756000
2014-11-11,1.696594,1.696594,1.656278,1.669767,4548000
2014-11-12,1.647487,1.673253,1.639908,1.666735,3774000
2014-11-13,1.679770,1.719631,1.652034,1.669615,7716000
2014-11-14,1.654308,1.715084,1.632179,1.710689,9924000
2014-11-17,1.689924,1.700989,1.645365,1.688560,10320000
2014-11-18,1.695987,1.800263,1.695987,1.786167,10830000
2014-11-19,1.790260,1.795867,1.725239,1.751762,8220000
2014-11-20,1.713265,1.803597,1.704172,1.800566,8310000
2014-11-21,1.860282,1.873316,1.816783,1.854674,12906000
2014-11-24,1.867859,1.915450,1.856644,1.911964,9054000
2014-11-25,1.924847,1.932273,1.899688,1.911207,6144000
2014-11-26,1.921058,2.035942,1.921058,2.034427,10092000
2014-11-28,2.051705,2.070802,2.012450,2.046097,6168000
2014-12-01,2.030031,2.057009,1.948491,1.974711,13002000
2014-12-02,1.991382,2.012753,1.934546,2.012298,8928000
2014-12-03,2.030789,2.145371,2.030789,2.137337,10110000
2014-12-04,2.166287,2.185535,2.106723,2.146583,11634000
2014-12-05,2.162497,2.212513,2.150373,2.212513,6846000
2014-12-08,2.208724,2.223124,2.075653,2.117181,15150000
2014-12-09,2.011086,2.129760,2.006387,2.111420,12642000
2014-12-10,2.113391,2.121727,1.981834,1.993201,11838000
2014-12-11,2.027303,2.095961,2.007449,2.021544,9138000
2014-12-12,1.970316,2.008358,1.916056,1.921512,10422000
2014-12-15,1.955917,2.004873,1.849066,1.866950,16956000
2014-12-16,1.843913,1.950159,1.820724,1.835122,16812000
2014-12-17,1.840276,1.962283,1.794503,1.953493,15510000
2014-12-18,2.045491,2.061254,2.002145,2.061254,21252000
2014-12-19,2.082776,2.088384,2.013058,2.045189,15420000
2014-12-22,2.073986,2.142340,2.065649,2.135974,10992000
2014-12-23,2.182581,2.186825,2.118013,2.123924,16380000
2014-12-24,2.131654,2.156815,2.121953,2.131351,3030000
2014-12-26,2.154389,2.162573,2.129077,2.139686,3072000
2014-12-29,2.127714,2.134685,2.093762,2.120589,5970000
2014-12-30,2.077241,2.109828,2.077241,2.084062,5286000
2014-12-31,2.089973,2.134685,2.042229,2.043441,8412000
2015-01-02,2.079969,2.111647,1.984632,2.043593,15978000
2015-01-05,1.987513,2.023434,1.923248,1.927946,12648000
2015-01-06,1.925673,1.932494,1.779865,1.796689,13386000
2015-01-07,1.828214,1.876717,1.797901,1.851101,8574000
2015-01-08,1.924915,2.056930,1.909758,2.017675,13884000
2015-01-09,2.042380,2.048443,1.943861,2.022677,11070000
2015-01-12,1.994939,1.994939,1.869441,1.901119,10962000
2015-01-13,1.943407,2.012976,1.815483,1.844433,12708000
2015-01-14,1.784260,1.869896,1.758342,1.814877,9324000
2015-01-15,1.850040,1.886871,1.765769,1.770619,6774000
2015-01-16,1.754250,1.837915,1.730908,1.831095,8616000
2015-01-20,1.846100,1.908849,1.816241,1.888994,9438000
2015-01-21,1.873534,1.974781,1.851253,1.950984,9642000
2015-01-22,1.956745,1.992362,1.835489,1.987664,12336000
2015-01-23,1.965384,2.000699,1.936434,1.970234,9594000
2015-01-26,1.968112,1.994031,1.912941,1.990848,6576000
2015-01-27,1.909758,1.932494,1.837309,1.876413,15486000
2015-01-28,1.940071,1.999032,1.845948,1.848373,13218000
2015-01-29,1.820636,1.873988,1.749854,1.853678,15474000
2015-01-30,1.804570,1.862772,1.735455,1.739699,10230000
2015-02-02,1.756978,1.767284,1.642392,1.755614,14562000
2015-02-03,1.781987,1.853223,1.769103,1.850344,10800000
2015-02-04,1.837309,1.910668,1.822303,1.872473,8946000
2015-02-05,1.881718,1.925673,1.866410,1.923702,6324000
2015-02-06,1.935676,1.981147,1.878081,1.894601,11220000
2015-02-09,1.862317,1.885962,1.818817,1.832610,6336000
2015-02-10,1.899755,2.019645,1.887478,2.018281,10446000
2015-02-11,2.015552,2.061326,1.958714,2.038591,9228000
2015-02-12,2.076332,2.137111,2.060872,2.136959,8820000
2015-02-13,2.172577,2.199859,2.124379,2.182429,8976000
2015-02-17,2.183188,2.209409,2.158634,2.204255,5856000
2015-02-18,2.197737,2.202285,2.158329,2.182580,5652000
2015-02-19,2.167878,2.221686,2.161513,2.202588,5124000
2015-02-20,2.186067,2.244421,2.166515,2.241845,6198000
2015-02-23,2.240025,2.241541,2.173942,2.197283,5010000
2015-02-24,2.189401,2.289284,2.154086,2.286253,8376000
2015-02-25,2.285647,2.290043,2.230173,2.247906,5766000
2015-02-26,2.278220,2.315203,2.258364,2.293529,6090000
2015-02-27,2.298530,2.314142,2.255940,2.277007,4236000
2015-03-02,2.326874,2.467378,2.326874,2.466165,10602000
2015-03-03,2.442824,2.442824,2.318992,2.323691,11424000
2015-03-04,2.305048,2.322933,2.236539,2.319902,7704000
2015-03-05,2.354157,2.361887,2.292468,2.322024,5172000
2015-03-06,2.293376,2.312323,2.230627,2.251998,6402000
2015-03-09,2.246239,2.286253,2.239571,2.271703,3822000
2015-03-10,2.221533,2.239267,2.135292,2.143476,10950000
2015-03-11,2.171365,2.226687,2.158179,2.161513,5814000
2015-03-12,2.096642,2.159088,2.087093,2.158784,5214000
2015-03-13,2.172729,2.213501,2.129987,2.203345,5982000
2015-03-16,2.219110,2.304140,2.219110,2.300350,6324000
2015-03-17,2.257000,2.263973,2.209409,2.251393,6150000
2015-03-18,2.251544,2.334907,2.163029,2.300804,8148000
2015-03-19,2.300804,2.334755,2.282313,2.317628,4704000
2015-03-20,2.371132,2.437974,2.355976,2.419331,6618000
2015-03-23,2.419179,2.426454,2.351579,2.351579,6318000
2015-03-24,2.340970,2.369010,2.288830,2.291407,6552000
2015-03-25,2.300046,2.300046,1.970385,1.977509,21066000
2015-03-26,1.871866,1.932494,1.766526,1.895965,24066000
2015-03-27,1.884750,2.076028,1.880657,2.051626,16368000
2015-03-30,2.091640,2.148327,2.057992,2.137111,16764000
2015-03-31,2.098157,2.112859,2.050414,2.061932,6942000
2015-04-01,2.042987,2.049050,1.970386,2.023132,12366000
2015-04-02,2.027678,2.065115,2.000396,2.002820,10686000
2015-04-06,1.942800,2.045412,1.917791,2.031467,8514000
2015-04-07,2.046473,2.088609,2.023587,2.036621,5790000
2015-04-08,2.024799,2.091489,2.018888,2.073300,3948000
2015-04-09,2.038287,2.159239,2.038287,2.153782,7356000
2015-04-10,2.166212,2.177882,2.143174,2.177882,4248000
2015-04-13,2.177882,2.212592,2.130442,2.135595,7758000
2015-04-14,2.153480,2.153480,2.050565,2.073300,8010000
2015-04-15,2.124682,2.196374,2.094217,2.178034,8970000
2015-04-16,2.121953,2.163483,2.109374,2.150600,3702000
2015-04-17,2.103310,2.103310,2.026465,2.058446,9108000
2015-04-20,2.091185,2.133927,2.083910,2.108767,4416000
2015-04-21,2.179246,2.197738,2.129987,2.154844,6054000
2015-04-22,2.181823,2.248058,2.144689,2.244118,9702000
2015-04-23,2.121195,2.165150,2.079969,2.138777,11388000
2015-04-24,2.129533,2.133473,1.995546,2.034196,18216000
2015-04-27,2.039349,2.114375,2.032225,2.055415,8376000
2015-04-28,2.038742,2.069057,1.970386,2.057992,4686000
2015-04-29,2.037530,2.042684,1.960533,2.023434,7008000
2015-04-30,2.006004,2.033438,1.933403,1.977206,6360000
2015-05-01,1.996910,2.146811,1.996910,2.131351,17382000
2015-05-04,2.139991,2.164696,2.100734,2.117407,7014000
2015-05-05,2.098158,2.098158,1.977661,1.983572,11862000
2015-05-06,2.002215,2.026617,1.932191,1.976145,9012000
2015-05-07,1.994333,2.051626,1.994333,2.042684,7686000
2015-05-08,2.091791,2.126651,2.079665,2.101188,10140000
2015-05-11,2.096035,2.126349,2.075271,2.101795,7164000
2015-05-12,2.080879,2.083607,2.017523,2.051474,6732000
2015-05-13,2.071633,2.129229,2.068148,2.084971,5100000
2015-05-14,2.129228,2.185157,2.104826,2.161967,10308000
2015-05-15,2.182581,2.197738,2.140293,2.172577,4164000
2015-05-18,2.164089,2.237903,2.164089,2.230779,6348000
2015-05-19,2.255486,2.279737,2.185765,2.210471,6744000
2015-05-20,2.232296,2.273522,2.197132,2.221988,2923500
2015-05-21,2.215926,2.267459,2.186219,2.255334,2389500
2015-05-22,2.262002,2.294741,2.255940,2.271703,2566500
2015-05-26,2.249271,2.265641,2.186826,2.222595,4063500
2015-05-27,2.238964,2.502693,2.234114,2.482079,13917000
2015-05-28,2.487534,2.528762,2.439640,2.488748,6607500
2015-05-29,2.503905,2.546951,2.482686,2.510575,5224500
2015-06-01,2.553013,2.574234,2.483898,2.522094,6366000
2015-06-02,2.500268,2.500268,2.425091,2.432971,5436000
2015-06-03,2.478441,2.480260,2.382650,2.384469,4191000
2015-06-04,2.354762,2.382045,2.301411,2.322024,8517000
2015-06-05,2.315961,2.340211,2.255940,2.325660,6295500
2015-06-08,2.325661,2.328693,2.175306,2.197738,10593000
2015-06-09,2.189250,2.205014,2.121954,2.186219,10443000
2015-06-10,2.233508,2.292922,2.212894,2.268065,8491500
2015-06-11,2.298985,2.303835,2.260790,2.266853,5124000
2015-06-12,2.237752,2.243208,2.195919,2.205013,3468000
2015-06-15,2.161361,2.195919,2.100734,2.188644,3541500
2015-06-16,2.168030,2.226232,2.161361,2.211681,3762000
2015-06-17,2.228051,2.241995,2.189856,2.216532,4078500
2015-06-18,2.235932,2.340211,2.235932,2.310504,7689000
2015-06-19,2.316567,2.334755,2.251090,2.289891,4377000
2015-06-22,2.331117,2.351124,2.298378,2.332935,4977000
2015-06-23,2.343243,2.359006,2.271703,2.292922,5640000
2015-06-24,2.285041,2.302016,2.221988,2.225020,4566000
2015-06-25,2.263216,2.263216,2.200163,2.220170,3018000
2015-06-26,2.165605,2.165605,2.026162,2.058295,10182000
2015-06-29,1.970386,2.016462,1.877626,1.882476,11571000
2015-06-30,1.934615,1.947954,1.877020,1.904909,11799000
2015-07-01,1.975842,1.992817,1.903090,1.918852,10522500
2015-07-02,1.930977,1.960684,1.916426,1.942496,3387000
2015-07-06,1.903695,1.942497,1.832761,1.864895,8164500
2015-07-07,1.861862,1.861862,1.672706,1.840037,8449500
2015-07-08,1.765465,1.803661,1.676343,1.705444,7170000
2015-07-09,1.788504,1.795173,1.624204,1.624204,11626500
2015-07-10,1.697563,1.734545,1.679375,1.716357,10768500
2015-07-13,1.767284,1.769103,1.721208,1.757584,7369500
2015-07-14,1.776378,1.826699,1.776378,1.818211,5853000
2015-07-15,1.829124,1.829124,1.756978,1.781229,8317500
2015-07-16,1.824880,1.824880,1.742427,1.792747,9607500
2015-07-17,1.775166,1.785472,1.736364,1.777591,5380500
2015-07-20,1.796385,1.809723,1.740002,1.741215,4542000
2015-07-21,1.729695,1.791535,1.729695,1.746065,6831000
2015-07-22,1.631479,1.631479,1.558120,1.616929,14968500
2015-07-23,1.644818,1.743034,1.644818,1.687863,8224500
2015-07-24,1.723027,1.723027,1.579340,1.586009,7174500
2015-07-27,1.562364,1.581764,1.497493,1.548420,9583500
2015-07-28,1.573883,1.675737,1.537507,1.644817,12343500
2015-07-29,1.644818,1.662399,1.597528,1.653305,9057000
2015-07-30,1.639361,1.688469,1.613291,1.672099,5058000
2015-07-31,1.675131,1.679375,1.604197,1.613291,5568000
2015-08-03,1.602378,1.617535,1.570852,1.597528,3805500
2015-08-04,1.582371,1.592072,1.513256,1.544176,6415500
2015-08-05,1.562364,1.635117,1.562364,1.601772,7600500
2015-08-06,1.606622,1.606622,1.479911,1.518106,7930500
2015-08-07,1.515681,1.547207,1.497493,1.542963,6246000
2015-08-10,1.576308,1.664825,1.576308,1.658762,8170500
2015-08-11,1.626023,1.626023,1.523562,1.545995,7215000
2015-08-12,1.499918,1.594496,1.453842,1.572065,9519000
2015-08-13,1.572065,1.593284,1.524169,1.524169,7285500
2015-08-14,1.511437,1.520531,1.468998,1.497493,5598000
2015-08-17,1.475061,1.542357,1.455054,1.542357,4459500
2015-08-18,1.539326,1.539326,1.439897,1.447172,8851500
2015-08-19,1.451416,1.456873,1.378057,1.406552,7707000
2015-08-20,1.370176,1.370176,1.248921,1.250134,13956000
2015-08-21,1.202845,1.256803,1.146461,1.161618,12129000
2015-08-24,0.928809,1.218608,0.913046,1.072496,29239500
2015-08-25,1.188295,1.204057,1.037333,1.037333,14115000
2015-08-26,1.138580,1.195570,1.071283,1.191325,21187500
2015-08-27,1.254984,1.329556,1.248316,1.325312,24174000
2015-08-28,1.296817,1.355625,1.296817,1.350775,10723500
2015-08-31,1.315611,1.376845,1.296210,1.334405,9834000
2015-09-01,1.224671,1.296211,1.174350,1.196782,13606500
2015-09-02,1.256196,1.281054,1.214363,1.281054,5200500
2015-09-03,1.305911,1.361082,1.299242,1.310761,7801500
2015-09-04,1.247102,1.290754,1.225883,1.241040,7768500
2015-09-08,1.327737,1.408371,1.324706,1.403520,11443500
2015-09-09,1.444748,1.473849,1.320462,1.329556,17734500
2015-09-10,1.327737,1.384120,1.288935,1.348350,8355000
2015-09-11,1.307730,1.351988,1.292573,1.347744,6459000
2015-09-14,1.365932,1.379876,1.343500,1.361082,5242500
2015-09-15,1.373207,1.421103,1.373207,1.407764,5133000
2015-09-16,1.406553,1.423528,1.374420,1.419284,6328500
2015-09-17,1.419284,1.452628,1.375632,1.381089,10005000
2015-09-18,1.324099,1.365325,1.295605,1.311974,9004500
2015-09-21,1.333800,1.350169,1.281659,1.298635,7872000
2015-09-22,1.229520,1.246496,1.197994,1.213758,10623000
2015-09-23,1.217395,1.234977,1.182838,1.185869,5457000
2015-09-24,1.154949,1.204057,1.087653,1.181019,11694000
2015-09-25,1.230127,1.253165,1.165862,1.199207,14334000
2015-09-28,1.173744,1.197994,1.099172,1.099172,19645500
2015-09-29,1.113723,1.153737,1.081590,1.123423,8577000
2015-09-30,1.174350,1.254984,1.173744,1.248921,11164500
2015-10-01,1.246497,1.246497,1.142824,1.207695,11292000
2015-10-02,1.166468,1.285297,1.156161,1.285297,11044500
2015-10-05,1.320461,1.376845,1.305911,1.356838,11214000
2015-10-06,1.370782,1.382301,1.297423,1.370782,10017000
2015-10-07,1.402915,1.450810,1.355019,1.432622,13086000
2015-10-08,1.416859,1.459904,1.383513,1.459298,10491000
2015-10-09,1.451417,1.465967,1.399277,1.420497,9637500
2015-10-12,1.420496,1.433834,1.404127,1.426559,3466500
2015-10-13,1.392608,1.418678,1.368357,1.368963,5832000
2015-10-14,1.394426,1.559333,1.381089,1.523563,12873000
2015-10-15,1.557514,1.599347,1.525988,1.569033,7219500
2015-10-16,1.576308,1.581159,1.536901,1.575096,3847500
2015-10-19,1.552664,1.604804,1.539326,1.574489,3388500
2015-10-20,1.565395,1.585402,1.544176,1.567214,3612000
2015-10-21,1.618747,1.666037,1.575096,1.575702,7911000
2015-10-22,1.643604,1.747884,1.643604,1.735758,9553500
2015-10-23,1.790323,1.817605,1.732121,1.803660,12801000
2015-10-26,1.779410,1.781835,1.679375,1.695745,7888500
2015-10-27,1.661187,1.695745,1.648455,1.660580,5899500
2015-10-28,1.692107,1.747884,1.675131,1.746671,7332000
2015-10-29,1.641786,1.647242,1.579340,1.593284,7363500
2015-10-30,1.603590,1.649061,1.603590,1.633904,4933500
2015-11-02,1.649667,1.682406,1.641180,1.675131,4515000
2015-11-03,1.670281,1.720601,1.663611,1.699987,3586500
2015-11-04,1.705444,1.727876,1.679375,1.718176,4272000
2015-11-05,1.698169,1.698169,1.599347,1.610866,6928500
2015-11-06,1.636329,1.736971,1.636329,1.732121,7741500
2015-11-09,1.719389,1.719389,1.657549,1.683013,4533000
2015-11-10,1.629661,1.636936,1.576308,1.591465,6873000
2015-11-11,1.602378,1.647848,1.591465,1.595103,6765000
2015-11-12,1.578127,1.599347,1.534475,1.536294,5874000
2015-11-13,1.532051,1.549633,1.474455,1.493249,8245500
2015-11-16,1.490824,1.550845,1.489611,1.549026,4926000
2015-11-17,1.550845,1.615110,1.547813,1.579340,5721000
2015-11-18,1.581159,1.630267,1.550845,1.626023,7293000
2015-11-19,1.634510,1.679981,1.609653,1.637542,4227000
2015-11-20,1.658155,1.679375,1.638754,1.654517,4059000
2015-11-23,1.657550,1.657550,1.585402,1.588434,4002000
2015-11-24,1.576308,1.659368,1.540538,1.649667,6042000
2015-11-25,1.657549,1.679375,1.633298,1.653911,2290500
2015-11-27,1.669068,1.695138,1.662399,1.690894,1800000
2015-11-30,1.696957,1.745458,1.687256,1.742427,4113000
2015-12-01,1.752733,1.813361,1.752733,1.810330,8346000
2015-12-02,1.820030,1.846100,1.775772,1.784867,9337500
2015-12-03,1.847312,1.864288,1.725451,1.751521,6945000
2015-12-04,1.765465,1.859438,1.736970,1.848525,6492000
2015-12-07,1.838218,1.838218,1.788504,1.795779,3729000
2015-12-08,1.721813,1.769709,1.701201,1.752128,6631500
2015-12-09,1.737577,1.760009,1.659974,1.682406,6715500
2015-12-10,1.683618,1.750915,1.682406,1.711507,5155500
2015-12-11,1.661792,1.675737,1.602985,1.610866,7531500
2015-12-14,1.608441,1.628448,1.531444,1.579946,8115000
2015-12-15,1.613291,1.672100,1.603590,1.652698,5202000
2015-12-16,1.669068,1.701201,1.611472,1.690894,5487000
2015-12-17,1.718783,1.737578,1.616323,1.616323,5890500
2015-12-18,1.582371,1.606623,1.552058,1.559333,5401500
2015-12-21,1.598741,1.646637,1.586616,1.646030,3751500
2015-12-22,1.666037,1.669068,1.612684,1.652093,2517000
2015-12-23,1.666037,1.689682,1.646030,1.687863,3277500
2015-12-24,1.679981,1.722420,1.676343,1.705444,1558500
2015-12-28,1.685437,1.685437,1.633298,1.685437,3654000
2015-12-29,1.718782,1.766072,1.698169,1.746671,5613000
2015-12-30,1.736971,1.753947,1.690894,1.692713,3543000
2015-12-31,1.670887,1.678769,1.622992,1.622992,2239500
2016-01-04,1.530232,1.569033,1.499312,1.567821,6852000
2016-01-05,1.586009,1.587221,1.515075,1.519319,7008000
2016-01-06,1.445353,1.447779,1.356231,1.396852,8817000
2016-01-07,1.290754,1.348350,1.244071,1.253772,8475000
2016-01-08,1.280447,1.291967,1.188294,1.191932,9717000
2016-01-11,1.212545,1.242859,1.161012,1.210121,9301500
2016-01-12,1.253165,1.274384,1.188900,1.240433,8331000
2016-01-13,1.242859,1.268322,1.119179,1.122817,6531000
2016-01-14,1.137367,1.210120,1.089471,1.191932,8373000
2016-01-15,1.048245,1.074314,0.982768,1.031269,12220500
2016-01-19,1.085227,1.102203,1.007018,1.034907,9246000
2016-01-20,0.994286,1.087046,0.967611,1.054914,11091000
2016-01-21,1.084015,1.142218,1.051277,1.098566,13318500
2016-01-22,1.160405,1.185869,1.141005,1.162831,12348000
2016-01-25,1.150099,1.161618,1.105841,1.113116,7657500
2016-01-26,1.130698,1.171925,1.110691,1.145855,7986000
2016-01-27,1.125848,1.169500,1.087653,1.105235,9180000
2016-01-28,1.132516,1.137367,1.071283,1.095534,6303000
2016-01-29,1.113723,1.245890,1.113723,1.243465,11986500
2016-02-01,1.217395,1.281054,1.206482,1.262259,8037000
2016-02-02,1.221033,1.221033,1.124636,1.137367,8760000
2016-02-03,1.176775,1.182231,1.075528,1.146461,9664500
2016-02-04,1.151918,1.225883,1.143429,1.202845,13746000
2016-02-05,1.191932,1.191932,1.065220,1.080984,16936500
2016-02-08,1.027025,1.030663,0.948816,0.997318,10143000
2016-02-09,0.960336,1.034907,0.952454,0.977917,6549000
2016-02-10,1.012475,1.032482,0.955486,0.956698,13690500
2016-02-11,0.909409,0.952454,0.899102,0.934872,18111000
2016-02-12,0.982161,1.000956,0.926990,0.996712,14359500
2016-02-16,1.040970,1.119180,1.027026,1.102204,19578000
2016-02-17,1.125241,1.188294,1.119785,1.181019,18730500
2016-02-18,1.209514,1.210120,1.159799,1.162224,11878500
2016-02-19,1.159193,1.199813,1.154949,1.177987,7744500
2016-02-22,1.220427,1.254378,1.216789,1.233765,8479500
2016-02-23,1.206482,1.225883,1.168893,1.173744,5545500
2016-02-24,1.133730,1.230733,1.112509,1.222852,14658000
2016-02-25,1.240433,1.271353,1.193144,1.270141,9294000
2016-02-26,1.298636,1.305911,1.273779,1.289541,11154000
2016-02-29,1.309549,1.349563,1.282873,1.282873,15354000
2016-03-01,1.330768,1.390789,1.309549,1.389576,12424500
2016-03-02,1.392002,1.413828,1.374419,1.413221,8562000
2016-03-03,1.412615,1.424741,1.386546,1.416252,9262500
2016-03-04,1.447172,1.496280,1.414433,1.461117,17245500
2016-03-07,1.427165,1.496887,1.416252,1.477486,13198500
2016-03-08,1.441716,1.445960,1.372601,1.376845,13114500
2016-03-09,1.396245,1.421709,1.377451,1.410796,10950000
2016-03-10,1.433228,1.470211,1.371389,1.429591,10504500
2016-03-11,1.471423,1.515075,1.467785,1.514468,10131000
2016-03-14,1.504162,1.516894,1.480517,1.496887,10215000
2016-03-15,1.481730,1.488400,1.451417,1.488400,10891500
2016-03-16,1.476880,1.535689,1.461723,1.529626,12388500
2016-03-17,1.522350,1.572065,1.509619,1.562971,10372500
2016-03-18,1.572671,1.628448,1.558120,1.625416,9391500
2016-03-21,1.606623,1.634511,1.586616,1.633298,6912000
2016-03-22,1.614503,1.644817,1.593284,1.629054,6469500
2016-03-23,1.620566,1.621778,1.561152,1.563576,7260000
2016-03-24,1.528413,1.561152,1.508406,1.559938,10165500
2016-03-28,1.585402,1.585402,1.536901,1.558120,8259000
2016-03-29,1.542357,1.626023,1.515075,1.617535,8484000
2016-03-30,1.647849,1.694531,1.644211,1.666037,8788500
2016-03-31,1.650879,1.661792,1.634510,1.637542,6111000
2016-04-01,1.613898,1.670887,1.584190,1.669674,8401500
2016-04-04,1.669674,1.671493,1.615716,1.623597,6859500
2016-04-05,1.584190,1.630873,1.570246,1.594496,4804500
2016-04-06,1.592677,1.647242,1.552057,1.642998,7842000
2016-04-07,1.617535,1.624811,1.550239,1.566002,4113000
2016-04-08,1.612079,1.633904,1.573883,1.589646,5931000
2016-04-11,1.615110,1.659368,1.587221,1.587221,4776000
2016-04-12,1.593284,1.610260,1.520531,1.582371,6948000
2016-04-13,1.613897,1.692712,1.609653,1.690288,8346000
2016-04-14,1.644817,1.656943,1.598740,1.649061,7392000
2016-04-15,1.652698,1.652698,1.603590,1.604803,4174500
2016-04-18,1.576308,1.620566,1.576308,1.607228,5779500
2016-04-19,1.614503,1.622385,1.528413,1.545995,7656000
2016-04-20,1.536901,1.613291,1.533870,1.591465,6774000
2016-04-21,1.592677,1.592677,1.541750,1.563576,3598500
2016-04-22,1.567214,1.613898,1.535082,1.572065,4846500
2016-04-25,1.554482,1.582978,1.532656,1.543569,3564000
2016-04-26,1.578733,1.648455,1.569639,1.605409,5229000
2016-04-27,1.559333,1.663006,1.553877,1.656943,7045500
2016-04-28,1.622385,1.655731,1.513256,1.523563,8776500
2016-04-29,1.510225,1.510225,1.369569,1.406552,10438500
2016-05-02,1.412009,1.441715,1.383513,1.435653,4453500
2016-05-03,1.397458,1.413828,1.367751,1.387758,4360500
2016-05-04,1.351988,1.385332,1.325311,1.338043,4780500
2016-05-05,1.376845,1.388970,1.335618,1.348350,5563500
2016-05-06,1.335618,1.354412,1.299242,1.353807,3399000
2016-05-09,1.359263,1.385332,1.338043,1.347744,3502500
2016-05-10,1.361688,1.399277,1.337438,1.398064,4980000
2016-05-11,1.389576,1.425346,1.382908,1.385332,7488000
2016-05-12,1.401096,1.403521,1.279235,1.311974,8350500
2016-05-13,1.316824,1.358657,1.315005,1.327737,6027000
2016-05-16,1.336224,1.418071,1.335012,1.389576,8338500
2016-05-17,1.388364,1.408371,1.351988,1.362294,4624500
2016-05-18,1.336224,1.463542,1.336224,1.428378,10564500
2016-05-19,1.411403,1.439291,1.365932,1.400490,5457000
2016-05-20,1.469605,1.534475,1.456266,1.530838,9211500
2016-05-23,1.574489,1.605409,1.555696,1.564183,6511500
2016-05-24,1.600559,1.681800,1.591465,1.677556,9954000
2016-05-25,1.703625,1.718782,1.667249,1.707263,10669500
2016-05-26,1.726664,1.735152,1.700594,1.724239,4302000
2016-05-27,1.724239,1.764253,1.724239,1.755765,3603000
2016-05-31,1.770316,1.789717,1.749703,1.784260,4935000
2016-06-01,1.784866,1.819424,1.760009,1.815180,4663500
2016-06-02,1.795779,1.813967,1.780016,1.813967,3682500
2016-06-03,1.858831,1.867925,1.797598,1.830943,4863000
2016-06-06,1.841855,1.863075,1.806692,1.816998,4572000
2016-06-07,1.840643,1.880050,1.840643,1.870351,5604000
2016-06-08,1.868532,1.881869,1.850344,1.865500,4368000
2016-06-09,1.824274,1.875807,1.808511,1.872775,5599500
2016-06-10,1.813361,1.813361,1.760009,1.778804,5686500
2016-06-13,1.746671,1.813361,1.741820,1.754552,5010000
2016-06-14,1.728483,1.763647,1.701807,1.749703,6199500
2016-06-15,1.776985,1.790323,1.742427,1.750309,3606000
2016-06-16,1.687256,1.752733,1.659368,1.748490,7249500
2016-06-17,1.739396,1.752128,1.667855,1.704838,3912000
2016-06-20,1.787291,1.825486,1.759403,1.762434,5973000
2016-06-21,1.789110,1.791535,1.759403,1.780622,2568000
2016-06-22,1.778804,1.830943,1.767891,1.772740,3489000
2016-06-23,1.846706,1.912184,1.831549,1.910970,5671500
2016-06-24,1.652093,1.750309,1.573884,1.588434,11479500
2016-06-27,1.532051,1.532051,1.370176,1.399277,11446500
2016-06-28,1.465967,1.519925,1.455661,1.511438,14646000
2016-06-29,1.567214,1.618747,1.547814,1.602378,9870000
2016-06-30,1.612079,1.689681,1.596315,1.689681,5794500
2016-07-01,1.641180,1.659368,1.627235,1.635117,4080000
2016-07-05,1.601166,1.601771,1.522350,1.552663,4137000
2016-07-06,1.521138,1.566002,1.473849,1.559333,6273000
2016-07-07,1.569640,1.649668,1.569640,1.616323,6213000
2016-07-08,1.663611,1.753946,1.661792,1.752128,9957000
2016-07-11,1.789716,1.832156,1.786685,1.809723,9292500
2016-07-12,1.856406,1.899452,1.852163,1.883688,6894000
2016-07-13,1.903695,1.923096,1.878231,1.888539,5205000
2016-07-14,1.940678,1.946135,1.893389,1.929765,6063000
2016-07-15,1.932190,1.936434,1.903695,1.925521,4302000
2016-07-18,1.983724,2.021919,1.981905,2.012219,5875500
2016-07-19,1.999487,2.006156,1.972205,1.988574,3187500
2016-07-20,2.011006,2.101341,2.006156,2.084365,6294000
2016-07-21,2.086790,2.095278,2.015250,2.040713,5059500
2016-07-22,2.027374,2.074058,1.983117,2.072845,5407500
2016-07-25,2.078302,2.119529,2.078302,2.106190,4806000
2016-07-26,2.166818,2.381438,2.166818,2.363250,15642000
2016-07-27,2.415996,2.419634,2.305654,2.348700,8205000
2016-07-28,2.303835,2.360825,2.277766,2.311717,5161500
2016-07-29,2.314142,2.329905,2.250484,2.276553,5205000
2016-08-01,2.306866,2.314141,2.263215,2.288678,3016500
2016-08-02,2.274733,2.274733,2.141960,2.178942,7983000
2016-08-03,2.140748,2.194101,2.140748,2.194101,4182000
2016-08-04,2.210469,2.252908,2.194706,2.251089,5209500
2016-08-05,2.293529,2.342637,2.282616,2.337180,5161500
2016-08-08,2.359006,2.377194,2.316567,2.327480,3063000
2016-08-09,2.342030,2.408721,2.341425,2.387501,3786000
2016-08-10,2.396595,2.398414,2.306261,2.332331,5244000
2016-08-11,2.349305,2.373556,2.325055,2.365674,2359500
2016-08-12,2.364463,2.412359,2.364463,2.395989,4086000
2016-08-15,2.418420,2.512393,2.415996,2.495417,4903500
2016-08-16,2.491780,2.491780,2.432971,2.442065,2446500
2016-08-17,2.449948,2.449948,2.400840,2.440854,3484500
2016-08-18,2.428728,2.494812,2.428728,2.494812,3172500
2016-08-19,2.503299,2.576658,2.496024,2.559683,4912500
2016-08-22,2.551800,2.583327,2.530581,2.562713,3501000
2016-08-23,2.598483,2.634859,2.596059,2.603940,4677000
2016-08-24,2.603940,2.617885,2.513606,2.536644,4705500
2016-08-25,2.565745,2.600302,2.511180,2.567564,3475500
2016-08-26,2.583933,2.658505,2.546345,2.603335,3075000
2016-08-29,2.618491,2.662143,2.618491,2.630010,5029500
2016-08-30,2.634860,2.676692,2.585752,2.606972,4834500
2016-08-31,2.611822,2.620309,2.566958,2.608791,2962500
2016-09-01,2.613641,2.677299,2.572415,2.677299,5970000
2016-09-02,2.708218,2.708218,2.626978,2.662748,4899000
2016-09-06,2.707007,2.707007,2.602121,2.640316,2661000
2016-09-07,2.647592,2.659111,2.569383,2.582114,4519500
2016-09-08,2.558469,2.589389,2.523911,2.570595,4620000
2016-09-09,2.512999,2.512999,2.274734,2.287466,7638000
2016-09-12,2.237752,2.431152,2.212894,2.424483,7582500
2016-09-13,2.383256,2.448734,2.320810,2.354155,4434000
2016-09-14,2.361432,2.437822,2.332330,2.421453,5754000
2016-09-15,2.433578,2.602728,2.421453,2.588784,11305500
2016-09-16,2.655473,2.660323,2.530581,2.589996,5265000
2016-09-19,2.649410,2.714282,2.574233,2.602727,5494500
2016-09-20,2.638497,2.649410,2.545132,2.569988,3736500
2016-09-21,2.603335,2.680937,2.569383,2.670631,3955500
2016-09-22,2.716101,2.751264,2.675480,2.701550,4545000
2016-09-23,2.696094,2.696094,2.603940,2.615459,2404500
2016-09-26,2.570595,2.583932,2.506330,2.534219,2850000
2016-09-27,2.528157,2.671237,2.516031,2.670631,4380000
2016-09-28,2.687001,2.728227,2.637286,2.688213,4860000
2016-09-29,2.688212,2.835536,2.600909,2.787035,12943500
2016-09-30,2.848268,2.970129,2.842812,2.916777,7447500
2016-10-03,2.922233,2.976192,2.842205,2.856150,3537000
2016-10-04,2.902832,2.918595,2.804010,2.834324,4381500
2016-10-05,2.861606,2.958609,2.848875,2.900407,3516000
2016-10-06,2.903439,2.954972,2.839781,2.950728,4366500
2016-10-07,2.970128,2.987709,2.856755,2.933752,4740000
2016-10-10,2.978011,3.012568,2.888282,2.890101,4125000
2016-10-11,2.876762,2.878581,2.631829,2.709431,11005500
2016-10-12,2.709431,2.709431,2.601515,2.679118,4563000
2016-10-13,2.605759,2.610610,2.454192,2.582114,7308000
2016-10-14,2.676692,2.734288,2.636072,2.645166,8758500
2016-10-17,2.632435,2.679724,2.597878,2.600302,3201000
2016-10-18,2.720951,2.725195,2.672449,2.695487,3852000
2016-10-19,2.622735,2.668205,2.582114,2.655473,4539000
2016-10-20,2.650624,2.739139,2.593634,2.712463,4458000
2016-10-21,2.642741,2.700337,2.613034,2.690637,3619500
2016-10-24,2.752477,2.844024,2.747021,2.840386,4044000
2016-10-25,2.865849,2.871305,2.815529,2.833717,4288500
2016-10-26,2.779760,2.870094,2.765815,2.817349,4497000
2016-10-27,2.901621,2.924659,2.768847,2.779760,4950000
2016-10-28,2.787035,2.864031,2.719132,2.731864,5382000
2016-10-31,2.786428,2.813104,2.760358,2.774909,2971500
2016-11-01,2.798553,2.839780,2.604546,2.696699,5791500
2016-11-02,2.705188,2.751871,2.621523,2.642742,6438000
2016-11-03,2.655473,2.700337,2.599696,2.625160,5181000
2016-11-04,2.577264,2.650623,2.523912,2.579083,2907000
2016-11-07,2.725800,2.805223,2.692456,2.802191,3789000
2016-11-08,2.807041,2.869487,2.750051,2.820379,4149000
2016-11-09,2.625160,2.804010,2.588784,2.775516,8143500
2016-11-10,2.839174,2.883432,2.517850,2.601516,11700000
2016-11-11,2.688212,2.908895,2.685786,2.894950,8976000
2016-11-14,2.910108,2.942240,2.823411,2.846449,3526500
2016-11-15,2.896770,3.031363,2.861001,3.010750,5700000
2016-11-16,2.997411,3.122303,2.988317,3.115028,6178500
2016-11-17,3.201725,3.259927,3.095020,3.216881,4744500
2016-11-18,3.233857,3.296303,3.195662,3.282965,3157500
2016-11-21,3.310854,3.361175,3.278116,3.326617,4183500
2016-11-22,3.422408,3.466060,3.391488,3.459998,5646000
2016-11-23,3.447872,3.490311,3.408464,3.473942,3952500
2016-11-25,3.506679,3.506679,3.441808,3.488491,1351500
2016-11-28,3.470911,3.503649,3.438778,3.459391,2221500
2016-11-29,3.444840,3.495161,3.387245,3.439384,1993500
2016-11-30,3.444234,3.456965,3.373300,3.377544,1819500
2016-12-01,3.365419,3.372694,2.823411,2.877976,10963500
2016-12-02,2.866457,3.001656,2.837356,2.989530,6096000
2016-12-05,3.064707,3.125334,3.004686,3.098658,6199500
2016-12-06,3.130185,3.236283,3.128973,3.227189,4474500
2016-12-07,3.213244,3.449690,3.187174,3.431502,6499500
2016-12-08,3.439990,3.573976,3.439990,3.519412,7072500
2016-12-09,3.619446,3.624903,3.403613,3.475153,5371500
2016-12-12,3.432715,3.452722,3.310854,3.396338,3918000
2016-12-13,3.443628,3.580645,3.414527,3.510924,6130500
2016-12-14,3.516381,3.570339,3.466059,3.503042,5143500
2016-12-15,3.535781,3.732820,3.526081,3.687350,7221000
2016-12-16,3.758889,3.769801,3.521230,3.567307,4263000
2016-12-19,3.637636,3.719483,3.589134,3.678256,4107000
2016-12-20,3.807457,3.807457,3.734407,3.781414,5374500
2016-12-21,3.811904,3.827784,3.766169,3.781414,2376000
2016-12-22,3.917349,3.933865,3.794754,3.842395,3078000
2016-12-23,3.817621,3.902739,3.806187,3.899563,1362000
2016-12-27,3.910362,4.064718,3.906550,4.041851,4866000
2016-12-28,4.121252,4.123793,3.801105,3.806822,8050500
2016-12-29,3.768710,3.808094,3.685498,3.806188,5998500
2016-12-30,3.887494,3.904009,3.595296,3.627058,5214000
2017-01-03,3.724245,3.789671,3.537493,3.632775,6211500
2017-01-04,3.681685,3.713445,3.611812,3.665805,3565500
2017-01-05,3.675333,3.725516,3.547021,3.564807,3568500
2017-01-06,3.589580,3.679144,3.515260,3.650560,4870500
2017-01-09,3.684226,3.811904,3.683591,3.768074,5397000
2017-01-10,3.766803,3.848746,3.759816,3.825243,3775500
2017-01-11,3.813810,3.861451,3.776968,3.861451,3205500
2017-01-12,3.836042,3.836042,3.590850,3.761722,5007000
2017-01-13,3.773156,3.864627,3.762358,3.832866,4092000
2017-01-17,3.797294,3.797294,3.611813,3.648654,4072500
2017-01-18,3.659454,3.808093,3.658818,3.801105,3651000
2017-01-19,3.746477,3.874791,3.740125,3.749019,2694000
2017-01-20,3.849381,3.960544,3.843665,3.894481,4134000
2017-01-23,3.837312,3.874155,3.729327,3.817622,4033500
2017-01-24,3.860180,4.058366,3.860180,4.044392,4725000
2017-01-25,4.201289,4.248929,4.109818,4.222250,5010000
2017-01-26,4.238131,4.247660,4.092668,4.148567,3685500
2017-01-27,4.215263,4.307370,4.207641,4.306098,3610500
2017-01-30,4.239402,4.242579,4.076788,4.237496,7095000
2017-01-31,4.166352,4.177786,3.995480,4.072341,6417000
2017-02-01,4.231779,4.277514,4.140944,4.266080,5668500
2017-02-02,4.179692,4.303558,4.107913,4.255282,4839000
2017-02-03,4.314355,4.349293,4.278784,4.328965,2787000
2017-02-06,4.359455,4.381053,4.273702,4.374065,4750500
2017-02-07,4.445845,4.468077,4.348658,4.422342,4060500
2017-02-08,4.471888,4.499203,4.375972,4.443939,3667500
2017-02-09,4.467442,4.467442,4.309275,4.327695,5070000
2017-02-10,4.419166,4.419166,4.188584,4.317532,5946000
2017-02-13,4.363267,4.435681,4.325154,4.348022,4624500
2017-02-14,4.332775,4.344845,4.231143,4.302286,3199500
2017-02-15,4.325155,4.422978,4.276880,4.409638,3541500
2017-02-16,4.424248,4.452198,4.346117,4.426153,2700000
2017-02-17,4.372161,4.497297,4.311181,4.497297,3577500
2017-02-21,4.585591,4.692307,4.561453,4.690401,4737000
2017-02-22,4.693576,4.711362,4.632596,4.691035,2751000
2017-02-23,4.644668,4.658007,4.369621,4.457916,7501500
2017-02-24,4.241941,4.451561,4.198112,4.450291,5176500
2017-02-27,4.459183,4.583685,4.423612,4.578603,3328500
2017-02-28,4.598932,4.598932,4.371525,4.401380,4711500
2017-03-01,4.567169,4.624338,4.430599,4.607823,4848000
2017-03-02,4.644030,4.670073,4.451561,4.464900,4126500
2017-03-03,4.471887,4.478875,4.375336,4.456642,3142500
2017-03-06,4.385501,4.487770,4.306734,4.463632,3381000
2017-03-07,4.438858,4.581145,4.400745,4.494755,4263000
2017-03-08,4.559548,4.635139,4.497933,4.527788,4267500
2017-03-09,4.515717,4.573521,4.440762,4.549383,2389500
2017-03-10,4.629419,4.736769,4.629419,4.706279,4827000
2017-03-13,4.745665,4.818713,4.723432,4.815537,4614000
2017-03-14,4.768533,4.774250,4.649748,4.771073,4156500
2017-03-15,4.805375,4.910820,4.719621,4.886683,4375500
2017-03-16,4.950837,4.950837,4.838405,4.867625,2938500
2017-03-17,4.913362,4.924160,4.858098,4.894305,2268000
2017-03-20,4.920348,5.056919,4.891129,5.003561,3282000
2017-03-21,5.066446,5.074704,4.624338,4.655464,8511000
2017-03-22,4.661817,4.816808,4.616082,4.804104,4558500
2017-03-23,4.802199,4.834595,4.728515,4.767262,3840000
2017-03-24,4.966082,5.044213,4.814267,4.867625,5841000
2017-03-27,4.706281,4.927334,4.667533,4.893033,7363500
2017-03-28,4.921618,4.994668,4.849840,4.941946,4147500
2017-03-29,4.941946,4.941946,4.859368,4.900656,3456000
2017-03-30,4.892399,5.011183,4.892399,4.984504,5355000
2017-03-31,4.996573,5.049931,4.922888,4.974975,3334500
2017-04-03,5.003560,5.024522,4.788859,4.888587,4821000
2017-04-04,4.797752,4.907009,4.764722,4.813632,3976500
2017-04-05,4.867625,4.948297,4.700564,4.709458,5608500
2017-04-06,4.706282,4.759640,4.587498,4.727244,5905500
2017-04-07,4.729149,4.832053,4.699294,4.790129,2850000
2017-04-10,4.793940,4.803468,4.644030,4.678967,3631500
2017-04-11,4.621798,4.621798,4.355009,4.565264,7803000
2017-04-12,4.536044,4.543031,4.297205,4.324519,8232000
2017-04-13,4.258458,4.434412,4.238131,4.241307,4864500
2017-04-17,4.280691,4.408368,4.280691,4.407097,5293500
2017-04-18,4.346116,4.470618,4.316262,4.459819,3120000
2017-04-19,4.565901,4.656101,4.510002,4.532869,3657000
2017-04-20,4.631961,4.770438,4.566535,4.750110,5005500
2017-04-21,4.703741,4.712633,4.566535,4.683413,5757000
2017-04-24,4.887316,4.929240,4.823160,4.884776,7372500
2017-04-25,4.979423,5.056918,4.918443,5.037227,4311000
2017-04-26,5.019442,5.034686,4.854287,4.907645,5542500
2017-04-27,5.013088,5.135684,4.978153,5.116628,5331000
2017-04-28,5.077245,5.077245,4.811726,4.855556,7579500
2017-05-01,4.910184,5.002289,4.816808,4.997208,5449500
2017-05-02,4.954649,4.954649,4.757733,4.836500,4305000
2017-05-03,4.776789,4.910819,4.762180,4.889857,2863500
2017-05-04,4.910184,4.929240,4.819984,4.877788,2571000
2017-05-05,4.915900,4.935591,4.800927,4.929874,2940000
2017-05-08,4.917806,4.952107,4.844757,4.875247,1861500
2017-05-09,4.875248,5.060094,4.875248,5.023252,4875000
2017-05-10,5.193489,5.367537,5.190948,5.341493,6981000
2017-05-11,5.302746,5.468536,5.193490,5.395487,3789000
2017-05-12,5.416447,5.464088,5.352290,5.444396,3030000
2017-05-15,5.481875,5.705469,5.465995,5.694036,3984000
2017-05-16,5.756921,5.949390,5.694035,5.948121,4143000
2017-05-17,5.713728,5.771532,5.167446,5.167446,14551500
2017-05-18,5.221437,5.504107,5.145212,5.463453,12283500
2017-05-19,5.615269,5.697211,5.596212,5.643219,6928500
2017-05-22,5.724525,5.829970,5.707374,5.823618,5236500
2017-05-23,5.836321,5.843944,5.610187,5.756285,4482000
2017-05-24,5.850297,5.896668,5.786776,5.863636,3240000
2017-05-25,5.946215,6.017993,5.843945,5.962094,3831000
2017-05-26,5.960823,6.037684,5.827429,6.033873,4323000
2017-05-30,6.030063,6.198393,6.027522,6.154563,4041000
2017-05-31,6.286688,6.319719,6.061187,6.152658,6340500
2017-06-01,6.179971,6.212367,6.057376,6.167902,3088500
2017-06-02,6.274618,6.380699,6.144400,6.351479,5817000
2017-06-05,6.352749,6.500754,6.333058,6.406742,4200000
2017-06-06,6.320989,6.594130,6.302568,6.470264,5025000
2017-06-07,6.544584,6.684965,6.507741,6.622079,6444000
2017-06-08,6.750391,6.973985,6.596035,6.968904,7707000
2017-06-09,7.114367,7.182970,5.681330,6.090406,32179500
2017-06-12,5.838863,5.988139,5.474252,5.988139,22534500
2017-06-13,6.285418,6.288594,5.880152,6.103747,14511000
2017-06-14,6.176797,6.219355,5.713728,5.906832,11181000
2017-06-15,5.598753,5.826159,5.593036,5.764544,8821500
2017-06-16,5.782329,5.903654,5.646394,5.697846,8154000
2017-06-19,5.874434,6.050388,5.871259,6.022439,11425500
2017-06-20,6.091678,6.139954,5.814726,5.822349,8809500
2017-06-21,5.901749,6.028156,5.828064,6.020534,6385500
2017-06-22,6.051660,6.056742,5.891586,5.975434,7081500
2017-06-23,5.952566,6.129789,5.921441,6.030696,5433000
2017-06-26,6.177432,6.232061,5.780425,5.880788,11284500
2017-06-27,5.761368,5.785505,5.399297,5.405649,13833000
2017-06-28,5.518082,5.704199,5.340857,5.681966,9801000
2017-06-29,5.563181,5.603834,5.027698,5.255739,18418500
2017-06-30,5.307826,5.387863,5.103923,5.176972,8343000
2017-07-03,5.270349,5.320531,4.954649,4.954649,6811500
2017-07-05,5.018169,5.288134,5.018169,5.269078,9180000
2017-07-06,5.086138,5.331329,5.043579,5.199206,8092500
2017-07-07,5.304652,5.518718,5.243037,5.454562,7816500
2017-07-10,5.514270,5.685143,5.417083,5.650206,6774000
2017-07-11,5.638772,5.791858,5.583508,5.782964,7659000
2017-07-12,5.939227,6.096125,5.885869,6.058648,14623500
2017-07-13,6.095489,6.200934,5.945579,6.007830,13311000
2017-07-14,6.097394,6.251751,6.052930,6.247939,9894000
2017-07-17,6.292404,6.310825,6.100570,6.167902,8266500
2017-07-18,6.056107,6.225708,5.985599,6.225708,5998500
2017-07-19,6.320355,6.397215,6.263821,6.392768,6400500
2017-07-20,6.415001,6.474710,6.240317,6.448031,5653500
2017-07-21,6.301933,6.318448,6.181878,6.282876,6243000
2017-07-24,6.300027,6.301297,6.190136,6.221261,5100000
2017-07-25,6.192676,6.256197,6.017993,6.217449,6889500
2017-07-26,6.353384,6.498847,6.303838,6.402930,7546500
2017-07-27,6.469629,6.498213,5.895397,6.113911,19879500
2017-07-28,6.020535,6.122804,5.958919,6.054201,4975500
2017-07-31,6.066270,6.148212,5.859826,5.918265,6486000
2017-08-01,5.960824,6.017357,5.869353,6.017357,4021500
2017-08-02,6.116451,6.158375,5.761368,5.889046,8943000
2017-08-03,5.883963,5.931604,5.732784,5.819172,5614500
2017-08-04,5.848392,5.964636,5.776613,5.825524,3673500
2017-08-07,5.865542,6.134236,5.864906,6.128520,6843000
2017-08-08,6.125345,6.286053,6.002749,6.064364,6391500
2017-08-09,5.908736,6.024980,5.843945,6.004653,4788000
2017-08-10,5.879519,5.904927,5.494581,5.503473,10722000
2017-08-11,5.441223,5.627975,5.390405,5.594308,5586000
2017-08-14,5.793127,6.045306,5.793127,6.027520,6805500
2017-08-15,6.084691,6.105018,5.939863,6.071987,3964500
2017-08-16,6.124072,6.172349,6.007829,6.099299,4659000
2017-08-17,5.983692,6.064999,5.613363,5.613363,8376000
2017-08-18,5.723256,5.789953,5.570169,5.664815,5275500
2017-08-21,5.685142,5.687682,5.421529,5.543489,6723000
2017-08-22,5.678154,5.840769,5.653381,5.806467,4810500
2017-08-23,5.663545,5.927793,5.605741,5.883329,4038000
2017-08-24,5.970987,5.970987,5.772801,5.876340,3655500
2017-08-25,5.923981,5.970987,5.755015,5.788681,3156000
2017-08-28,5.805832,5.856014,5.744217,5.833782,2274000
2017-08-29,5.613363,5.913818,5.610187,5.875070,3357000
2017-08-30,5.920170,6.193311,5.901749,6.174254,6849000
2017-08-31,6.253658,6.375618,6.199665,6.355292,6339000
2017-09-01,6.431515,6.537595,6.385145,6.438502,4966500
2017-09-05,6.307650,6.391498,6.002749,6.165998,7698000
2017-09-06,6.251750,6.283511,6.105652,6.202839,3603000
2017-09-07,6.256833,6.301932,6.148212,6.231424,2992500
2017-09-08,6.193947,6.225071,5.939227,6.000842,4530000
2017-09-11,6.155198,6.391497,6.143764,6.352749,6217500
2017-09-12,6.437233,6.491861,6.322895,6.437869,4447500
2017-09-13,6.381969,6.517270,6.323530,6.463912,3481500
2017-09-14,6.374347,6.663367,6.352749,6.554111,4311000
2017-09-15,6.606199,6.911101,6.595401,6.886328,6129000
2017-09-18,7.014004,7.290321,7.010193,7.159468,7929000
2017-09-19,7.230613,7.309379,7.087055,7.233789,4869000
2017-09-20,7.250302,7.250302,6.648758,6.928885,12088500
2017-09-21,6.912371,6.921264,6.661462,6.844403,4734000
2017-09-22,6.751027,6.972716,6.733876,6.942225,3871500
2017-09-25,6.834241,6.846309,6.444220,6.538232,10708500
2017-09-26,6.747852,6.762462,6.455655,6.526799,7134000
2017-09-27,6.733877,7.061011,6.716092,6.984150,7663500
2017-09-28,6.965729,7.141682,6.901571,7.141047,4728000
2017-09-29,7.189323,7.338598,7.110557,7.321447,6090000
2017-10-02,7.386238,7.554570,7.297944,7.448489,6615000
2017-10-03,7.494860,7.583789,7.411647,7.522174,4030500
2017-10-04,7.495496,7.571722,7.361466,7.571722,4509000
2017-10-05,7.654934,7.682248,7.463100,7.587601,4539000
2017-10-06,7.463734,7.686058,7.463734,7.686058,2910000
2017-10-09,7.764826,7.876624,7.743864,7.846769,4219500
2017-10-10,8.034155,8.039237,7.755297,7.999218,5818500
2017-10-11,7.916004,8.159926,7.908382,8.156115,4752000
2017-10-12,8.130705,8.238692,8.054480,8.073537,4723500
2017-10-13,8.145315,8.311740,8.119906,8.232339,4167000
2017-10-16,8.321268,8.351759,8.178346,8.350489,4827000
2017-10-17,8.344773,8.346042,8.198674,8.332068,2974500
2017-10-18,8.375263,8.452125,8.077984,8.414011,6814500
2017-10-19,8.191052,8.346042,7.950306,8.340325,7495500
2017-10-20,8.502303,8.591868,8.429255,8.460379,4353000
2017-10-23,8.581072,8.732887,8.466098,8.596317,7243500
2017-10-24,8.667461,8.800854,8.558204,8.771635,5085000
2017-10-25,8.607750,8.699220,8.164372,8.429255,12625500
2017-10-26,8.472449,8.626170,8.438783,8.580435,5766000
2017-10-27,8.797678,9.146409,8.633793,9.106391,9070500
2017-10-30,8.797677,9.300765,8.797677,9.192143,7716000
2017-10-31,9.274087,9.486248,9.183888,9.398589,5248500
2017-11-01,9.634250,9.642508,9.058114,9.310928,7902000
2017-11-02,9.322365,9.509116,9.129260,9.434161,6831000
2017-11-03,9.536429,9.940423,9.340783,9.937246,11805000
2017-11-06,10.193238,10.369827,10.004580,10.360298,10276500
2017-11-07,10.318375,10.395872,10.116378,10.331715,8470500
2017-11-08,10.258665,10.452404,10.172276,10.435889,5565000
2017-11-09,10.129718,10.157668,9.422727,9.800678,17956500
2017-11-10,9.878176,10.014746,9.807033,9.986796,6489000
2017-11-13,9.833710,10.111933,9.782258,10.068103,5070000
2017-11-14,9.993780,10.132892,9.815286,10.040150,6117000
2017-11-15,9.777175,9.905488,9.528172,9.773999,8970000
2017-11-16,9.909299,10.334891,9.909299,10.214201,7363500
2017-11-17,10.365380,10.397776,10.029988,10.078899,6295500
2017-11-20,10.164655,10.487976,10.158302,10.434619,6471000
2017-11-21,10.671554,10.834169,10.575002,10.808760,9874500
2017-11-22,10.902769,10.912932,10.549591,10.597868,6756000
2017-11-24,10.688067,10.902770,10.684256,10.881172,6757500
2017-11-27,10.686801,10.687437,10.417471,10.471464,10698000
2017-11-28,10.580719,10.599776,10.284075,10.461934,9736500
2017-11-29,10.401588,10.421279,8.787516,9.086700,36519000
2017-11-30,9.397953,9.521819,9.071455,9.255031,14869500
2017-12-01,8.974904,9.102581,8.257750,8.938062,19072500
2017-12-04,9.248681,9.270912,8.114828,8.289511,23742000
2017-12-05,8.192324,8.765285,7.944592,8.300310,16374000
2017-12-06,8.068457,8.427352,7.958565,8.384156,10795500
2017-12-07,8.585517,8.708112,8.464826,8.629347,9966000
2017-12-08,8.902489,8.942507,8.474991,8.495954,9871500
2017-12-11,8.537239,8.717005,8.457838,8.643954,5599500
2017-12-12,8.575353,8.575353,8.360016,8.384789,5977500
2017-12-13,8.465466,8.616011,8.366373,8.383523,4125000
2017-12-14,8.372721,8.527078,8.297132,8.364465,5094000
2017-12-15,8.448311,8.813558,8.353030,8.736697,10255500
2017-12-18,9.067645,9.331257,8.936156,9.325540,15397500
2017-12-19,9.289366,9.387269,9.132975,9.291909,8127000
2017-12-20,9.552557,9.615495,9.237233,9.486441,8721000
2017-12-21,9.543660,9.543660,9.139331,9.179383,6909000
2017-12-22,9.035071,9.171755,8.964505,9.155226,3942000
2017-12-26,8.836722,8.908560,8.652358,8.890759,4524000
2017-12-27,8.840536,9.114538,8.837357,8.980397,2980500
2017-12-28,9.089746,9.117718,8.996293,9.037616,3168000
2017-12-29,9.062409,9.094831,8.765521,8.766791,4132500
2018-01-02,8.916189,9.489622,8.872323,9.489622,9237000
2018-01-03,9.584346,9.978501,9.562730,9.961972,9871500
2018-01-04,10.169224,10.240426,9.887593,10.136802,8502000
2018-01-05,10.247419,10.430510,10.086578,10.319892,7713000
2018-01-08,10.309085,10.648567,10.225803,10.551935,6538500
2018-01-09,10.604062,10.611055,10.194650,10.248686,9009000
2018-01-10,9.896494,10.009655,9.628848,9.869793,13269000
2018-01-11,9.993125,10.057970,9.839277,10.044620,5524500
2018-01-12,10.040169,10.265854,9.956252,10.200374,5019000
2018-01-16,10.429876,10.662555,10.118367,10.309722,9804000
2018-01-17,10.576729,11.245523,10.540492,11.196570,11496000
2018-01-18,11.115832,11.522703,11.090403,11.356140,9171000
2018-01-19,11.489009,11.540504,11.172412,11.386656,9315000
2018-01-22,11.431794,11.650487,11.262053,11.650487,5620500
2018-01-23,11.799250,11.916226,11.666381,11.914954,6738000
2018-01-24,11.575470,11.668287,10.843103,11.094854,18628500
2018-01-25,11.519526,11.534148,10.516972,10.517607,13167000
2018-01-26,10.934654,11.522709,10.871080,11.515079,12733500
2018-01-29,11.363138,11.707706,11.053534,11.478206,9184500
2018-01-30,10.877433,11.174957,10.745200,10.779530,11923500
2018-01-31,11.141263,11.281760,10.863447,11.056074,6891000
2018-02-01,10.743927,11.373940,10.686711,10.892689,6895500
2018-02-02,10.555748,10.642208,9.981044,9.982951,13788000
2018-02-05,9.726753,10.225170,8.518856,8.647274,16929000
2018-02-06,8.131055,9.557009,8.123426,9.536030,20614500
2018-02-07,9.402527,9.584348,8.900296,8.901568,12523500
2018-02-08,9.059866,9.085931,7.757245,7.775044,17155500
2018-02-09,8.351019,8.616757,7.457812,8.483253,20676000
2018-02-12,8.719750,9.098013,8.534751,8.930814,14100000
2018-02-13,8.701945,8.960054,8.666345,8.917459,7440000
2018-02-14,8.709575,9.569090,8.709575,9.516323,11127000
2018-02-15,9.778883,9.867885,9.186377,9.867885,12339000
2018-02-16,9.686064,10.112642,9.680978,9.755995,7677000
2018-02-20,9.631393,10.539859,9.621220,10.261407,11586000
2018-02-21,10.445769,10.459120,9.894587,9.913658,9901500
2018-02-22,10.035083,10.145066,9.750274,9.839913,5809500
2018-02-23,10.096112,10.478825,10.066869,10.478825,8178000
2018-02-26,10.712143,11.157158,10.623776,11.145715,8653500
2018-02-27,11.106935,11.605352,11.035733,11.042726,10837500
2018-02-28,11.252516,11.376485,10.710233,10.738842,10170000
2018-03-01,10.758551,10.873620,9.853899,10.220719,14397000
2018-03-02,9.782060,10.805593,9.782060,10.749013,9610500
2018-03-05,10.590080,11.195300,10.426060,11.042088,8790000
2018-03-06,11.303375,11.625057,11.173049,11.541140,12933000
2018-03-07,11.205473,11.687997,11.188943,11.632051,9990000
2018-03-08,11.761103,11.869814,11.468665,11.681637,8625000
2018-03-09,11.883168,12.412737,11.862189,12.409557,12120000
2018-03-12,12.663851,12.995705,12.555777,12.796084,12079500
2018-03-13,13.031303,13.286869,12.026206,12.198490,22048500
2018-03-14,12.348522,12.377766,11.857099,12.193403,13102500
2018-03-15,12.288131,12.408921,11.973442,12.157805,7572000
2018-03-16,12.211841,12.362511,12.093595,12.148268,4693500
2018-03-19,11.832307,11.962634,10.936556,11.444509,17712000
2018-03-20,11.506811,11.811328,11.459767,11.712153,8823000
2018-03-21,11.630142,12.227734,11.519524,11.791618,9939000
2018-03-22,11.235352,11.583099,10.806230,10.823396,15714000
2018-03-23,10.761093,10.831660,9.740738,9.740738,16557000
2018-03-26,10.471200,10.973430,10.045893,10.965802,18847500
2018-03-27,11.290660,11.301467,9.473092,9.743279,23146500
2018-03-28,9.624399,9.824655,8.984213,9.125346,20061000
2018-03-29,9.334501,9.970236,9.100550,9.715306,17752500
2018-04-02,9.421600,9.663179,8.319235,8.590058,19338000
2018-04-03,8.956875,9.141239,8.623115,9.082115,15993000
2018-04-04,8.303341,9.498525,8.280456,9.428594,16759500
2018-04-05,9.625035,9.658729,8.939076,9.138697,13840500
2018-04-06,8.745174,9.058591,8.190177,8.304609,13326000
2018-04-09,8.626293,9.176840,8.443202,8.456553,16462500
2018-04-10,9.057323,9.412063,8.871053,9.269659,18669000
2018-04-11,9.130432,9.517595,9.036979,9.273472,10633500
2018-04-12,9.525857,9.878056,9.448933,9.801767,13927500
2018-04-13,10.162865,10.181937,9.456563,9.571630,14283000
2018-04-16,9.753451,9.778882,9.387905,9.633298,8299500
2018-04-17,9.818932,10.239153,9.790325,10.176215,12387000
2018-04-18,9.981680,10.036990,9.580532,9.860891,12802500
2018-04-19,9.342765,9.345309,8.493424,8.587512,33981000
2018-04-20,8.582425,8.709572,8.162204,8.279180,16249500
2018-04-23,8.406330,8.428581,7.883120,7.946058,16278000
2018-04-24,8.148219,8.375811,7.539184,7.752791,21633000
2018-04-25,7.869133,7.897106,7.352917,7.725457,20535000
2018-04-26,8.068754,8.217516,7.937156,8.197172,17655000
2018-04-27,8.490881,8.517582,7.900918,8.015986,13656000
2018-04-30,8.010266,8.156485,7.650440,7.750250,11466000
2018-05-01,7.692397,8.159663,7.673960,8.133597,13552500
2018-05-02,8.135505,8.233408,7.923805,8.021708,10189500
2018-05-03,7.819546,8.270918,7.642811,8.166657,15442500
2018-05-04,7.992465,8.782685,7.923806,8.755347,19219500
2018-05-07,8.902203,9.116447,8.844987,8.995021,14211000
2018-05-08,8.897755,9.186378,8.863425,9.186378,10398000
2018-05-09,9.268388,9.584985,9.183836,9.583077,12400500
2018-05-10,9.701958,10.094843,9.701958,10.094843,12277500
2018-05-11,9.896493,10.139979,9.798589,9.853898,11790000
2018-05-14,10.218813,10.574189,10.169862,10.241699,13374000
2018-05-15,10.004569,10.108194,9.666993,9.879329,10774500
2018-05-16,9.908573,10.323708,9.908573,10.277935,10854000
2018-05-17,10.163502,10.425425,9.937180,10.157781,8755500
2018-05-18,9.910479,9.947987,9.626306,9.730566,9588000
2018-05-21,10.174947,10.323073,9.764897,10.034450,13068000
2018-05-22,10.302728,10.422882,10.083400,10.203553,12891000
2018-05-23,9.916838,10.368211,9.828471,10.366939,9612000
2018-05-24,10.340874,10.550030,10.089123,10.474379,10362000
2018-05-25,10.457849,10.758551,10.402539,10.732487,9672000
2018-05-29,10.537949,10.807501,10.308449,10.527142,10375500
2018-05-30,10.673998,10.967708,10.579911,10.735665,12159000
2018-05-31,10.662551,10.827207,10.448309,10.502982,9567000
2018-06-01,10.736300,11.211829,10.658104,11.206743,17115000
2018-06-04,11.316091,11.518890,11.174322,11.480746,11950500
2018-06-05,11.570383,11.740760,11.440058,11.633321,9339000
2018-06-06,11.656844,11.861552,11.506811,11.857737,8950500
2018-06-07,11.887617,11.938476,11.286848,11.543049,9597000
2018-06-08,11.131727,11.302105,10.948000,11.238530,9820500
2018-06-11,11.164150,11.340885,11.049083,11.155251,6118500
2018-06-12,11.231537,11.357413,11.041453,11.326262,7593000
2018-06-13,11.328171,11.642861,11.251883,11.287485,8608500
2018-06-14,11.458495,11.654301,11.284939,11.480746,8094000
2018-06-15,11.194667,11.480748,11.141265,11.458497,10308000
2018-06-18,11.188944,11.188944,10.795425,11.106298,12819000
2018-06-19,10.638156,10.752818,10.246391,10.739441,14991000
2018-06-20,10.998071,11.065594,10.765561,10.908252,7033500
2018-06-21,11.133113,11.140121,10.457241,10.499284,9858000
2018-06-22,10.634969,10.690389,10.182051,10.255944,5146500
2018-06-25,9.873737,9.890300,8.963442,9.350110,16000500
2018-06-26,9.494076,9.585169,9.300423,9.448211,7869000
2018-06-27,9.587715,9.676896,8.748766,8.753225,12337500
2018-06-28,8.705450,9.022046,8.651303,8.974270,10029000
2018-06-29,9.176203,9.342464,9.013764,9.013764,8799000
2018-07-02,8.776796,9.188309,8.579958,9.180027,8422500
2018-07-03,9.266023,9.330362,8.646844,8.660859,7272000
2018-07-05,8.960895,9.371769,8.933503,9.361577,10789500
2018-07-06,9.322083,9.753342,9.209969,9.715121,14602500
2018-07-09,10.010692,10.010692,9.547581,9.896666,10915500
2018-07-10,9.937437,10.274419,9.903039,10.206257,11608500
2018-07-11,9.695373,9.892848,9.396613,9.413813,16504500
2018-07-12,9.376866,9.648235,9.157733,9.615746,13414500
2018-07-13,9.631671,9.668618,9.445026,9.492802,6973500
2018-07-16,9.505542,9.646323,9.434196,9.453944,6094500
2018-07-17,9.257744,9.873737,9.229078,9.873101,10303500
2018-07-18,9.988402,10.143196,9.889665,10.086502,9042000
2018-07-19,9.962920,10.142558,9.813222,10.012608,7416000
2018-07-20,9.931068,10.043820,9.714483,9.866092,6780000
2018-07-23,9.746972,9.957824,9.334822,9.907499,8800500
2018-07-24,10.073761,10.243207,9.545674,9.587718,10236000
2018-07-25,9.542490,9.738053,9.200413,9.738053,14748000
2018-07-26,9.905588,10.280153,9.895396,10.267412,16359000
2018-07-27,10.287797,10.554068,9.893484,10.119624,12807000
2018-07-30,10.099880,10.201165,9.675628,9.831697,10194000
2018-07-31,10.001779,10.419661,9.957188,10.015156,7806000
2018-08-01,10.083313,10.285884,9.847617,9.960369,6054000
2018-08-02,9.703016,10.303721,9.599820,10.269321,7603500
2018-08-03,10.272509,10.357870,10.128544,10.319649,4069500
2018-08-06,10.276965,10.509476,10.096053,10.505654,5463000
2018-08-07,10.620958,10.780850,10.531139,10.763013,5655000
2018-08-08,10.709500,10.893598,10.629235,10.845184,4932000
2018-08-09,10.716508,10.724153,10.496738,10.509479,6726000
2018-08-10,9.920874,9.995405,9.578797,9.717667,16897500
2018-08-13,9.767994,10.024075,9.733596,9.755891,9745500
2018-08-14,9.931071,9.990951,9.680724,9.726588,5463000
2018-08-15,9.517647,9.580075,9.013768,9.325906,12493500
2018-08-16,9.525292,9.543765,9.192133,9.260931,8014500
2018-08-17,8.988923,9.124606,8.650668,9.049439,12708000
2018-08-20,9.109318,9.188309,8.722014,9.028418,8164500
2018-08-21,9.134798,9.625936,9.094028,9.562872,10276500
2018-08-22,9.475604,9.720217,9.311890,9.688366,8587500
2018-08-23,9.686455,9.934254,9.643138,9.721491,7741500
2018-08-24,9.838062,10.147015,9.835514,10.139370,8875500
2018-08-27,10.338759,10.845187,10.299901,10.614588,16623000
2018-08-28,10.757917,10.867483,10.425396,10.737533,11250000
2018-08-29,10.736257,10.912073,10.620956,10.826713,7524000
2018-08-30,10.724152,10.869391,10.483998,10.522219,9526500
2018-08-31,10.447053,10.741990,10.447053,10.701859,4807500
2018-09-04,10.559802,10.970676,10.501196,10.947743,8767500
2018-09-05,10.892960,11.013356,10.512025,10.790401,6303000
2018-09-06,10.694213,10.707590,9.897944,9.924699,13224000
2018-09-07,9.810034,10.240019,9.730406,9.804300,8241000
2018-09-10,10.045092,10.125356,9.836789,10.124082,5392500
2018-09-11,9.953999,10.038086,9.660974,9.821502,8391000
2018-09-12,9.495350,9.495350,8.841773,9.484521,19008000
2018-09-13,9.783279,10.166125,9.697283,9.818316,13285500
2018-09-14,9.988398,10.243205,9.885202,10.136824,9342000
2018-09-17,9.953998,10.096690,9.659698,9.682631,6747000
2018-09-18,9.817042,10.128543,9.817042,9.954638,6496500
2018-09-19,9.950183,10.134918,9.868008,10.011336,4318500
2018-09-20,10.171222,10.479537,10.171222,10.355957,9111000
2018-09-21,10.353411,10.498014,10.184602,10.262956,5826000
2018-09-24,10.016429,10.387809,9.947632,10.371883,5310000
2018-09-25,10.270443,10.297910,9.793268,9.854591,10809000
2018-09-26,9.754301,9.916553,9.545417,9.576718,5340000
2018-09-27,9.652095,9.792630,9.572887,9.700644,3802500
2018-09-28,9.634209,9.959351,9.567774,9.876308,7743000
2018-10-01,9.958076,10.204648,9.883337,9.958714,6400500
2018-10-02,9.892919,10.364345,9.876310,9.974684,8142000
2018-10-03,10.099886,10.185484,9.709587,9.991292,7701000
2018-10-04,9.811792,9.837345,9.198556,9.454071,15123000
2018-10-05,9.352504,9.483455,8.525272,8.786537,22242000
2018-10-08,8.623647,8.802508,8.253149,8.474810,12891000
2018-10-09,8.410928,8.579569,8.294669,8.467780,7024500
2018-10-10,8.150943,8.152221,7.333293,7.344153,26956500
2018-10-11,7.326906,7.766392,6.943632,7.110356,20209500
2018-10-12,7.704429,7.814300,7.186372,7.506405,13690500
2018-10-15,7.401004,7.550481,7.218949,7.305825,8487000
2018-10-16,7.582421,8.051292,7.520459,8.021269,10891500
2018-10-17,8.175855,8.245483,7.754893,7.919701,9156000
2018-10-18,7.820051,7.825162,7.239392,7.326907,15177000
2018-10-19,7.475742,7.586891,6.898916,6.981319,14745000
2018-10-22,7.122493,7.242586,6.927024,7.117383,8202000
2018-10-23,6.557165,7.122493,6.334229,7.003040,20764500
2018-10-24,6.653621,6.675341,5.589399,5.618145,29644500
2018-10-25,5.749735,6.134925,5.710769,6.000140,15933000
2018-10-26,5.595149,5.991836,5.390097,5.680747,19084500
2018-10-29,6.005252,6.102986,5.189519,5.513385,15058500
2018-10-30,5.482084,6.206470,5.454616,6.199443,18321000
2018-10-31,6.483705,6.566747,6.249908,6.422381,14517000
2018-11-01,6.510534,7.370343,6.505423,7.306464,19780500
2018-11-02,7.299437,7.358205,6.714945,6.978765,18301500
2018-11-05,6.943632,6.958963,6.456875,6.799265,12534000
2018-11-06,6.752634,7.113550,6.752634,7.045838,7428000
2018-11-07,7.337126,7.353735,7.037535,7.298799,13149000
2018-11-08,7.089913,7.359483,6.998567,7.202979,8494500
2018-11-09,6.898916,6.972378,6.613378,6.801182,8788500
2018-11-12,6.472845,6.475400,5.819364,5.910073,15409500
2018-11-13,6.005250,6.488175,6.005250,6.128537,10953000
2018-11-14,6.355309,6.488176,6.033997,6.200083,10629000
2018-11-15,6.131094,6.898917,6.100432,6.827373,14431500
2018-11-16,6.122788,6.672147,6.085100,6.583355,12009000
2018-11-19,6.422381,6.551416,5.809782,5.817448,13630500
2018-11-20,5.339634,6.079989,5.324303,5.844915,21753000
2018-11-21,6.055076,6.176446,5.904322,5.914543,10492500
2018-11-23,5.812976,6.068491,5.749097,5.911988,5686500
2018-11-26,6.164309,6.248629,5.981616,6.246075,10636500
2018-11-27,6.138120,6.432601,6.048689,6.286319,7797000
2018-11-28,6.474760,6.718778,6.113846,6.718139,11701500
2018-11-29,6.621684,6.756467,6.508618,6.558444,6813000
2018-11-30,6.575690,6.841425,6.359140,6.828011,9060000
2018-12-03,7.471270,7.532594,7.167207,7.379924,18288000
2018-12-04,7.208729,7.236197,6.292068,6.303566,18252000
2018-12-06,5.786148,6.200083,5.691607,6.200083,21013500
2018-12-07,6.158560,6.202637,5.420760,5.505719,19045500
2018-12-10,5.476335,5.798924,5.421400,5.738878,14008500
2018-12-11,6.008447,6.237772,5.738878,5.840445,23953500
2018-12-12,6.120233,6.350197,5.968202,6.099153,17592000
2018-12-13,6.213496,6.299733,5.963730,6.031442,13446000
2018-12-14,5.828946,6.141952,5.770177,5.774010,10413000
2018-12-17,5.717160,6.012918,5.453339,5.557462,15946500
2018-12-18,5.697356,6.041663,5.696078,5.777204,13204500
2018-12-19,5.721629,5.870468,4.964665,5.047069,29062500
2018-12-20,5.021518,5.276395,4.729591,4.918034,19387500
2018-12-21,5.013213,5.188242,4.635689,4.692541,19287000
2018-12-24,4.569255,4.717453,4.279884,4.284994,13795500
2018-12-26,4.458107,5.025351,4.240279,5.021518,17737500
2018-12-27,4.766554,5.136466,4.619101,5.133902,12370500
2018-12-28,5.245453,5.526253,5.110182,5.242247,17269500
2018-12-31,5.421753,5.473041,5.183907,5.341617,12660000
2019-01-02,4.981962,5.598697,4.975551,5.483300,13147500
2019-01-03,5.111463,5.181985,4.493447,4.508833,28599000
2019-01-04,4.733215,5.151211,4.699237,5.091588,17604000
2019-01-07,5.191601,5.533305,5.078126,5.390340,16641000
2019-01-08,5.553819,5.560872,5.095436,5.307638,14445000
2019-01-09,5.460220,5.791026,5.455091,5.717941,17928000
2019-01-10,5.539716,5.901935,5.536510,5.878856,12975000
2019-01-11,5.787820,6.203891,5.737815,6.042976,12399000
2019-01-14,5.817953,5.883345,5.664731,5.757049,10731000
2019-01-15,5.797437,6.003869,5.723711,5.794872,14590500
2019-01-16,5.866034,5.942324,5.645497,5.653190,10257000
2019-01-17,5.571770,5.939118,5.437781,5.848723,15876000
2019-01-18,6.023101,6.362242,5.925013,6.250049,15720000
2019-01-22,6.073107,6.079518,5.590361,5.724351,18655500
2019-01-23,5.834620,5.891036,5.443551,5.605108,15681000
2019-01-24,5.955147,6.635350,5.955147,6.563547,32491500
2019-01-25,6.630222,7.060397,6.507131,6.982824,17100000
2019-01-28,6.205815,6.726386,6.161579,6.557137,14305500
2019-01-29,6.594320,6.641762,6.247487,6.273772,9061500
2019-01-30,6.612270,6.891789,6.401350,6.818062,14400000
2019-01-31,6.794983,6.995005,6.635350,6.823191,10894500
2019-02-01,6.834091,7.155280,6.834091,7.061679,10723500
2019-02-04,7.077707,7.169383,6.891789,7.168101,4450500
2019-02-05,7.180282,7.362994,7.125147,7.268112,9172500
2019-02-06,7.532886,8.016915,7.525835,7.852152,17931000
2019-02-07,7.564941,7.661746,7.137971,7.327735,18687000
2019-02-08,6.994365,7.332224,6.909100,7.297605,10705500
2019-02-11,7.410436,7.451467,7.203362,7.402102,8164500
2019-02-12,7.680338,7.919467,7.632896,7.868820,13083000
2019-02-13,8.012423,8.118204,7.861125,7.937415,12480000
2019-02-14,7.823941,8.173980,7.823941,7.999603,11575500
2019-02-15,8.205396,8.248349,7.976525,8.129105,10102500
2019-02-19,7.986141,8.245784,7.982294,8.076535,7548000
2019-02-20,8.147056,8.442601,8.144491,8.298996,9694500
2019-02-21,8.320794,8.359900,8.038711,8.116283,11476500
2019-02-22,8.311177,8.399007,8.198344,8.369516,12757500
2019-02-25,8.783663,8.867006,8.557997,8.579795,12519000
2019-02-26,8.490683,8.606080,8.331049,8.402211,8319000
2019-02-27,8.284251,8.284251,7.838048,8.105385,15036000
2019-02-28,8.004734,8.190651,7.923955,8.125259,7447500
2019-03-01,8.368876,8.445165,8.078459,8.337461,10362000
2019-03-04,8.524663,8.584925,8.028454,8.341309,14767500
2019-03-05,8.319508,8.376566,8.123974,8.222062,7974000
2019-03-06,8.197062,8.227835,7.808558,7.820097,14940000
2019-03-07,7.693159,7.732266,7.415564,7.554040,15607500
2019-03-08,7.157203,7.560452,7.096940,7.541861,12711000
2019-03-11,7.682262,8.186164,7.641873,8.079742,12825000
2019-03-12,8.133593,8.301560,7.938699,8.173982,10372500
2019-03-13,8.304122,8.465037,8.238089,8.273991,8331000
2019-03-14,8.279760,8.391311,8.118205,8.132949,6633000
2019-03-15,8.429139,9.024718,8.385544,8.833671,22909500
2019-03-18,8.889447,9.024718,8.618262,8.775972,10273500
2019-03-19,9.019573,9.209032,8.975901,9.131323,13689000
2019-03-20,9.119118,9.275824,8.703591,8.871215,13167000
2019-03-21,8.898190,9.969441,8.898190,9.790898,21321000
2019-03-22,9.644467,9.704837,8.933510,8.957916,18607500
2019-03-25,8.809560,9.010580,8.401739,8.616247,23959500
2019-03-26,8.977827,9.104348,8.672765,8.878280,17310000
2019-03-27,8.894978,8.975900,8.293845,8.489085,19968000
2019-03-28,8.564869,8.758824,8.272650,8.444770,11520000
2019-03-29,8.741483,8.877636,8.668910,8.833323,12793500
2019-04-01,9.226371,9.507671,9.109484,9.483909,18229500
2019-04-02,9.469136,9.584097,9.340689,9.514093,8290500
2019-04-03,9.861545,10.412585,9.839709,10.162112,30327000
2019-04-04,10.053572,10.399737,10.049076,10.200644,14100000
2019-04-05,10.397171,10.449833,10.212207,10.433778,7863000
2019-04-08,10.291843,10.532682,10.227619,10.508919,7659000
2019-04-09,10.340008,10.340008,10.012468,10.154402,16965000
2019-04-10,10.153119,10.500568,10.134494,10.415151,13528500
2019-04-11,10.468457,10.602042,10.288631,10.389462,9259500
2019-04-12,10.686820,10.827469,10.572501,10.821689,12208500
2019-04-15,10.817834,10.853801,10.400380,10.591125,9196500
2019-04-16,10.788932,11.605856,10.763242,11.600077,19468500
2019-04-17,12.266721,12.583986,11.851836,12.127997,16183500
2019-04-18,12.139558,12.257730,11.966155,12.151118,9463500
2019-04-22,11.977715,12.237179,11.842845,12.156257,4671000
2019-04-23,12.309749,12.639860,12.229470,12.521045,8796000
2019-04-24,12.492145,13.257691,12.492145,12.883909,11011500
2019-04-25,12.776657,12.776657,11.850551,12.182588,12978000
2019-04-26,11.491542,11.881379,11.119045,11.877526,13794000
2019-04-29,11.917985,11.961016,11.658522,11.815228,4995000
2019-04-30,11.761925,12.158186,11.742658,12.077264,6696000
2019-05-01,12.460033,12.626372,11.761921,11.781188,12915000
2019-05-02,11.719535,12.542883,11.691920,12.173597,13312500
2019-05-03,12.391958,12.434988,11.994415,12.417648,8863500
2019-05-06,11.180699,11.834497,11.060600,11.807523,17829000
2019-05-07,11.368873,11.424747,10.558371,10.945640,24256500
2019-05-08,10.717645,11.174919,10.620026,10.682964,12007500
2019-05-09,10.179450,10.450473,9.590518,10.302759,18993000
2019-05-10,10.095316,10.523046,9.608501,10.332944,20788500
2019-05-13,9.308581,9.497398,8.746623,8.874428,24391500
2019-05-14,9.203252,9.640615,9.079942,9.509599,17139000
2019-05-15,9.173069,9.933476,9.164719,9.742732,14703000
2019-05-16,9.312430,9.571251,9.072232,9.248206,21981000
2019-05-17,8.819833,9.359312,8.591198,8.701663,24265500
2019-05-20,7.922632,8.066492,7.494902,7.658672,26760000
2019-05-21,8.156405,8.261088,7.943181,8.140348,19236000
2019-05-22,7.689499,7.878959,7.548849,7.631055,15225000
2019-05-23,7.197546,7.277826,6.892484,7.245072,20860500
2019-05-24,7.430036,7.520591,7.042768,7.056896,13459500
2019-05-28,7.184060,7.257274,6.835325,6.864868,13249500
2019-05-29,6.695961,7.054329,6.650361,6.957994,20284500
2019-05-30,7.028638,7.294524,6.961845,7.116624,19113000
2019-05-31,6.851382,7.158371,6.789727,6.807710,18478500
2019-06-03,7.063318,7.257273,6.753118,6.873217,23410500
2019-06-04,7.257275,7.760147,7.058182,7.745376,32151000
2019-06-05,8.000344,8.006124,7.291956,7.591238,25533000
2019-06-06,7.588669,7.988140,7.539859,7.906576,14176500
2019-06-07,7.962451,8.225769,7.925844,8.154481,14091000
2019-06-10,8.526976,9.078657,8.465321,8.790294,21726000
2019-06-11,9.284816,9.312433,8.664417,8.856444,18606000
2019-06-12,8.595052,8.618815,8.205214,8.231546,11925000
2019-06-13,8.447339,8.480734,8.188517,8.387610,11455500
2019-06-14,7.642615,7.844920,7.564263,7.722896,14856000
2019-06-17,7.738953,7.813453,7.551420,7.567475,8601000
2019-06-18,7.846208,8.708732,7.797398,8.554595,26061000
2019-06-19,8.695884,8.748547,8.434493,8.571290,13185000
2019-06-20,9.124254,9.202608,8.680470,8.808917,19162500
2019-06-21,8.680467,8.907819,8.596976,8.627161,12225000
2019-06-24,8.683684,8.798644,8.600193,8.684326,9433500
2019-06-25,8.707093,8.847302,8.284537,8.315409,12205500
2019-06-26,8.864667,9.255707,8.819646,9.096847,19284000
2019-06-27,9.264712,9.648678,9.264712,9.498178,13567500
2019-06-28,9.768951,9.799179,9.478243,9.537413,11226000
2019-07-01,10.785784,11.036615,10.071876,10.309202,21082500
2019-07-02,10.187646,10.187646,9.747082,9.877000,12142500
2019-07-03,9.914947,9.914947,9.528409,9.723286,9478500
2019-07-05,9.406209,9.600442,9.250564,9.568285,9699000
2019-07-08,9.304587,9.433863,9.181101,9.336745,8194500
2019-07-09,9.199754,9.578575,9.125148,9.552205,9168000
2019-07-10,9.869924,10.159346,9.704632,9.752869,16626000
2019-07-11,9.898224,9.947746,9.654466,9.826833,8664000
2019-07-12,9.932310,10.398602,9.906585,10.388310,12400500
2019-07-15,10.547814,10.772921,10.451340,10.630139,8479500
2019-07-16,10.476422,10.547170,10.129116,10.286047,9934500
2019-07-17,10.511798,10.540097,10.275758,10.372232,7201500
2019-07-18,10.415323,10.904124,10.394742,10.847527,13081500
2019-07-19,10.994169,11.094502,10.757486,10.775495,9180000
2019-07-22,10.963937,11.461099,10.940140,11.406430,13075500
2019-07-23,11.644400,11.840563,11.455311,11.840563,10419000
2019-07-24,12.091396,12.998894,12.071458,12.919785,23553000
2019-07-25,12.679885,12.683101,12.165358,12.264405,14809500
2019-07-26,12.512023,12.532605,12.238038,12.255403,8842500
2019-07-29,12.155712,12.409759,11.887514,12.349946,7939500
2019-07-30,12.016789,12.353162,11.888158,12.266335,5961000
2019-07-31,12.069532,12.069532,10.717610,11.081638,21309000
2019-08-01,10.963296,11.878512,10.136193,10.416610,25618500
2019-08-02,10.084740,10.357440,9.679549,9.928452,16612500
2019-08-05,9.055684,9.097489,8.395158,8.631198,22728000
2019-08-06,9.085270,9.325169,8.688440,8.977862,20334000
2019-08-07,8.573957,9.233839,8.554020,9.166950,19701000
2019-08-08,9.446084,9.916234,9.222264,9.916234,18787500
2019-08-09,9.596583,9.715568,9.170811,9.361830,17550000
2019-08-12,9.129647,9.361828,8.878172,9.026098,12654000
2019-08-13,8.991366,10.044218,8.811925,9.822971,19845000
2019-08-14,9.145727,9.378551,8.754687,8.901970,27957000
2019-08-15,9.139294,9.139294,8.613833,8.828648,14976000
2019-08-16,9.208758,9.625525,9.145728,9.550919,16189500
2019-08-19,10.217874,10.336859,9.949676,10.099533,15972000
2019-08-20,10.026853,10.153556,9.778593,9.939384,8716500
2019-08-21,10.258393,10.354866,10.064159,10.221090,9754500
2019-08-22,10.277686,10.376090,9.884716,10.210155,9760500
2019-08-23,9.814612,10.068661,8.785557,8.887177,31515000
2019-08-26,9.327739,9.344461,8.996511,9.107135,11319000
2019-08-27,9.335461,9.422288,8.856307,9.011951,11251500
2019-08-28,8.870456,9.215833,8.683297,9.177243,10600500
2019-08-29,9.583076,9.983121,9.583076,9.798534,18906000
2019-08-30,10.072520,10.224948,9.811396,9.965755,10582500
2019-09-03,9.648036,9.746439,9.284650,9.447371,12528000
2019-09-04,9.904013,10.233311,9.889864,10.219805,19119000
2019-09-05,10.872609,11.529275,10.830160,11.174251,17769000
2019-09-06,11.229563,11.338900,10.998669,11.219272,7131000
2019-09-09,11.435373,11.658550,11.235994,11.376846,9319500
2019-09-10,11.198692,11.526704,10.972943,11.526704,7002000
2019-09-11,11.691994,12.043159,11.480394,12.043159,9793500
2019-09-12,12.349303,12.481794,11.899091,12.149281,11793000
2019-09-13,12.153138,12.255401,11.847639,12.039299,6118500
2019-09-16,11.705502,11.956335,11.468819,11.794258,6535500
2019-09-17,11.715148,11.923531,11.513196,11.901665,5451000
2019-09-18,11.858573,11.938325,11.416722,11.924819,8751000
2019-09-19,12.032226,12.113908,11.690065,11.743447,7227000
2019-09-20,11.885585,11.885585,10.933709,11.088711,11719500
2019-09-23,11.023108,11.608384,11.023108,11.427655,8188500
2019-09-24,11.686212,11.698454,10.697221,10.874401,18163500
2019-09-25,10.695933,11.538026,10.433060,11.430429,11985000
2019-09-26,11.441380,11.565085,11.125032,11.466508,10096500
2019-09-27,11.217809,11.344090,10.388602,10.630857,17278500
2019-09-30,10.824145,11.000682,10.647608,10.967178,7299000
2019-10-01,11.184951,11.584414,10.544523,10.666938,14653500
2019-10-02,10.349946,10.473007,9.960793,10.163746,19338000
2019-10-03,10.181782,10.708171,9.805515,10.683689,17961000
2019-10-04,10.789352,11.275151,10.762937,11.262909,13695000
2019-10-07,11.165619,11.367928,11.001969,11.006479,9079500
2019-10-08,10.663071,10.687555,9.965300,9.994294,25107000
2019-10-09,10.405356,10.694643,10.313221,10.498134,15838500
2019-10-10,10.574157,11.130184,10.538078,10.803527,18492000
2019-10-11,11.404013,11.922026,11.367932,11.529005,27876000
2019-10-14,11.489056,11.597298,11.356331,11.527069,7069500
2019-10-15,11.724870,12.366587,11.690723,12.282829,19419000
2019-10-16,12.105647,12.265431,11.672037,11.748708,15471000
2019-10-17,12.173298,12.275097,11.639178,11.871769,12418500
2019-10-18,11.793811,11.878214,11.127611,11.475530,14661000
2019-10-21,11.750642,12.135286,11.706829,12.128198,11613000
2019-10-22,12.196492,12.273163,11.827311,11.844707,9618000
2019-10-23,11.187529,11.468441,10.936898,11.155958,15555000
2019-10-24,11.597296,11.982585,11.533511,11.965188,14469000
2019-10-25,12.037999,12.731259,12.025756,12.701622,18265500
2019-10-28,12.950961,13.422584,12.941940,13.367819,15250500
2019-10-29,13.432250,13.689967,12.972868,13.017323,10779000
2019-10-30,13.282130,13.282130,12.731259,13.019258,8559000
2019-10-31,12.857539,12.898129,12.283473,12.774426,9952500
2019-11-01,13.139095,13.655174,12.983820,13.655174,10477500
2019-11-04,14.173189,14.623552,14.137754,14.549459,12294000
2019-11-05,14.724704,14.957938,14.467630,14.633213,9777000
2019-11-06,14.555253,14.561052,13.864569,14.303334,11104500
2019-11-07,14.989512,15.046210,14.381942,14.584250,12427500
2019-11-08,14.405778,14.816837,14.147416,14.816837,7299000
2019-11-11,14.425109,14.666075,14.253727,14.575874,6657000
2019-11-12,14.792357,15.037189,14.504358,14.704733,13849500
2019-11-13,14.389028,14.838100,14.238906,14.696356,12061500
2019-11-14,14.550099,14.619683,14.247281,14.575227,11265000
2019-11-15,15.095172,15.334206,14.767872,14.954072,14211000
2019-11-18,14.964382,15.149294,14.626772,14.863227,8130000
2019-11-19,15.044273,15.138340,14.398691,14.633213,12429000
2019-11-20,14.395471,14.658342,13.805941,14.130022,17808000
2019-11-21,13.923199,14.054636,13.489589,13.647441,15439500
2019-11-22,13.862639,14.003740,13.530183,13.640358,10084500
2019-11-25,14.045615,14.654473,14.030796,14.632567,14046000
2019-11-26,14.557830,14.588114,14.245348,14.434771,10887000
2019-11-27,14.658341,14.762718,14.549457,14.744033,7248000
2019-11-29,14.531416,14.564919,14.220221,14.267255,4399500
2019-12-02,14.278855,14.379365,13.564332,13.639714,13189500
2019-12-03,12.711930,13.023125,12.544414,13.016038,14646000
2019-12-04,13.593967,13.765349,13.465753,13.627471,8785500
2019-12-05,13.836221,13.997294,13.615872,13.791121,7833000
2019-12-06,14.261460,14.514023,14.233110,14.432198,9769500
2019-12-09,14.432193,14.546878,14.181562,14.188649,4908000
2019-12-10,14.376788,14.642237,14.204761,14.346506,7432500
2019-12-11,14.519174,15.319388,14.465053,15.287173,11976000
2019-12-12,15.206637,16.574474,15.192463,16.527441,20947500
2019-12-13,16.481050,17.020968,16.043575,16.255547,21313500
2019-12-16,16.803204,17.163364,16.701405,16.716867,10213500
2019-12-17,16.973937,17.064139,16.687226,16.936569,9778500
2019-12-18,16.989392,17.073797,16.745207,16.912077,7486500
2019-12-19,17.074442,17.325717,16.881153,17.309610,7558500
2019-12-20,17.602769,17.953909,17.432030,17.865641,10882500
2019-12-23,18.297635,18.304730,17.930650,17.986116,11043000
2019-12-24,18.065450,18.119629,17.800370,18.119629,3774000
2019-12-26,18.217014,18.258937,17.950000,18.187990,5878500
2019-12-27,18.372456,18.372456,17.840359,17.985477,7303500
2019-12-30,17.908082,17.933234,17.196041,17.606882,9241500
2019-12-31,17.332768,17.782951,17.287620,17.724905,5722500
2020-01-02,18.389867,18.832311,18.142200,18.830378,10438500
2020-01-03,17.897759,18.270547,17.679762,17.813269,14713500
2020-01-06,17.156696,17.410814,16.861947,17.248281,11313000
2020-01-07,17.804881,18.387284,17.533351,18.137682,10441500
2020-01-08,18.213787,18.500794,17.884209,18.177668,10024500
2020-01-09,18.832308,18.848434,17.943547,18.491768,11472000
2020-01-10,18.745237,18.751042,17.979019,18.113817,11304000
2020-01-13,18.504028,18.866497,18.304088,18.823929,8160000
2020-01-14,18.836824,19.366339,18.596898,18.945177,9610500
2020-01-15,18.936153,18.984524,18.059002,18.262165,11518500
2020-01-16,18.713642,19.178662,18.671720,19.177372,10807500
2020-01-17,19.423738,19.577239,19.104481,19.549505,11839500
2020-01-21,19.306363,19.735909,19.284434,19.513397,6961500
2020-01-22,19.962289,20.598222,19.799757,19.979057,10747500
2020-01-23,20.210605,20.445372,19.589504,20.435053,9354000
2020-01-24,21.236096,21.348320,19.307652,19.744293,19885500
2020-01-27,17.980961,18.184769,17.353409,17.454023,19500000
2020-01-28,18.123495,18.861980,17.736515,18.703318,14221500
2020-01-29,18.494998,18.616897,17.610108,17.672024,12270000
2020-01-30,17.317936,17.774571,16.585256,17.606236,17106000
2020-01-31,17.179912,17.201841,15.512035,15.711974,22954500
2020-02-03,15.931905,16.389184,15.868698,16.311789,13681500
2020-02-04,17.545606,17.868733,17.309550,17.833260,15466500
2020-02-05,18.781358,19.078686,18.212498,19.000645,19452000
2020-02-06,19.059985,19.081270,18.329887,19.012903,12234000
2020-02-07,18.453722,18.529828,17.639777,17.671381,16014000
2020-02-10,17.260533,18.471775,17.252792,18.471775,11137500
2020-02-11,18.973555,19.867475,18.961300,19.580465,16857000
2020-02-12,20.212534,20.536305,20.122882,20.440851,11917500
2020-02-13,19.893283,20.921356,19.846845,20.486004,13008000
2020-02-14,20.945860,21.193527,19.991958,20.354427,11269500
2020-02-18,19.284427,19.622390,19.091583,19.508875,16186500
2020-02-19,20.306698,21.100650,20.255101,21.024544,13075500
2020-02-20,20.767850,20.961340,19.130285,20.084833,20755500
2020-02-21,19.682378,19.703661,18.059003,18.281515,25333500
2020-02-24,15.693915,16.460778,15.415935,15.673276,30187500
2020-02-25,16.344039,16.371774,13.981536,14.233718,38751000
2020-02-26,14.578129,15.258566,14.060221,14.353036,33132000
2020-02-27,13.002480,13.875118,12.246583,12.327203,38827500
2020-02-28,11.093386,13.414613,11.074037,13.221768,45580500
2020-03-02,14.027971,14.531689,12.596796,14.531044,36516000
2020-03-03,14.714862,15.307584,12.690963,13.059883,32919000
2020-03-04,13.840936,14.985747,13.288846,14.971558,20538000
2020-03-05,13.728711,14.788387,13.286910,13.628740,23968500
2020-03-06,12.576803,13.124378,11.802846,12.809636,26310000
2020-03-09,9.805391,11.408773,9.545471,9.564175,31191000
2020-03-10,10.765742,11.390066,9.609966,11.390066,33006000
2020-03-11,10.370381,10.770259,9.113346,9.457757,33735000
2020-03-12,7.520929,8.625107,6.579926,6.581216,47734500
2020-03-13,7.811163,8.449031,6.320649,8.379375,43620000
2020-03-16,5.790489,6.866290,5.095218,5.145525,47341500
2020-03-17,5.146815,5.796939,4.238061,5.656981,73488000
2020-03-18,4.450899,5.092638,3.450560,4.192268,67953000
2020-03-19,4.078108,4.901083,3.724668,4.510235,67534500
2020-03-20,5.050715,5.255813,4.114871,4.124546,63204000
2020-03-23,4.385757,4.777896,3.954276,4.508300,63927000
2020-03-24,5.394775,6.068879,5.372821,6.052737,67669500
2020-03-25,6.163149,6.792701,5.527786,5.815766,65236500
2020-03-26,6.265815,7.038065,6.069524,6.978661,55215000
2020-03-27,6.274855,6.600930,5.858383,5.904227,51672000
2020-03-30,6.131511,6.584788,5.963630,6.539589,39718500
2020-03-31,6.549275,6.859854,5.970087,6.117305,50964000
2020-04-01,5.508417,5.962340,4.946018,5.127458,47541000
2020-04-02,5.020917,5.614955,5.012522,5.596876,43654500
2020-04-03,5.602041,5.773151,5.044162,5.264343,43627500
2020-04-06,5.940386,6.953480,5.933283,6.879225,51997500
2020-04-07,7.660515,7.728313,6.761064,6.792702,79462500
2020-04-08,7.160747,7.556558,6.841775,7.473264,50287500
2020-04-09,7.787717,7.970448,6.766229,6.983182,75898500
2020-04-13,6.934754,7.286658,6.744275,7.235002,36957000
2020-04-14,7.741226,8.225497,7.690862,8.195794,51487500
2020-04-15,7.721856,7.723147,7.269224,7.530730,37128000
2020-04-16,7.900713,8.169321,7.587551,8.084735,47277000
2020-04-17,8.578045,8.608392,8.006606,8.294585,47445000
2020-04-20,7.942684,8.297169,7.748329,7.759306,35502000
2020-04-21,7.402237,7.529438,6.554440,6.669374,60042000
2020-04-22,7.259539,7.925896,7.180118,7.786426,37150500
2020-04-23,7.826458,8.074405,7.509422,7.588842,42906000
2020-04-24,7.616607,8.114438,7.386741,8.071821,34429500
2020-04-27,8.394024,8.636804,8.275215,8.397898,42303000
2020-04-28,8.845363,8.995810,8.234537,8.266821,55147500
2020-04-29,8.689103,9.540129,8.650361,9.452960,42030000
2020-04-30,9.321886,9.351586,8.395314,8.459238,55264500
2020-05-01,7.877468,7.909753,7.089722,7.173662,65224500
2020-05-04,6.981890,7.395780,6.909572,7.375118,35217000
2020-05-05,7.797402,8.169321,7.600464,7.748974,47706000
2020-05-06,8.006609,8.385631,7.955598,8.017585,46401000
2020-05-07,8.438577,8.542533,8.122833,8.252617,32518500
2020-05-08,8.506376,8.990000,8.420498,8.973858,38311500
2020-05-11,8.680712,9.184353,8.658112,8.949320,27099000
2020-05-12,9.137863,9.218574,8.190630,8.190630,34702500
2020-05-13,8.412103,8.465050,7.385449,7.749621,53503500
2020-05-14,7.567534,8.394023,7.167204,8.368841,54496500
2020-05-15,7.541707,7.933643,7.399654,7.844537,55647000
2020-05-18,8.394022,9.055858,8.394022,8.942216,42394500
2020-05-19,8.897017,9.455543,8.820825,8.835031,40813500
2020-05-20,9.372251,9.988888,9.367085,9.839733,39808500
2020-05-21,9.836502,9.844896,9.030676,9.075229,37935000
2020-05-22,9.152066,9.232779,8.749800,9.206950,25134000
2020-05-26,9.926901,10.061205,9.441984,9.492349,41682000
2020-05-27,9.605992,9.904949,8.761424,9.897845,41941500
2020-05-28,9.737068,10.090263,9.104287,9.248278,33565500
2020-05-29,9.372895,10.051520,9.265710,9.950791,38440500
2020-06-01,9.755143,9.950789,9.556270,9.827461,21564000
2020-06-02,9.910113,10.460244,9.756437,10.460244,34992000
2020-06-03,10.866383,11.503038,10.866383,11.377128,30483000
2020-06-04,11.277049,11.926617,11.116916,11.676733,31461000
2020-06-05,12.520654,13.043021,12.423154,12.527111,26946000
2020-06-08,12.843501,12.843501,12.065439,12.450919,25800000
2020-06-09,12.022821,12.600717,11.894973,12.472223,22317000
2020-06-10,12.739543,12.961662,12.450918,12.587160,23647500
2020-06-11,11.623785,11.773587,10.170974,10.185179,47562000
2020-06-12,11.130474,11.233786,9.936585,10.607462,35401500
2020-06-15,9.937876,11.101416,9.797114,11.073006,29254500
2020-06-16,12.015722,12.224281,11.073009,11.659945,30856500
2020-06-17,11.909182,12.270125,11.752278,11.982791,21156000
2020-06-18,11.822658,12.088039,11.721284,11.927260,13989000
2020-06-19,12.338568,12.455439,11.628305,11.687063,29616000
2020-06-22,11.745177,12.057692,11.339681,11.999579,19461000
2020-06-23,12.233050,12.481123,12.036660,12.104492,18909000
2020-06-24,11.878387,12.097388,11.015949,11.291154,31200000
2020-06-25,11.278233,11.619977,10.746557,11.568942,21685500
2020-06-26,11.434569,11.633543,10.812451,10.876407,21492000
2020-06-29,10.899663,11.259497,10.498484,11.250452,17931000
2020-06-30,11.382890,12.257602,11.382890,12.158760,32251500
2020-07-01,12.166511,12.172972,11.618040,11.650341,21469500
2020-07-02,12.139378,12.407476,11.946864,12.083820,24289500
2020-07-06,12.699477,13.173657,12.682681,13.052851,21822000
2020-07-07,12.886824,13.191745,12.500503,12.570273,17728500
2020-07-08,12.888117,13.114224,12.553478,13.090322,14014500
2020-07-09,13.243428,13.850042,12.665239,13.611013,25341000
2020-07-10,13.637500,13.758306,13.063833,13.475349,16764000
2020-07-13,14.043849,14.498001,12.726612,12.802842,24480000
2020-07-14,12.590948,13.529617,12.017281,13.481165,25491000
2020-07-15,13.760245,13.770581,12.726611,13.346146,20254500
2020-07-16,12.921063,13.339039,12.720151,13.183348,13903500
2020-07-17,13.424961,13.569669,13.178827,13.427545,12028500
2020-07-20,13.490854,14.317115,13.205312,14.255096,16717500
2020-07-21,14.501876,14.569708,13.804820,13.953404,16822500
2020-07-22,14.083254,14.441795,13.777040,14.120723,13956000
2020-07-23,14.101344,14.477975,13.091614,13.463076,22534500
2020-07-24,12.750513,13.404932,12.239511,12.821575,19546500
2020-07-27,13.308032,14.051603,13.290590,14.036098,17731500
2020-07-28,13.790606,13.790606,13.133604,13.205958,20592000
2020-07-29,13.614890,14.198893,13.522510,14.061291,19687500
2020-07-30,13.867484,14.899179,13.856501,14.884320,25672500
2020-07-31,14.994791,14.996083,13.999919,14.633019,26299500
2020-08-03,14.914036,15.580082,14.913390,15.503853,16984500
2020-08-04,15.433440,16.193160,15.390802,16.169903,12100500
2020-08-05,16.119516,16.328828,15.762913,16.138250,12822000
2020-08-06,16.025193,16.156981,15.587838,16.079458,10840500
2020-08-07,15.964467,16.215123,14.965719,15.532925,17872500
2020-08-10,15.625305,15.729962,14.859771,15.542615,11625000
2020-08-11,15.498686,15.963821,14.906930,15.027737,15201000
2020-08-12,15.412767,16.624057,15.286148,16.541367,18397500
2020-08-13,16.548469,16.548469,15.764846,15.999997,12742500
2020-08-14,16.137604,16.537491,15.803611,15.943797,12001500
2020-08-17,16.336580,16.746157,16.259702,16.547182,11739000
2020-08-18,16.740984,16.836596,16.111114,16.273912,11410500
2020-08-19,16.292001,16.406992,15.813944,15.958008,10309500
2020-08-20,15.484473,15.776474,15.207329,15.542615,16498500
2020-08-21,15.548430,15.892113,15.278394,15.885008,10789500
2020-08-24,16.366296,16.520049,15.964470,16.324305,11776500
2020-08-25,16.354019,16.852746,16.354019,16.850163,11626500
2020-08-26,16.962570,17.170588,16.724833,17.040092,11527500
2020-08-27,17.116967,17.209348,16.075581,16.375980,17893500
2020-08-28,16.478695,17.319168,16.374039,17.303663,13989000
2020-08-31,17.288164,17.629907,16.848868,17.255217,12093000
2020-09-01,17.565312,18.250092,17.317239,18.226837,10255500
2020-09-02,19.020149,20.116446,18.529172,19.861916,18729000
2020-09-03,18.965232,18.993012,16.088502,16.472239,37044000
2020-09-04,16.101420,16.825610,14.216332,16.015499,26686500
2020-09-08,14.253159,15.129164,13.693705,13.735050,21556500
2020-09-09,14.738319,15.200871,14.212459,14.870753,19171500
2020-09-10,15.359149,15.581378,13.979894,14.253160,19227000
2020-09-11,14.563896,14.996084,13.751848,14.203417,14871000
2020-09-14,15.071668,15.363023,14.738967,15.101384,11850000
2020-09-15,15.653733,16.169259,15.599468,15.877902,11725500
2020-09-16,16.078168,16.262284,15.342997,15.399847,10791000
2020-09-17,14.292567,15.476723,14.103930,15.329431,14704500
2020-09-18,15.518717,15.700895,14.070338,14.614933,17329500
2020-09-21,13.749909,14.566480,13.463722,14.544515,25779000
2020-09-22,14.881736,15.094278,14.100697,15.071667,13864500
2020-09-23,14.985746,15.297773,13.820970,13.949528,14178000
2020-09-24,13.658174,14.930189,13.631041,14.357168,24952500
2020-09-25,14.434691,15.068437,13.783502,14.976702,15505500
2020-09-28,15.544554,16.214479,15.273872,16.199619,15123000
2020-09-29,16.093675,16.737111,16.093675,16.334641,19848000
2020-09-30,16.183468,16.859852,16.085919,16.356602,20143500
2020-10-01,16.979367,17.518795,16.803651,17.372149,18271500
2020-10-02,16.155046,16.911536,15.779708,15.823636,24060000
2020-10-05,16.270682,17.370210,16.249364,17.368271,14751000
2020-10-06,17.309482,18.304354,16.861790,17.071745,16638000
2020-10-07,17.801751,18.201638,17.782372,18.101505,13549500
2020-10-08,18.576331,18.830863,18.365728,18.730083,11172000
2020-10-09,19.399358,19.861264,19.306331,19.712679,18609000
2020-10-12,20.436224,20.885855,20.157143,20.568659,15901500
2020-10-13,20.592562,21.004723,20.188798,20.544109,14068500
2020-10-14,20.677837,20.923971,19.859975,20.218517,11320500
2020-10-15,19.187468,20.184277,18.969112,20.058950,10518000
2020-10-16,20.555091,20.559614,19.733353,19.772760,8916000
2020-10-19,20.220456,20.604192,19.230751,19.454275,11283000
2020-10-20,19.730123,19.885168,19.228810,19.392254,6909000
2020-10-21,19.531145,19.622881,18.943913,18.982674,8161500
2020-10-22,19.115114,19.303753,18.326968,19.049221,9789000
2020-10-23,18.876085,18.876085,18.252028,18.770138,6975000
2020-10-26,18.298540,18.540798,16.861143,17.571121,13960500
2020-10-27,17.943229,18.087291,17.177695,17.389589,7834500
2020-10-28,16.545887,16.556223,15.595590,15.658899,15634500
2020-10-29,15.763560,17.343082,15.632419,16.905725,10749000
2020-10-30,16.372104,16.652479,15.511606,16.082687,11187000
2020-11-02,16.611130,16.861140,15.915365,16.341740,10897500
2020-11-03,16.796544,17.693867,16.759075,17.314007,12472500
2020-11-04,18.376065,19.350264,17.717123,19.128679,17590500
2020-11-05,20.672668,21.794162,20.666210,21.651390,20565000
2020-11-06,21.463400,22.946666,21.254736,22.765133,15370500
2020-11-09,24.188962,24.805913,21.855536,21.895588,16741500
2020-11-10,21.314815,21.602294,19.774701,19.926516,16570500
2020-11-11,20.863889,22.202445,20.833525,22.097790,11782500
2020-11-12,22.135263,22.378166,20.912346,21.242462,11928000
2020-11-13,21.958249,22.590058,21.588726,22.030603,10963500
2020-11-16,22.549357,23.689583,22.384622,23.655344,12468000
2020-11-17,23.407922,23.466063,22.560343,23.079098,9009000
2020-11-18,23.177937,23.696692,22.551942,22.589411,10455000
2020-11-19,22.513827,23.650178,21.978277,23.637903,8220000
2020-11-20,23.615941,24.205112,23.167603,23.254169,11338500
2020-11-23,23.677305,24.508734,23.338144,24.306528,11436000
2020-11-24,24.742601,24.774903,23.556507,24.699318,9943500
2020-11-25,24.581100,25.060448,24.140514,24.435099,6964500
2020-11-27,24.924779,25.781403,24.924134,25.276215,8937000
2020-11-30,25.423505,26.309846,24.486129,26.226509,10632000
2020-12-01,26.886744,28.036661,26.680662,27.618040,12735000
2020-12-02,27.344772,28.200749,27.197480,27.827995,7210500
2020-12-03,28.326077,28.766664,27.747243,27.869987,7801500
2020-12-04,28.329953,30.227316,28.081235,30.189848,10473000
2020-12-07,30.753174,30.753174,29.737629,30.584562,8889000
2020-12-08,30.476682,31.273873,30.080025,30.970242,6286500
2020-12-09,30.627850,31.165337,27.731738,28.321556,19231500
2020-12-10,27.733679,28.898454,27.262730,28.266645,11490000
2020-12-11,27.533409,27.965596,26.422252,27.291151,13248000
2020-12-14,28.090927,28.764080,27.908103,28.318974,10854000
2020-12-15,29.343558,29.736983,28.829326,29.499895,7351500
2020-12-16,29.758950,29.770579,28.776352,29.434649,6372000
2020-12-17,29.961802,30.030928,29.246013,29.592279,6106500
2020-12-18,29.781560,29.910764,28.641979,29.205956,8797500
2020-12-21,28.101912,28.774420,27.294387,28.631002,11620500
2020-12-22,28.784186,28.900483,27.867377,28.525101,6235500
2020-12-23,28.709240,28.879810,27.895160,27.932634,4338000
2020-12-24,28.266670,28.745426,28.133573,28.738964,2637000
2020-12-28,29.677091,29.784990,28.461787,28.575499,7542000
2020-12-29,28.945064,28.945064,27.411234,28.355825,7833000
2020-12-30,28.756412,29.938119,28.686634,29.821823,7807500
2020-12-31,29.825050,30.221104,29.246148,30.139051,5871000
2021-01-04,30.694692,32.616179,29.007092,29.722963,17731500
2021-01-05,29.504588,31.502314,29.504588,31.444811,8538000
2021-01-06,30.555131,33.106561,30.318660,31.213501,16782000
2021-01-07,32.607788,35.006741,32.578068,34.653328,10443000
2021-01-08,36.349966,36.771223,33.560774,34.682396,13090500
2021-01-11,33.886404,36.705319,33.856037,35.945511,9625500
2021-01-12,36.503091,37.562688,35.573362,36.651695,10501500
2021-01-13,37.428943,37.731963,36.245945,36.749252,6897000
2021-01-14,38.009789,40.328624,38.009789,39.140453,11373000
2021-01-15,38.951791,39.069377,35.960367,36.656860,16302000
2021-01-19,38.294712,40.505650,38.195211,40.380955,13351500
2021-01-20,41.831443,42.178395,39.687697,40.044342,11220000
2021-01-21,41.080675,42.177098,39.829186,41.826916,11056500
2021-01-22,40.704008,41.165321,39.515837,39.531345,12573000
2021-01-25,40.716914,40.839672,37.435399,39.701252,12499500
2021-01-26,39.780079,39.780079,37.796568,37.850193,7641000
2021-01-27,35.729061,35.905445,31.534609,32.121265,25056000
2021-01-28,33.920645,35.448014,33.118839,34.049862,16110000
2021-01-29,34.246922,34.715989,31.885443,32.370014,15256500
2021-02-01,34.003347,36.369348,33.567879,36.195549,13749000
2021-02-02,37.925145,37.951634,36.310552,37.843090,10789500
2021-02-03,38.248843,38.568659,35.442852,35.502293,14184000
2021-02-04,35.215418,36.446877,34.432995,36.379681,8400000
2021-02-05,37.150476,37.150476,35.456417,35.589512,8242500
2021-02-08,36.305385,38.894932,36.289876,38.894932,17278500
2021-02-09,38.413587,39.289048,37.838562,38.399376,8659500
2021-02-10,39.411802,40.037221,37.192464,38.762474,15432000
2021-02-11,39.623085,42.801872,39.623085,42.801872,20781000
2021-02-12,42.146078,44.593486,41.677015,44.359600,15841500
2021-02-16,45.875990,46.376070,44.397077,45.144611,14367000
2021-02-17,43.708345,44.329890,40.838393,42.652626,19341000
2021-02-18,40.901062,41.930935,39.754888,41.368187,15594000
2021-02-19,43.267066,45.082593,42.858730,44.385456,23602500
2021-02-22,42.645524,43.549412,38.940167,39.547497,22419000
2021-02-23,37.308773,39.486760,33.987196,38.745045,27033000
2021-02-24,37.779775,42.480763,36.892039,42.395481,17964000
2021-02-25,40.769257,41.682191,34.601633,35.101063,35817000
2021-02-26,36.772514,38.475624,34.698549,37.516171,29536500
2021-03-01,39.339451,41.244785,38.329604,41.244785,24520500
2021-03-02,41.614987,41.663447,37.263538,37.360451,19687700
2021-03-03,37.699643,37.786866,33.745540,33.929676,21749000
2021-03-04,33.755250,34.104139,27.562426,29.054905,34294300
2021-03-05,31.225785,31.942949,26.874332,31.739429,30945800
2021-03-08,31.700663,31.913875,26.651429,26.670813,28761200
2021-03-09,29.403798,32.059252,29.074289,31.448690,19994900
2021-03-10,33.134987,33.134987,29.675150,29.772062,19953500
2021-03-11,32.272461,33.958772,31.836346,33.406361,19094300
2021-03-12,31.516526,32.553508,30.867200,32.388752,17047600
2021-03-15,32.757022,34.530554,32.156154,34.472404,15325300
2021-03-16,35.693525,37.399214,35.112037,35.838894,27404900
2021-03-17,34.191355,37.941940,33.445115,37.234463,21743500
2021-03-18,35.625697,35.780760,32.417836,32.669811,25749000
2021-03-19,32.960548,34.549945,31.380848,33.677715,20615000
2021-03-22,34.830988,37.021252,34.520862,35.858280,23763800
2021-03-23,36.232535,36.358580,32.490025,32.994198,26947000
2021-03-24,34.545496,35.030277,31.559243,31.598026,26195900
2021-03-25,29.988548,32.170062,29.183812,31.811325,30291400
2021-03-26,31.811336,36.591278,31.714378,36.542797,35670300
2021-03-29,35.272672,35.786539,33.449894,34.700630,28422700
2021-03-30,34.051020,34.690931,33.236588,34.438847,17926000
2021-03-31,35.321147,37.793530,35.243580,37.046967,25362500
2021-04-01,38.830962,41.148215,38.830962,41.119129,27795500
2021-04-05,43.174596,43.921159,41.603906,43.630291,26445800
2021-04-06,42.777079,43.601209,40.789477,42.059605,17961500
2021-04-07,42.651038,42.660732,41.051259,42.059605,12421800
2021-04-08,43.387906,43.630296,42.272908,43.426689,12957100
2021-04-09,42.495912,43.145517,41.817218,43.126125,10748500
2021-04-12,42.389256,42.457125,40.527695,41.778431,14926000
2021-04-13,42.660734,42.786778,40.304697,41.390606,14056400
2021-04-14,41.099741,42.146870,39.393313,40.013832,12838600
2021-04-15,41.060950,42.331077,40.353170,42.146862,13642000
2021-04-16,42.185653,42.311698,41.187005,41.448788,11016200
2021-04-19,40.498621,41.002794,37.085761,38.394669,20268200
2021-04-20,37.822617,38.326790,35.912582,36.562187,13892000
2021-04-21,36.775490,39.529047,36.203448,39.509655,15160200
2021-04-22,39.141228,39.373924,36.135586,36.823975,20962100
2021-04-23,37.153621,39.335136,37.134229,38.927921,13212600
2021-04-26,38.869739,41.167600,38.782478,40.925209,13528500
2021-04-27,41.477856,41.603900,39.713253,40.081688,12557200
2021-04-28,39.441789,39.451483,38.113490,38.220139,12753600
2021-04-29,39.945963,39.965355,37.308753,39.083054,14812500
2021-04-30,37.182706,37.977747,35.447193,35.776844,19385800
2021-05-03,36.571893,36.639762,34.012249,34.526115,13899900
2021-05-04,33.362634,33.401417,31.025989,32.936028,24428000
2021-05-05,34.002548,34.700634,32.722726,33.498375,16034800
2021-05-06,33.159034,34.322510,32.150688,34.322510,15387300
2021-05-07,35.398717,36.407062,34.816981,35.805935,16784600
2021-05-10,34.904236,34.904236,30.909639,30.958118,25439800
2021-05-11,28.136690,31.326550,27.816735,31.132637,29951300
2021-05-12,29.183821,29.629819,26.963523,27.273783,34045700
2021-05-13,28.631169,29.571644,27.438606,28.437256,25520000
2021-05-14,29.561948,31.685290,28.679647,30.958118,21881300
2021-05-17,30.037037,30.153385,28.534216,30.153385,19224800
2021-05-18,30.744813,31.103553,29.300165,29.368036,15262600
2021-05-19,27.593737,31.190811,27.361042,31.074465,29208700
2021-05-20,31.753160,33.915284,31.675594,33.585632,28593200
2021-05-21,34.225541,34.264324,32.780896,33.100849,25100300
2021-05-24,33.934673,36.009536,33.847413,35.418102,21577500
2021-05-25,36.193753,36.600967,35.136930,35.815620,19468200
2021-05-26,35.902885,36.533102,35.088453,36.048321,13436700
2021-05-27,35.757448,37.095441,35.592621,36.707619,16449400
2021-05-28,36.911233,38.074708,36.727017,37.599621,15891400
2021-06-01,38.317095,39.306049,36.591276,37.173012,18159400
2021-06-02,37.105144,38.375271,36.756101,37.997139,12370500
2021-06-03,36.678535,37.114835,35.408407,35.990143,16945800
2021-06-04,36.920926,38.772790,36.891837,38.530399,15960500
2021-06-07,38.065007,38.239529,36.988797,37.725662,11453800
2021-06-08,38.588574,38.753401,36.164668,37.008186,13475800
2021-06-09,37.386322,37.706276,36.474931,36.552498,11721000
2021-06-10,36.649445,38.171657,36.377969,37.851704,17601900
2021-06-11,37.861404,38.288013,37.396014,38.288013,7971500
2021-06-14,38.598265,39.916866,37.871094,39.916866,18513300
2021-06-15,39.558132,40.333781,38.530398,38.821266,13301400
2021-06-16,39.257570,39.645392,36.911228,37.987442,18089300
2021-06-17,37.512360,39.916874,37.473580,39.083054,18466200
2021-06-18,38.094102,38.375276,35.631413,36.184063,21346600
2021-06-21,36.407055,36.998489,35.476277,36.959705,12722000
2021-06-22,36.746408,37.648101,36.261627,37.425098,10500400
2021-06-23,37.425097,38.423748,37.425097,37.861401,8615400
2021-06-24,38.666134,39.975041,38.666134,39.829609,12716800
2021-06-25,39.916880,40.421053,39.063668,39.422405,9244100
2021-06-28,40.236825,42.738296,40.188347,42.321384,18209300
2021-06-29,41.991742,43.329735,41.574830,43.281258,13090200
2021-06-30,43.019472,43.368515,42.340778,43.184299,9830900
2021-07-01,42.806175,43.019477,40.847659,41.274265,11578200
2021-07-02,42.243825,42.369869,40.964003,42.001434,10933300
2021-07-06,42.311693,42.796475,40.101093,41.729958,10020300
2021-07-07,42.466818,42.573470,39.451479,39.984741,10623800
2021-07-08,37.376615,39.150915,36.610660,38.569176,14764300
2021-07-09,38.957011,40.663439,38.055318,40.498615,9799600
2021-07-12,40.876742,42.011131,40.537396,42.011131,9021800
2021-07-13,41.448783,42.001433,40.818566,41.322739,9289300
2021-07-14,42.214732,43.426685,40.585868,40.876736,15361500
2021-07-15,40.518004,40.527698,37.376621,38.220139,14968000
2021-07-16,38.811570,39.218788,35.476278,35.641102,14425600
2021-07-19,34.138283,35.805931,33.653501,35.718670,17527800
2021-07-20,36.106495,37.890489,34.758800,37.173012,12487200
2021-07-21,37.492964,40.576172,37.425095,40.576172,12599700
2021-07-22,39.655095,40.353178,38.685533,39.499966,8148900
2021-07-23,40.033224,40.343484,38.734011,40.285309,8740400
2021-07-26,39.344829,40.517998,39.344829,40.188347,7703500
2021-07-27,39.558130,39.606607,35.592621,37.958355,17917400
2021-07-28,38.336490,40.236830,37.832317,39.926571,12983000
2021-07-29,39.975043,42.360165,39.975043,42.127472,15318400
2021-07-30,40.905827,43.145517,40.789480,43.038864,13599200
2021-08-02,43.814516,45.462773,43.513954,43.833908,17018600
2021-08-03,43.911468,44.580464,42.282603,44.570770,10801400
2021-08-04,44.754977,46.684407,44.648325,46.160843,13768900
2021-08-05,46.703815,46.723207,45.026473,45.734253,8580700
2021-08-06,44.919814,45.831201,44.793770,45.210682,6202000
2021-08-09,45.472460,45.831197,44.153855,44.745289,5943700
2021-08-10,44.958596,45.152509,42.175953,43.097038,9994500
2021-08-11,43.688475,43.746646,41.138525,42.825562,10016600
2021-08-12,42.117779,42.175954,40.295005,41.322739,9746100
2021-08-13,41.206385,42.272902,41.002778,42.156555,7655800
2021-08-16,41.603916,42.108089,40.653745,41.700871,6658600
2021-08-17,40.653747,40.673138,38.142580,39.228489,13983700
2021-08-18,39.063652,39.713257,37.405702,37.483265,10760100
2021-08-19,37.017882,39.034569,36.009537,38.423748,14855300
2021-08-20,38.743703,39.509658,37.822618,39.199398,10732300
2021-08-23,40.139874,42.457127,40.139874,42.360168,12229000
2021-08-24,42.641347,43.087345,42.059611,42.398956,8557100
2021-08-25,42.835256,44.260514,42.767387,43.416992,10125800
2021-08-26,43.164908,43.950255,42.379561,43.320038,9529400
2021-08-27,43.484862,46.054204,43.329733,45.860291,12358300
2021-08-30,46.325675,47.508542,45.695462,46.286896,10291100
2021-08-31,46.315989,46.509902,43.989038,45.133121,9620800
2021-09-01,45.792418,45.860287,44.435033,44.561073,7246900
2021-09-02,44.939209,45.297950,44.308996,44.890732,7168600
2021-09-03,44.735600,46.393550,44.561078,45.802120,7374000
2021-09-07,45.918462,45.966939,44.522290,45.346420,5660800
2021-09-08,44.696816,44.958598,42.428040,43.581821,11787400
2021-09-09,43.543032,44.851940,43.523641,44.163551,8643000
2021-09-10,45.220379,47.149809,45.094335,45.171902,14399600
2021-09-13,46.345064,46.703801,44.531984,46.412933,11356400
2021-09-14,46.926804,47.479454,45.705154,46.412933,10129200
2021-09-15,46.597160,47.217679,45.336726,47.111027,9321800
2021-09-16,46.286904,48.022418,45.588818,47.576420,9094400
2021-09-17,47.159498,47.169196,44.570769,45.327026,14478900
2021-09-20,42.418348,42.854652,39.907182,41.982044,19454600
2021-09-21,42.699517,43.164906,41.060955,42.272907,9972400
2021-09-22,43.106729,45.152506,42.670425,44.851940,11093200
2021-09-23,45.462767,47.072240,45.007072,46.635937,11819600
2021-09-24,45.433675,46.761974,45.356108,46.490498,7465000
2021-09-27,45.104033,46.713506,44.173254,46.238419,10241300
2021-09-28,43.533339,44.396249,40.770085,40.944607,23988000
2021-09-29,41.264568,41.380915,38.569183,38.898834,19889700
2021-09-30,39.810220,40.673130,38.782483,38.821266,14470200
2021-10-01,39.267265,39.461178,36.901535,38.850353,16368700
2021-10-04,38.113487,38.317094,35.456885,35.893188,20555400
2021-10-05,36.455532,38.191049,36.125881,37.473576,15194100
2021-10-06,36.184065,37.948668,35.796239,37.871105,16403200
2021-10-07,39.296352,40.750695,39.044268,39.160614,13234300
2021-10-08,39.655093,39.819917,37.890491,38.132881,10297000
2021-10-11,37.580223,39.160610,37.192400,37.211792,9446400
2021-10-12,38.016534,38.113492,35.359935,35.922279,19847400
2021-10-13,36.552494,37.134230,36.106497,36.504017,11660600
2021-10-14,38.433443,39.829615,38.142575,39.800526,14800900
2021-10-15,40.750702,41.002790,40.042922,40.566486,10988500
2021-10-18,39.887783,41.662084,39.209089,41.555431,8498200
2021-10-19,41.797834,43.126133,41.332444,43.077656,11476200
2021-10-20,42.786776,43.368511,42.301995,42.854645,9908200
2021-10-21,42.011127,44.328379,41.982037,44.202335,10019700
2021-10-22,43.475172,44.822863,42.437741,42.709217,12691700
2021-10-25,43.242471,44.279903,42.815865,43.688473,9706700
2021-10-26,44.619248,45.036160,43.184296,43.591511,12067800
2021-10-27,42.883728,44.221724,42.234123,42.747990,13076300
2021-10-28,44.444728,45.666375,44.182946,45.569420,15904400
2021-10-29,44.570774,46.199638,44.231425,46.199638,12735000
2021-11-01,46.335379,48.439327,46.005728,48.439327,14647400
2021-11-02,48.303589,50.242714,48.293895,50.242714,12421100
2021-11-03,50.485094,52.172134,49.854878,52.036392,11472200
2021-11-04,53.733141,58.008914,52.909014,57.281742,20539200
2021-11-05,58.212520,60.500687,57.407781,59.056038,19536100
2021-11-08,60.209808,62.740366,59.618378,61.605980,15603900
2021-11-09,63.283322,63.632365,59.540815,61.470245,16385900
2021-11-10,58.222202,60.597630,55.332907,56.186123,17648300
2021-11-11,58.871810,60.103154,57.562899,59.763805,13055700
2021-11-12,60.326158,62.294368,59.308115,61.421761,13052700
2021-11-15,62.759762,62.769452,59.395376,61.276329,11837400
2021-11-16,60.481293,64.408020,60.122553,64.136543,12693000
2021-11-17,63.991104,64.117144,61.761112,62.556149,11636600
2021-11-18,65.804190,66.802838,64.020192,65.910843,14102700
2021-11-19,65.794481,67.743302,64.844307,66.521652,14527400
2021-11-22,67.423359,70.283565,63.244548,63.438457,16809800
2021-11-23,62.856727,64.582547,59.482647,62.769463,16233700
2021-11-24,61.072715,64.863702,59.346892,64.844307,14762200
2021-11-26,61.179375,63.002157,58.028298,59.502033,14919700
2021-11-29,62.003508,66.589537,61.295728,66.327759,18352700
2021-11-30,65.232138,67.229433,60.975761,62.701580,22246300
2021-12-01,65.484224,68.800125,61.130889,61.237541,24798700
2021-12-02,59.395380,62.769456,57.863473,61.324810,21014200
2021-12-03,63.894142,65.881740,58.852419,61.014542,18842800
2021-12-06,60.171027,61.363588,55.051736,60.694588,13816300
2021-12-07,64.727962,70.312634,64.689179,69.798767,21654500
2021-12-08,68.771046,69.032824,66.405312,68.538353,12500700
2021-12-09,67.316695,69.410945,63.661449,63.894142,14533000
2021-12-10,67.345783,68.305647,63.186360,65.542397,12329100
2021-12-13,65.949598,66.618598,60.112838,60.442490,13561500
2021-12-14,58.173726,60.471587,57.145989,59.647461,13311200
2021-12-15,59.957725,66.259875,57.436864,66.046577,19005700
2021-12-16,66.909482,67.384565,56.253993,57.427162,27692100
2021-12-17,55.594689,59.705634,55.129300,57.165379,17729000
2021-12-20,54.431227,56.971479,53.781622,55.798309,15681400
2021-12-21,59.322552,61.766444,56.995039,61.582184,20477000
2021-12-22,60.583302,63.550882,59.749274,63.405411,13011600
2021-12-23,64.006673,66.673618,63.929088,65.374092,14507000
2021-12-27,66.043249,70.795261,65.946270,70.785561,15598000
2021-12-28,71.832946,71.832946,67.468854,68.390160,14401800
2021-12-29,68.293190,70.048530,67.497956,68.855675,10702000
2021-12-30,68.370778,69.185405,65.839604,66.295410,11188200
2021-12-31,66.625126,67.982845,65.781407,65.955971,10152000
2022-01-03,66.964553,69.932132,66.324482,69.922432,15794800
2022-01-04,70.387951,71.968719,64.045470,68.923553,21988000
2022-01-05,67.488234,69.262966,62.008878,62.076767,20821000
2022-01-06,62.154347,64.384885,59.982002,63.560558,19343100
2022-01-07,63.114476,64.055182,57.353872,57.935753,22625900
2022-01-10,55.608226,58.372149,52.194536,58.187889,25112700
2022-01-11,57.305375,61.523996,56.131921,61.378529,22053900
2022-01-12,63.027176,64.394595,60.748152,62.629562,19392000
2022-01-13,65.461369,67.090630,57.780570,58.381844,28866500
2022-01-14,56.985332,62.590767,56.791375,62.532581,23880600
2022-01-18,59.070400,59.526206,53.823793,54.289295,29055200
2022-01-19,55.743992,56.403455,49.197855,49.285137,28683300
2022-01-20,50.545868,51.593252,44.426445,44.601009,32438800
2022-01-21,43.854263,47.452212,42.089231,42.389866,45826500
2022-01-24,39.761718,44.106413,35.514002,44.077320,53548700
2022-01-25,40.508464,42.040743,38.190647,38.976181,40326300
2022-01-26,42.457761,45.677491,38.888904,40.847897,46405000
2022-01-27,42.089235,42.137724,34.912728,35.261856,50033700
2022-01-28,35.271554,37.249943,32.100314,37.249943,43946700
2022-01-31,37.812432,43.398468,37.143269,43.233604,39362500
2022-02-01,44.504030,44.707686,41.012758,44.523426,37795600
2022-02-02,47.006111,48.005002,45.056815,47.849834,40548600
2022-02-03,44.203396,46.356345,40.876989,41.342491,32875300
2022-02-04,40.809100,43.175406,39.150743,42.147419,30575600
2022-02-07,42.321991,44.145213,41.565550,42.098938,28382000
2022-02-08,41.458871,45.464139,41.255214,45.192593,33686800
2022-02-09,46.967322,49.682756,45.299268,49.479099,35302800
2022-02-10,46.142986,50.633148,44.203390,45.018017,51371000
2022-02-11,45.153805,46.210885,37.259645,38.345821,51212800
2022-02-14,38.549474,40.586048,36.716556,38.394306,43218400
2022-02-15,40.634530,44.891942,40.411473,44.620396,39910800
2022-02-16,42.738999,45.095608,41.740108,44.707687,35357600
2022-02-17,42.787495,43.049341,39.441690,39.635651,41858900
2022-02-18,39.897491,40.101148,36.629273,38.433098,46904100
2022-02-22,37.075381,40.304810,35.717665,37.443905,49765600
2022-02-23,38.859802,40.052653,34.553901,34.825443,52830600
2022-02-24,30.849270,38.840405,30.597123,38.733727,68362100
2022-02-25,38.791919,40.576347,37.007490,40.518158,40949000
2022-02-28,38.985882,40.954570,37.395413,39.771416,43350600
2022-03-01,39.548373,40.052669,34.282368,35.475224,46635000
2022-03-02,36.338336,39.645347,36.105583,38.908298,41485400
2022-03-03,39.422289,39.635642,35.707961,36.415913,45902800
2022-03-04,35.523708,36.289846,32.352468,33.719883,46799000
2022-03-07,33.768370,34.524812,28.609045,28.686628,50665800
2022-03-08,28.773909,33.302867,27.619849,30.218908,68456500
2022-03-09,33.089504,34.582994,32.071217,33.875042,46482400
2022-03-10,32.071222,32.197297,29.869780,31.760887,43831500
2022-03-11,33.128302,33.380448,29.578841,29.763103,34118300
2022-03-14,29.103639,29.918269,26.475485,27.067062,49351500
2022-03-15,27.590757,30.761995,27.164045,30.558338,42082900
2022-03-16,32.042130,35.300653,31.091729,35.203671,55754000
2022-03-17,34.185377,35.882523,33.283464,35.834034,37147500
2022-03-18,35.504315,38.471895,34.524816,37.986996,39797700
2022-03-21,37.531190,38.762834,35.766157,37.822128,38312100
2022-03-22,37.625222,39.788260,37.470027,38.401199,34654100
2022-03-23,37.353625,38.789187,35.491280,35.588276,38313200
2022-03-24,36.684352,40.981329,36.179966,40.826134,44687200
2022-03-25,40.806731,41.097722,38.556396,40.748531,36316000
2022-03-28,39.962857,41.524513,38.139308,41.427513,35741000
2022-03-29,43.493546,44.618713,41.815495,44.211327,40148500
2022-03-30,43.367464,43.842752,39.458477,40.108356,38435700
2022-03-31,40.021047,40.583633,37.266326,37.615517,38547400
2022-04-01,37.896808,38.149003,33.580432,35.200287,57428500
2022-04-04,35.481578,37.072332,35.083886,36.820137,28200500
2022-04-05,35.976262,36.121760,31.553189,31.892681,57649600
2022-04-06,29.923638,31.136101,28.672373,29.593847,69146900
2022-04-07,29.341654,30.476522,27.799399,29.593847,55657300
2022-04-08,28.963370,29.060365,27.304716,27.440514,71608900
2022-04-11,26.228049,26.877928,25.549067,25.694563,60558200
2022-04-12,27.198019,27.973996,25.083480,25.452068,66793200
2022-04-13,25.966155,27.683006,25.519967,27.188320,50484000
2022-04-14,27.692705,27.760605,24.773090,24.840988,51193200
2022-04-18,24.501493,26.839125,24.404495,26.169844,49251700
2022-04-19,25.878854,28.022491,25.432666,27.886696,45358800
2022-04-20,29.167059,29.923638,27.392010,27.644203,51891900
2022-04-21,28.711177,29.652049,25.034981,25.422970,53808500
2022-04-22,25.316272,25.762458,23.638221,23.715818,57459200
2022-04-25,23.172629,24.986477,22.968936,24.899179,58210600
2022-04-26,23.968007,24.152302,21.678874,21.756472,55039200
2022-04-27,20.970801,22.881646,20.835004,21.290892,52406400
2022-04-28,22.503353,25.510265,21.727374,24.811886,63555800
2022-04-29,23.570322,25.170777,21.436384,21.572180,48104400
2022-05-02,21.707978,23.812818,21.155094,23.764320,57669900
2022-05-03,23.599422,24.908885,23.036838,24.356001,53115700
2022-05-04,24.918583,27.295013,22.600348,27.178617,77054200
2022-05-05,25.733365,25.820662,22.066869,23.269634,64302700
2022-05-06,22.542152,24.123208,21.281189,22.648849,73607500
2022-05-09,21.164791,21.921370,18.739861,19.127850,72482100
2022-05-10,20.805899,21.484879,19.127847,20.456709,72934500
2022-05-11,19.913529,21.339387,18.400371,18.574966,76546000
2022-05-12,17.954185,19.389744,17.420699,18.827160,79889100
2022-05-13,19.952326,22.222061,19.574037,21.814672,65885900
2022-05-16,21.203588,21.834069,20.563407,20.728302,49300800
2022-05-17,22.386955,23.997109,22.154162,23.841913,65619700
2022-05-18,22.697345,23.618819,19.913526,20.223917,61497800
2022-05-19,19.932927,21.378187,19.302445,19.894129,62522000
2022-05-20,20.893202,20.999897,17.129709,19.748634,86718200
2022-05-23,19.331545,20.204520,18.865959,20.010525,54498700
2022-05-24,19.098750,19.283043,17.886285,18.526466,57291400
2022-05-25,18.167580,20.097824,18.157880,19.583740,54536300
2022-05-26,19.021156,22.144465,18.895058,21.863174,60520000
2022-05-27,22.891344,24.676093,22.881644,24.501497,54680400
2022-05-31,24.385095,24.831283,23.036835,24.113504,48671900
2022-06-01,24.579095,24.947684,22.028067,22.998039,52378500
2022-06-02,22.697348,25.490869,22.600350,25.413271,49439000
2022-06-03,23.812815,24.200805,22.794345,23.211433,42093200
2022-06-06,24.491797,24.811887,22.774945,23.192034,40514000
2022-06-07,22.328755,23.997106,21.863169,23.861311,37067500
2022-06-08,23.434532,23.725523,21.746781,22.222067,38501600
2022-06-09,21.717672,22.852539,20.398511,20.456709,37937200
2022-06-10,19.380046,19.894132,18.099683,18.245178,58924000
2022-06-13,16.421629,16.887215,14.879373,15.083067,77061300
2022-06-14,15.529254,15.732948,14.753276,15.286761,52253400
2022-06-15,15.859044,16.906613,15.005468,16.111237,77001800
2022-06-16,14.685380,14.733878,12.599939,13.162523,90753100
2022-06-17,13.240118,13.599009,12.396243,13.288617,64012800
2022-06-21,14.103394,14.966670,14.054895,14.355587,57522800
2022-06-22,13.635914,14.539148,13.538791,13.878718,49362200
2022-06-23,14.160371,14.170083,12.956060,13.606776,47625300
2022-06-24,14.218645,15.393820,14.150659,15.354971,60548200
2022-06-27,15.840580,15.986262,14.927634,15.345259,43426900
2022-06-28,15.539504,16.102811,14.102101,14.140949,56957600
2022-06-29,13.597064,13.635913,12.654982,13.160016,61516700
2022-06-30,12.654983,13.431958,12.023691,12.722969,70274900
2022-07-01,12.130525,12.237360,10.809668,11.266141,92067100
2022-07-05,10.430893,11.557507,10.226937,11.508946,82942200
2022-07-06,11.576930,12.140236,11.188442,11.742037,77177800
2022-07-07,12.538437,13.490232,12.538437,13.315413,75926300
2022-07-08,12.752105,13.762172,12.586997,13.509655,77437200
2022-07-11,12.868651,13.062895,12.285920,12.538437,52520600
2022-07-12,12.800665,13.062894,12.353905,12.596709,53368400
2022-07-13,11.829448,13.169730,11.780886,12.907500,70014100
2022-07-14,12.790954,13.849583,12.179086,13.665051,78227900
2022-07-15,14.325479,14.713966,13.635914,14.675117,74112400
2022-07-18,15.374395,15.714322,14.208933,14.490586,83926600
2022-07-19,15.160729,16.675831,15.053896,16.462164,78348500
2022-07-20,16.345615,17.909278,16.025113,17.676186,85890600
2022-07-21,17.986975,18.569706,17.171151,18.550282,80210800
2022-07-22,18.297763,18.365748,16.656402,17.142012,65689500
2022-07-25,16.734101,16.870073,15.957126,16.802086,43336800
2022-07-26,16.442737,16.743814,15.782308,15.957128,48959700
2022-07-27,16.821513,18.569708,16.675830,18.190931,78797600
2022-07-28,18.317186,18.958190,17.074025,18.812508,69548100
2022-07-29,18.035537,19.414668,17.792733,19.259274,61313500
2022-08-01,18.851358,20.016821,18.482296,19.434090,61205100
2022-08-02,18.870783,20.269338,18.559993,19.346680,60816500
2022-08-03,19.404954,21.094875,19.298121,20.929768,57214600
2022-08-04,20.852071,21.629048,20.609266,21.434803,56294600
2022-08-05,20.356748,21.483364,19.977973,20.939480,60067800
2022-08-08,20.055674,20.774376,19.006757,19.948841,59477700
2022-08-09,18.676541,18.676541,16.423313,17.180864,65153600
2022-08-10,18.530860,19.443806,17.860718,19.336971,69125300
2022-08-11,19.880846,20.978324,19.113584,19.210707,70069200
2022-08-12,19.657474,21.094878,19.404957,20.978333,57238400
2022-08-15,20.628691,21.337681,20.201355,21.153151,48991600
2022-08-16,20.861779,21.114296,19.803151,20.531565,48777200
2022-08-17,19.599198,19.618623,18.171505,18.987329,67988800
2022-08-18,19.152439,20.745239,18.938771,20.288765,50790800
2022-08-19,19.482649,19.793439,18.346323,18.618265,49700800
2022-08-22,17.579064,17.627624,16.287342,16.549572,51389400
2022-08-23,16.588418,17.540212,16.520433,16.831223,49723200
2022-08-24,16.753525,17.083740,16.287341,16.908920,42087500
2022-08-25,16.957486,18.822227,16.918638,18.763954,58659800
2022-08-26,18.695964,18.773661,15.490941,15.520078,84676900
2022-08-29,15.034470,15.588064,14.519724,14.616846,61062700
2022-08-30,15.053893,15.121878,13.558216,14.053537,77063100
2022-08-31,14.267208,14.276920,13.266852,13.635916,86870500
2022-09-01,12.654983,12.878363,11.625491,12.839515,113345600
2022-09-02,13.441671,13.733037,12.266496,12.489876,100737200
2022-09-06,12.538436,12.654982,11.722612,12.062539,79919100
2022-09-07,12.062539,12.936636,11.878007,12.616134,79632700
2022-09-08,12.276208,13.402822,12.013978,13.257138,103258300
2022-09-09,13.849583,14.422603,13.781597,14.228358,81908900
2022-09-12,14.403176,14.616845,13.888431,14.354615,67153300
2022-09-13,12.771528,13.101743,11.606066,11.742037,85975600
2022-09-14,11.926568,12.373329,11.596354,12.101388,65846900
2022-09-15,11.878006,12.305342,11.256426,11.567216,94630600
2022-09-16,11.139883,11.751751,10.858229,11.712902,87622100
2022-09-19,11.285565,12.081964,11.237004,11.907146,75532200
2022-09-20,11.546618,11.731753,11.137370,11.400457,70577400
2022-09-21,11.458923,12.589225,11.088652,11.108139,125021300
2022-09-22,10.884025,11.030185,9.987579,10.240923,112096100
2022-09-23,9.812187,9.880396,9.208061,9.773211,120047000
2022-09-26,9.656285,10.094764,9.256782,9.305502,96464800
2022-09-27,9.782957,10.016812,9.149598,9.558846,115839400
2022-09-28,9.324989,10.085020,9.208061,9.909628,119412700
2022-09-29,9.451660,9.490636,8.574703,9.052157,128122600
2022-09-30,8.672142,9.363965,8.516239,8.633166,109534300
2022-10-03,8.857277,9.743979,8.652653,9.451659,126786100
2022-10-04,10.309131,10.815818,10.270155,10.757354,114533100
2022-10-05,10.260412,11.361482,9.948605,11.127626,110030200
2022-10-06,11.000955,11.614826,10.767100,10.903515,117138000
2022-10-07,9.919372,10.016812,8.769582,8.974206,134873300
2022-10-10,8.837789,8.857278,7.658768,8.068015,163448700
2022-10-11,7.610048,7.814672,7.015665,7.376193,186475200
2022-10-12,7.298241,7.424913,7.044898,7.152082,110516500
2022-10-13,6.255636,8.145968,6.051012,7.795185,284532700
2022-10-14,8.048527,8.058272,6.694114,6.752578,177216100
2022-10-17,7.278754,7.473634,7.015666,7.142338,113321500
2022-10-18,7.834160,7.999808,6.859762,7.210546,185506400
2022-10-19,7.083873,7.600305,7.015665,7.376193,134272400
2022-10-20,7.502865,8.204432,7.395682,7.502865,170614600
2022-10-21,7.454145,8.418800,7.356706,8.360335,178616600
2022-10-24,8.418798,8.584446,7.873135,8.457774,147205700
2022-10-25,8.574704,9.227551,8.525984,9.022927,127146900
2022-10-26,8.516239,9.422430,8.331104,8.779327,143571600
2022-10-27,8.925486,9.198318,8.262895,8.301872,129662300
2022-10-28,8.340849,9.315247,8.272640,9.256783,129291600
2022-10-31,9.061902,9.110622,8.525983,8.691630,118351000
2022-11-01,9.169085,9.276270,8.711118,8.867023,108638200
2022-11-02,9.032669,9.519868,7.990063,8.029038,174985600
2022-11-03,7.580818,8.077761,7.337218,7.688001,135668700
2022-11-04,8.496751,8.828047,8.204432,8.759838,173041700
2022-11-07,9.032671,9.441918,8.652656,9.344479,105846700
2022-11-08,9.851164,10.289643,9.363965,9.909628,147373300
2022-11-09,9.490636,9.568588,8.944974,9.003437,107444900
2022-11-10,10.523500,11.858425,10.289644,11.770729,196270300
2022-11-11,11.965608,13.066677,11.527129,12.881542,166468400
2022-11-14,12.657431,13.164118,12.404087,12.443064,108739600
2022-11-15,13.972868,14.070307,12.969238,13.514900,159797700
2022-11-16,12.598967,12.657430,11.566105,11.819448,112310400
2022-11-17,11.049676,12.257929,11.020444,12.053306,128795400
2022-11-18,12.657431,12.696407,11.760985,12.170232,117064100
2022-11-21,11.760984,11.887656,11.439433,11.585593,84238200
2022-11-22,11.829193,12.608710,11.546617,12.569735,86949600
2022-11-23,12.569737,13.397975,12.511273,12.978984,113790600
2022-11-25,12.793848,12.920520,12.501528,12.530760,41754500
2022-11-28,12.043557,12.433317,11.303016,11.536871,87803100
2022-11-29,11.644055,11.868167,11.205576,11.429688,75056000
2022-11-30,11.536872,13.495412,11.225065,13.466180,133385800
2022-12-01,13.729269,13.768245,12.608711,13.154374,112133900
2022-12-02,12.170231,12.793847,11.985096,12.696406,98017700
2022-12-05,12.472294,12.823077,11.887655,12.267671,71095100
2022-12-06,12.218951,12.277415,11.088649,11.419945,86923400
2022-12-07,11.117882,11.624569,11.039930,11.400457,86276700
2022-12-08,11.585593,12.394344,11.351737,12.296904,101888300
2022-12-09,12.170232,12.657431,11.868169,12.004584,88787400
2022-12-12,11.829192,12.676918,11.634311,12.647685,73482200
2022-12-13,14.343140,14.528275,12.803591,13.281046,180078900
2022-12-14,13.164116,13.670802,12.218949,12.667172,139612300
2022-12-15,11.916889,12.063050,11.030187,11.108139,107181700
2022-12-16,10.913258,11.186090,10.494268,10.825562,88813800
2022-12-19,10.835307,10.864538,10.085021,10.416315,82876800
2022-12-20,10.023209,10.512146,9.935200,10.179668,88304000
2022-12-21,10.394801,11.020640,10.365465,10.893517,83240400
2022-12-22,10.306795,10.326353,8.908434,9.563610,135617300
2022-12-23,9.377813,9.592946,9.025778,9.553831,92378600
2022-12-27,9.368032,9.377811,8.927989,9.064892,78142100
2022-12-28,8.898654,9.221352,8.546619,8.663963,83917300
2022-12-29,9.074671,9.612502,8.976884,9.456042,90966000
2022-12-30,9.064893,9.485378,8.859539,9.456042,64369800
2023-01-03,9.944979,9.984094,8.986662,9.152901,97509800
2023-01-04,9.661395,10.042766,9.368033,9.847191,114576600
2023-01-05,9.583168,9.778743,9.319141,9.358256,83312800
2023-01-06,9.729848,10.825066,9.348477,10.629492,123492600
2023-01-09,11.274889,11.998517,11.030420,11.274889,136968300
2023-01-10,11.128208,11.724711,10.942412,11.705154,90401400
2023-01-11,11.714932,12.154976,11.392233,12.125639,80469400
2023-01-12,12.311436,12.790594,11.558472,12.536346,135343400
2023-01-13,12.096302,12.712363,11.998516,12.663469,74389800
2023-01-17,12.595018,13.132848,12.389664,12.771035,74500500
2023-01-18,13.152407,13.455549,12.526568,12.536346,82050400
2023-01-19,12.203868,12.242984,11.362897,11.509579,99618400
2023-01-20,11.842055,12.575460,11.490020,12.507010,89921600
2023-01-23,12.888380,14.580102,12.839486,14.413863,125178200
2023-01-24,13.973821,14.521431,13.846697,14.120502,75816000
2023-01-25,13.406655,14.306299,13.035063,14.208511,93424800
2023-01-26,14.687669,14.961473,13.983599,14.902801,111443300
2023-01-27,14.179176,15.020147,14.032495,14.648555,101402600
2023-01-30,14.032492,14.296518,13.426210,13.494661,81286700
2023-01-31,13.367538,14.228067,13.338202,14.198731,97363300
2023-02-01,14.404085,16.897665,14.355192,16.428284,150219900
2023-02-02,16.946558,17.992883,16.633639,17.523504,116420900
2023-02-03,16.408728,17.728856,16.232710,16.555408,94867600
2023-02-06,15.763331,16.486958,15.509083,15.743773,77254800
2023-02-07,15.861119,17.455055,15.773110,17.200808,119100900
2023-02-08,16.946557,17.298593,15.988241,16.125143,72392900
2023-02-09,16.946561,17.503950,15.851341,16.213156,84793400
2023-02-10,15.704655,15.861115,14.912578,15.450409,78447700
2023-02-13,15.636208,16.252270,15.225501,16.056694,60332300
2023-02-14,15.704659,17.142135,15.323289,16.946560,111460800
2023-02-15,16.438065,17.200808,16.066474,17.151915,74638200
2023-02-16,16.281603,16.790098,15.822002,15.919790,81774100
2023-02-17,15.626428,15.763332,14.707227,15.157049,82871000
2023-02-21,14.462758,14.971253,13.582671,13.700016,68114400
2023-02-22,13.797805,14.091167,13.240417,13.524000,70471500
2023-02-23,14.795234,15.000587,13.964040,14.746340,94198000
2023-02-24,13.973822,14.218290,13.651123,13.993380,74689200
2023-02-27,14.628997,14.677890,14.179174,14.179174,61896900
2023-02-28,14.081387,14.932138,13.993379,14.325855,59300500
2023-03-01,14.482316,14.883244,14.159617,14.355192,63832600
2023-03-02,13.700018,14.902802,13.357761,14.677892,73485400
2023-03-03,14.717004,15.421074,14.325854,15.333065,72055200
2023-03-06,15.479747,15.890455,14.707227,14.834351,56252700
2023-03-07,14.853907,15.078819,14.169396,14.325855,66744300
2023-03-08,14.531210,15.548199,14.521432,15.460191,71670200
2023-03-09,15.401517,16.174039,14.472537,14.580103,87945700
2023-03-10,14.775678,14.912581,13.504442,13.739132,128656300
2023-03-13,13.308868,14.218291,12.859046,13.709797,121199400
2023-03-14,14.433421,15.196163,14.218289,14.883244,107012500
2023-03-15,14.276962,14.521431,13.445769,14.364970,126199700
2023-03-16,14.159618,16.154482,13.983601,16.056694,108646600
2023-03-17,16.125143,16.526071,15.479746,15.773108,79179200
2023-03-20,15.782885,16.418505,15.430851,16.242487,62536400
2023-03-21,16.658714,17.167975,15.610810,16.325735,76051300
2023-03-22,16.335525,17.647852,15.865439,15.904612,95075000
2023-03-23,16.668508,17.794758,16.286561,17.128801,97514400
2023-03-24,16.746854,16.864374,15.708745,16.227798,90583300
2023-03-27,16.413876,16.570572,15.483496,15.640191,64605200
2023-03-28,15.542254,15.552048,14.592286,15.307211,75621600
2023-03-29,16.002551,17.109213,15.963376,16.727268,90012500
2023-03-30,17.393223,17.912278,17.216940,17.579300,80622200
2023-03-31,17.197350,17.961242,17.070036,17.922068,68287500
2023-04-03,17.549917,17.784960,16.776231,17.442188,57147300
2023-04-04,17.500954,17.530334,16.169040,16.443258,64093400
2023-04-05,15.914409,15.973169,15.062376,15.591224,86953300
2023-04-06,15.130930,15.679365,14.778364,15.336593,65901100
2023-04-10,14.905681,16.159246,14.827333,16.051517,63177700
2023-04-11,16.374699,16.443254,15.777297,15.875231,52220200
2023-04-12,16.315940,16.394287,14.954646,15.013407,76962300
2023-04-13,15.072168,15.620602,14.729396,15.346385,59431400
2023-04-14,15.317005,15.855647,14.768570,15.258244,56858500
2023-04-17,14.788157,15.297417,14.641254,15.258244,56761700
2023-04-18,15.689159,16.022138,15.091756,15.454115,56833200
2023-04-19,14.886092,15.062375,14.670636,14.944854,53185600
2023-04-20,14.484559,15.571635,14.445385,14.886091,65191000
2023-04-21,14.778364,14.778364,14.180961,14.553113,68276000
2023-04-24,14.474766,14.729396,14.063439,14.327864,48740200
2023-04-25,14.122200,14.122200,12.898015,12.927395,89382800
2023-04-26,13.338722,13.505211,12.907809,13.093884,68911200
2023-04-27,13.054711,13.319135,12.261439,13.260374,87997600
2023-04-28,13.475831,13.975299,13.260374,13.936124,65456800
2023-05-01,14.161373,14.484558,14.024264,14.357243,57191000
2023-05-02,14.357243,14.602081,13.622732,14.053646,61126500
2023-05-03,13.828397,14.318072,13.524800,13.554180,71240700
2023-05-04,13.221200,13.710874,12.946982,13.319135,62383900
2023-05-05,13.338721,14.376831,13.162438,14.171167,62636200
2023-05-08,14.161374,14.396417,13.779427,14.347449,41012800
2023-05-09,13.779426,13.828394,13.456242,13.652111,57414300
2023-05-10,14.083027,14.337658,13.622733,14.014473,78346700
2023-05-11,14.034058,14.131993,13.358308,13.779428,54962200
2023-05-12,13.887157,14.073232,13.309341,13.730461,46243600
2023-05-15,13.808811,14.827333,13.681495,14.797952,64054000
2023-05-16,14.670635,15.248451,14.660842,14.739190,54294600
2023-05-17,15.160310,16.002550,14.827332,15.806680,77302900
2023-05-18,16.002549,17.432397,15.982962,17.305082,91302200
2023-05-19,17.226737,17.275704,16.707682,17.030867,49521200
2023-05-22,16.570573,17.354051,16.541192,17.167976,43944400
2023-05-23,16.844790,17.187560,16.443257,16.570572,41287200
2023-05-24,15.561843,15.894820,15.170103,15.698952,87475800
2023-05-25,17.784964,18.989562,17.265909,18.754519,124768700
2023-05-26,19.635929,22.779637,19.616343,22.407484,112964600
2023-05-30,24.062584,24.287834,22.123475,22.397694,99439100
2023-05-31,21.261647,22.201823,20.654453,20.713213,73938700
2023-06-01,21.036401,22.280174,20.399825,21.702358,74757400
2023-06-02,22.221408,22.417276,21.085364,21.565245,65015000
2023-06-05,21.300824,21.300824,20.233335,20.536932,35747700
2023-06-06,20.125604,21.604420,20.008083,21.281235,49445200
2023-06-07,21.692562,22.622944,21.046192,21.193094,65066100
2023-06-08,21.339995,22.005951,21.016809,21.819876,43045900
2023-06-09,22.554389,23.004889,21.633801,21.937399,50142100
2023-06-12,22.720878,24.170312,22.652322,24.091965,52761000
2023-06-13,25.257388,25.541398,24.209484,25.032137,82626800
2023-06-14,24.787303,26.148598,24.327010,26.089836,84622000
2023-06-15,25.218215,26.021280,24.895030,25.414085,64797200
2023-06-16,26.217147,26.236735,24.611015,24.718744,55392600
2023-06-20,24.346598,25.022347,23.484771,24.140934,43349100
2023-06-21,23.707391,24.021266,22.265527,22.343996,59099400
2023-06-22,21.853564,22.932509,21.794711,22.657869,44637500
2023-06-23,21.529880,21.853564,21.108110,21.471027,44294000
2023-06-26,21.892801,22.873662,21.627969,21.667204,47524300
2023-06-27,21.863377,24.021269,21.588735,23.903566,54471000
2023-06-28,22.736339,23.972223,22.667679,23.266003,55584500
2023-06-29,23.648540,23.648540,22.726531,23.354280,45213700
2023-06-30,24.099735,24.688252,23.825096,24.354759,47598800
2023-07-03,24.776533,25.257154,24.207634,25.002131,25289900
2023-07-05,24.511695,24.698059,23.373897,23.393515,38292000
2023-07-06,22.167441,22.608827,21.618160,22.540167,49420400
2023-07-07,22.638254,23.570072,22.393039,22.520550,41284000
2023-07-10,22.716723,23.972225,22.638254,23.854521,39943500
2023-07-11,24.207631,24.266482,22.834427,23.874138,44231000
2023-07-12,24.953082,25.355235,24.521503,25.198298,54237000
2023-07-13,26.002603,26.924612,25.708344,26.757866,42645500
2023-07-14,26.816718,27.493512,25.404279,25.727962,47910200
2023-07-17,25.777006,27.983941,25.276767,27.522936,50068600
2023-07-18,27.218873,28.003561,26.571506,27.719112,45800100
2023-07-19,27.866240,27.895666,26.522462,26.767677,49085500
2023-07-20,25.296384,25.561215,23.413133,23.825094,67340600
2023-07-21,24.531313,25.100212,24.031074,24.443035,43146400
2023-07-24,24.433225,24.953081,24.040881,24.423416,29911500
2023-07-25,24.825572,26.081074,24.825572,25.629877,39288500
2023-07-26,24.717678,25.237533,23.746625,24.580357,54225500
2023-07-27,26.483223,27.513126,25.502363,25.953558,83083300
2023-07-28,27.454276,27.895664,26.630354,27.611214,60636000
2023-07-31,27.915282,28.199732,27.415045,27.866240,37007400
2023-08-01,27.277720,28.170302,26.914802,27.983940,36908400
2023-08-02,26.973653,26.973653,24.315523,24.796144,81886500
2023-08-03,23.825094,25.110020,23.609304,24.668633,51031600
2023-08-04,24.344950,25.453323,23.619114,24.403801,59250900
2023-08-07,24.972696,25.286573,24.501884,25.168869,40030800
2023-08-08,24.031076,24.080118,22.981556,23.991840,52987700
2023-08-09,23.932990,23.972225,22.510744,22.648064,49811500
2023-08-10,23.207152,23.942797,21.882991,22.373421,65350400
2023-08-11,21.510262,21.578922,20.607871,20.735382,66258400
2023-08-14,20.460741,22.520546,20.264569,22.491121,55110100
2023-08-15,22.187058,22.383229,21.284667,21.382751,45574800
2023-08-16,21.294474,21.363135,20.078207,20.137060,54398900
2023-08-17,20.225337,20.352848,19.332752,19.528925,50769000
2023-08-18,18.852132,20.038973,18.744238,19.764332,63687900
2023-08-21,20.117444,21.608352,19.999740,21.461222,60272400
2023-08-22,22.275335,22.383230,20.696151,20.941366,59640500
2023-08-23,20.549021,22.451889,20.499977,22.167440,67010200
2023-08-24,23.432749,23.462175,19.852609,20.019356,87095000
2023-08-25,19.950697,20.764811,19.028688,20.264572,73315300
2023-08-28,20.853086,21.176769,20.362656,21.010023,57976500
2023-08-29,20.686340,22.863849,20.568636,22.628443,62384100
2023-08-30,22.481315,23.246387,21.941843,22.952127,58519900
2023-08-31,22.726532,23.815287,22.697105,23.403326,57584100
2023-09-01,23.883946,24.040884,23.060024,23.560263,50183300
2023-09-05,23.295430,24.109544,22.932511,23.560263,39873800
2023-09-06,23.413130,23.825091,22.226288,22.991360,45032300
2023-09-07,21.441607,21.627969,20.598067,21.451416,61690800
2023-09-08,21.304284,21.765289,20.813854,21.088495,40693000
2023-09-11,21.814332,21.882992,20.195913,21.039454,55474600
2023-09-12,20.598064,21.559307,20.450936,20.539213,49005100
2023-09-13,20.480360,21.451414,20.392085,20.823662,56098900
2023-09-14,21.441606,21.510266,20.647108,21.235624,54201500
2023-09-15,20.833471,20.862897,19.077732,19.411224,77383000
2023-09-18,18.920794,19.793759,18.832516,19.548544,41631100
2023-09-19,19.413942,19.463066,18.745851,19.089722,50047300
2023-09-20,19.315692,19.571138,18.117058,18.156357,58695600
2023-09-21,17.448971,17.812490,17.085450,17.114925,68048000
2023-09-22,17.586519,18.048290,17.321247,17.527571,65378900
2023-09-25,17.301596,17.959862,17.036324,17.900911,56510100
2023-09-26,17.429320,17.606167,16.692454,16.938076,70947400
2023-09-27,17.331070,17.763365,16.594205,17.370371,80980900
2023-09-28,17.262296,18.883399,17.046149,18.313557,88909800
2023-09-29,19.089726,19.315698,18.333210,18.539534,75732800
2023-10-02,18.618129,19.237095,18.107235,18.745852,65982800
2023-10-03,18.274257,19.050421,17.222997,17.576691,77741000
2023-10-04,17.861614,18.480580,17.458794,18.313557,74018800
2023-10-05,18.254609,18.539531,17.507918,18.077761,63584100
2023-10-06,17.704417,19.443420,17.350722,19.129023,92805900
2023-10-09,18.588653,19.187971,18.126885,19.040596,62652500
2023-10-10,19.217446,20.258883,18.952175,19.698864,67622800
2023-10-11,19.954310,20.317831,19.472892,20.150808,62660000
2023-10-12,20.308006,21.192244,19.738164,20.317831,83392100
2023-10-13,20.435730,20.524154,18.519881,18.647604,88671200
2023-10-16,18.794978,19.649743,18.765505,19.463070,65688500
2023-10-17,18.303732,19.413943,17.596342,18.961998,90214600
2023-10-18,18.048288,18.460932,17.665116,17.959864,81406400
2023-10-19,18.431456,18.598479,16.928250,17.124748,115930900
2023-10-20,17.114926,17.478447,16.279811,16.348585,83690500
2023-10-23,16.063664,16.957727,15.552770,16.102962,89594500
2023-10-24,16.368233,16.830001,16.132436,16.741579,79093400
2023-10-25,16.093136,16.230685,14.452384,14.707830,107436500
2023-10-26,14.865029,15.405397,14.226412,14.472034,101804700
2023-10-27,15.032053,15.297324,14.668533,14.835556,91507300
2023-10-30,14.560457,14.845378,13.774468,14.275536,104353000
2023-10-31,14.285361,14.766780,13.764643,14.639056,75873100
2023-11-01,14.688181,15.739442,14.668531,15.670668,100044400
2023-11-02,16.604030,17.105099,16.093136,16.780878,89974100
2023-11-03,17.291769,18.431453,17.193520,18.058107,88065900
2023-11-06,18.126886,18.313557,17.419494,17.930387,52668800
2023-11-07,17.841959,18.549349,17.743710,18.274254,56719500
2023-11-08,18.333206,18.627951,17.959862,18.343031,50269100
2023-11-09,18.706554,19.354995,17.959864,18.067936,75784400
2023-11-10,18.726204,20.416083,18.500232,20.239235,95598900
2023-11-13,19.757816,19.846240,19.237097,19.669392,57461900
2023-11-14,21.133298,21.997886,21.005574,21.752264,94381100
2023-11-15,22.214034,22.774052,21.791565,22.233683,78026200
2023-11-16,21.978236,22.508778,21.752263,22.322105,61404400
2023-11-17,22.076487,22.882128,21.978239,22.724928,54090800
2023-11-20,22.685627,23.992335,22.646327,23.756538,56824400
2023-11-21,23.157219,23.186695,22.056835,22.440004,63297900
2023-11-22,22.823174,23.697589,22.420354,22.597202,64858200
2023-11-24,22.567728,22.744576,22.351581,22.685627,21933500
2023-11-27,22.390880,23.127745,22.204207,22.567726,40671500
2023-11-28,22.105959,22.489129,21.585241,22.145260,53548300
2023-11-29,23.049144,23.874433,22.734748,22.813347,69262600
2023-11-30,23.039321,23.058969,21.801387,22.410528,58913500
2023-12-01,21.988059,22.793700,21.457517,22.665976,54913400
2023-12-04,21.968406,22.047005,20.917146,21.919281,55773300
2023-12-05,21.300321,21.703140,20.966275,21.545942,51980900
2023-12-06,22.430177,22.489126,21.035045,21.093994,60117400
2023-12-07,21.634363,22.990194,21.437865,22.774048,77337000
2023-12-08,22.607028,23.618990,22.548079,23.284945,69286800
2023-12-11,23.962860,25.918009,23.884261,25.652739,80772700
2023-12-12,25.299037,26.252049,25.151665,26.183275,55752100
2023-12-13,26.232404,27.902631,25.957307,27.431038,80992700
2023-12-14,28.118779,29.956029,28.108954,29.661283,86502800
2023-12-15,29.926556,31.036767,29.818483,30.034630,66922000
2023-12-18,30.024801,30.172174,28.944065,29.759531,46100400
2023-12-19,29.798831,30.437447,29.759532,30.211475,39361100
2023-12-20,29.671108,30.083753,27.558760,27.607885,59562600
2023-12-21,29.294667,29.944565,28.900790,29.796862,62019200
2023-12-22,30.151349,30.604307,29.422673,30.043032,42657600
2023-12-26,30.456608,32.032118,30.436913,31.667782,48619700
2023-12-27,32.061659,32.238904,31.362524,31.854870,47991500
2023-12-28,32.091198,32.278289,31.559462,31.726862,34883800
2023-12-29,31.677628,31.854873,30.417220,30.919415,53294900
2024-01-02,29.432524,29.442371,26.842777,27.610840,79763800
2024-01-03,26.183032,26.635991,25.483898,25.848236,62304900
2024-01-04,24.577978,25.927011,24.420427,25.188490,75067000
2024-01-05,25.257415,26.212570,25.011242,25.533131,73944700
2024-01-08,26.084561,28.231196,26.025480,27.994869,73206500
2024-01-09,27.079104,28.694003,26.931400,27.985023,67616000
2024-01-10,28.201655,28.241044,26.675379,27.738850,62528400
2024-01-11,27.817627,28.595537,26.370127,28.024412,77551200
2024-01-12,28.142573,28.536450,27.187420,27.669920,48992100
2024-01-16,27.719155,29.373442,27.276044,28.743238,77707000
2024-01-17,27.935788,28.113032,26.547367,27.994869,77075400
2024-01-18,30.249820,30.830790,29.353748,30.712627,99590300
2024-01-19,31.923797,34.454466,31.411757,34.326454,91848600
2024-01-22,35.133907,36.010284,33.696253,34.720333,73322100
2024-01-23,34.690797,35.458858,33.696257,35.370235,50847400
2024-01-24,36.532177,38.324321,35.705033,36.847279,97248200
2024-01-25,38.895439,38.924979,35.961049,36.551865,82851400
2024-01-26,34.336298,35.005890,33.184207,33.489460,70933100
2024-01-29,33.706096,34.592323,32.997115,34.503700,54398800
2024-01-30,34.031049,34.592325,32.544158,33.016811,55768200
2024-01-31,31.431454,33.351608,30.663392,31.608698,85888800
2024-02-01,31.785942,32.219210,30.722474,31.953342,60671300
2024-02-02,31.854869,33.400840,31.677624,33.134975,67828900
2024-02-05,34.021201,35.055130,32.908495,34.562782,65899800
2024-02-06,34.828648,34.936965,32.160127,33.312222,62828900
2024-02-07,33.912885,34.946817,32.947884,34.818806,63261800
2024-02-08,35.192990,37.369164,35.094518,36.581409,59516900
2024-02-09,37.280543,38.934831,36.601102,38.718197,65860900
2024-02-12,38.806812,40.697427,38.058445,38.550793,72207900
2024-02-13,35.163444,37.379007,34.621862,36.276150,86489300
2024-02-14,37.556255,38.668961,37.034368,38.521255,62424100
2024-02-15,39.387791,39.505954,37.910749,38.511414,60937300
2024-02-16,39.230234,40.155846,37.388856,37.743347,77150800
2024-02-20,36.670036,37.093452,34.129522,35.862583,80980100
2024-02-21,34.572630,35.596714,34.050743,35.586864,64615200
2024-02-22,39.830905,41.406415,39.259780,40.786057,96865500
2024-02-23,41.495037,42.026773,38.806821,39.555187,68430000
2024-02-26,40.589115,41.160236,39.781665,40.579266,49475100
2024-02-27,41.170084,41.514725,40.155846,40.480797,48124600
2024-02-28,39.131774,39.880140,38.550804,39.190853,46281900
2024-02-29,40.579265,42.469881,40.146001,42.184319,67431600
2024-03-01,43.720447,48.200807,43.562896,47.590298,90615500
2024-03-04,49.234734,50.623154,48.250040,49.008255,81255500
2024-03-05,47.275187,48.250037,44.567277,46.123096,76835800
2024-03-06,49.008257,51.056420,47.974328,49.451370,91762300
2024-03-07,51.351828,55.201984,51.302591,54.473309,91590800
2024-03-08,55.083824,56.117756,48.053104,48.200809,129037200
2024-03-11,46.221565,47.058558,44.409727,46.054169,76456400
2024-03-12,47.698608,48.929476,45.295954,48.821163,89505900
2024-03-13,47.166881,47.304738,44.399887,45.374737,79513600
2024-03-14,44.803604,45.630747,41.534418,42.863754,77822900
2024-03-15,41.170083,43.464420,40.982989,42.085850,72496500
2024-03-18,44.015857,44.567283,41.682131,41.888916,65139200
2024-03-19,40.119929,41.341958,38.385441,40.819637,83450200
2024-03-20,40.987173,43.165139,40.031231,42.770939,79396800
2024-03-21,46.929777,48.053253,45.392391,45.638767,82495700
2024-03-22,45.017890,46.811510,44.594122,45.757019,57152800
2024-03-25,43.854998,46.496153,43.500215,45.224850,54917700
2024-03-26,46.141363,46.683391,44.229484,44.377308,55697600
2024-03-27,45.559921,45.865429,43.273548,45.826008,56643600
2024-03-28,45.638763,46.614411,45.343108,45.855572,45684700
2024-04-01,46.052672,49.265422,46.042818,47.294411,63270000
2024-04-02,45.165718,45.490933,43.736734,45.214993,57411500
2024-04-03,43.648042,46.496152,43.569200,45.520500,54158200
2024-04-04,47.432381,47.787163,41.371520,41.755867,82719300
2024-04-05,42.081091,43.884565,41.332105,42.987755,71151400
2024-04-08,43.855000,44.534998,42.869495,43.362247,42780900
2024-04-09,44.712387,45.185429,42.544274,44.732098,66283900
2024-04-10,42.485134,44.121073,41.578467,42.465424,74894000
2024-04-11,43.076444,45.382527,42.041664,45.136150,64703800
2024-04-12,42.692103,42.918769,40.435294,40.908337,79978400
2024-04-15,42.366883,42.770940,38.533263,39.203407,62077800
2024-04-16,39.173842,40.573258,38.641669,39.952393,62696200
2024-04-17,40.011526,40.257902,36.108924,36.522839,85426600
2024-04-18,35.517618,36.266600,34.029502,34.403996,91529700
2024-04-19,33.467766,34.078782,29.762267,30.343716,105240100
2024-04-22,31.122264,32.373855,30.057918,31.605162,65096900
2024-04-23,32.344294,34.157624,32.117628,33.615597,66511500
2024-04-24,36.375014,36.936752,34.098494,34.975597,80370100
2024-04-25,34.768632,37.626599,34.137909,36.867760,80677600
2024-04-26,36.779068,39.706021,36.473560,39.223122,59041700
2024-04-29,39.026015,40.238190,38.148916,40.021378,51120700
2024-04-30,39.499060,40.888623,37.567467,37.626598,56304200
2024-05-01,35.557044,37.508344,33.162265,33.871826,97290300
2024-05-02,35.458492,36.375012,33.625451,35.921680,56653400
2024-05-03,38.188343,39.006314,37.547763,38.405155,58599400
2024-05-06,39.390657,40.780220,38.907758,40.701378,48404800
2024-05-07,40.928045,41.302538,39.696163,39.775005,51508400
2024-05-08,38.493849,39.912975,38.395296,39.824280,53735100
2024-05-09,39.814427,40.031236,38.740226,39.380802,39132700
2024-05-10,40.553555,41.627756,39.932685,40.435291,47048400
2024-05-13,40.997029,41.460218,40.484569,40.671814,30565400
2024-05-14,40.583116,42.810356,40.454999,42.583691,41581500
2024-05-15,44.022530,46.387745,43.352390,46.318760,58063500
2024-05-16,46.279348,47.333838,45.540218,45.589493,46325500
2024-05-17,46.338473,46.693255,43.687464,44.741955,40965800
2024-05-20,45.293835,48.585424,45.146012,47.550644,55103200
2024-05-21,45.875280,47.491509,45.737310,47.284554,36437200
2024-05-22,48.536148,49.275277,47.402815,48.664265,55487800
2024-05-23,52.379618,52.428892,46.860785,48.102524,81175900
2024-05-24,49.294989,51.315274,48.634698,50.694405,48477400
2024-05-28,52.566867,54.094400,50.999913,53.256721,50658400
2024-05-29,50.408612,51.167447,49.915859,50.241074,42965600
2024-05-30,50.103097,50.595850,48.270056,49.275272,38260500
2024-05-31,49.570925,49.984839,43.736734,47.885712,72522600
2024-06-03,50.073535,50.191795,45.451512,47.885712,53127300
2024-06-04,47.757600,47.944849,45.757025,46.900211,46692500
2024-06-05,49.304843,53.089184,48.851511,52.744259,66560100
2024-06-06,53.010343,53.010343,50.487448,51.748894,43947600
2024-06-07,51.472954,52.133245,50.073538,51.118172,50248700
2024-06-10,49.787742,53.788896,49.689189,53.168026,43759400
2024-06-11,52.606284,53.690339,50.950634,53.384830,37695700
2024-06-12,56.420191,58.588304,55.986570,57.868885,73759300
2024-06-13,59.199317,60.598737,57.454972,59.977867,45660700
2024-06-14,58.095553,59.672360,57.504247,59.228882,39112000
2024-06-17,60.115839,62.234677,58.095553,61.761631,54196500
2024-06-18,62.500768,65.230623,62.185406,64.294388,47069100
2024-06-20,64.570320,64.875832,57.937872,59.150043,60852900
2024-06-21,57.573227,59.307719,55.217870,57.356419,50012300
2024-06-24,55.631783,56.656709,52.261352,52.448601,54326400
2024-06-25,53.594008,54.799701,51.736055,54.651459,43610200
2024-06-26,54.513106,55.560676,52.230196,54.137562,41093400
2024-06-27,53.692843,54.928183,52.200549,53.169056,35417000
2024-06-28,54.226507,57.893000,53.455656,54.710762,55584600
2024-07-01,54.710762,54.898532,51.637234,54.710762,43335000
2024-07-02,53.722488,57.072730,53.643424,56.924488,45011700
2024-07-03,57.418622,60.798515,56.509413,59.681767,40242700
2024-07-05,61.134529,61.648431,59.088805,60.096844,38395400
2024-07-08,61.529832,63.743564,61.470539,63.555790,42861600
2024-07-09,64.366187,65.374229,61.687969,63.496510,41789800
2024-07-10,65.117266,68.190794,64.247589,67.785599,48280800
2024-07-11,69.188949,69.258128,60.502034,61.263004,75368500
2024-07-12,62.103034,66.510732,60.926991,63.190132,51046400
2024-07-15,64.178408,65.977063,62.310570,63.387787,48228700
2024-07-16,64.257472,64.820787,61.500195,64.534195,39846400
2024-07-17,57.912758,58.604549,50.619310,50.945438,99429800
2024-07-18,53.524831,53.534712,48.543937,51.054150,94172600
2024-07-19,51.172744,51.755825,46.201735,46.448803,75969100
2024-07-22,49.463028,52.329020,48.237573,52.309254,73675300
2024-07-23,49.907754,51.459341,49.413618,49.937401,50181600
2024-07-24,47.862034,48.217813,41.754510,42.396889,90534800
2024-07-25,41.023183,43.187502,36.951502,39.313473,143325900
2024-07-26,41.744630,42.495715,40.232570,41.428379,82759200
2024-07-29,42.861374,44.472259,40.776119,41.319672,80788400
2024-07-30,41.882984,42.169580,36.348656,36.803265,108596000
2024-07-31,41.803922,44.235071,40.934241,43.869411,96880500
2024-08-01,41.556855,42.910787,33.028063,34.589535,163864400
2024-08-02,30.201602,31.219523,27.809983,28.995911,198233900
2024-08-05,23.244167,29.796412,23.224401,27.562916,220042200
2024-08-06,28.264591,30.438789,26.851361,28.244825,137309500
2024-08-07,30.952690,31.565419,25.635785,25.912500,146256500
2024-08-08,28.234943,31.229409,26.554881,31.091049,149988600
2024-08-09,30.349843,31.417179,29.233096,30.646326,96949800
2024-08-12,30.745153,32.207795,29.875472,31.041634,89135100
2024-08-13,32.276973,35.014488,31.812484,34.866245,103380000
2024-08-14,35.755699,36.210304,32.879827,34.638950,112421600
2024-08-15,36.911972,39.995385,36.427721,39.451832,107522700
2024-08-16,38.335086,39.758197,37.623529,39.264061,82364600
2024-08-19,38.819341,41.260375,37.445643,41.112133,77684200
2024-08-20,40.568579,41.428375,38.641447,39.619839,83644600
2024-08-21,40.272098,41.863217,39.857025,41.240604,83611500
2024-08-22,42.011457,42.377120,36.674788,37.070095,107889900
2024-08-23,38.700738,40.726695,38.137423,39.926197,87128100
2024-08-26,39.283829,39.817497,36.477135,36.931740,86603000
2024-08-27,36.081822,38.512975,35.103435,38.038605,74033300
2024-08-28,37.643292,38.404262,34.876131,36.170765,101998500
2024-08-29,36.625375,38.473443,35.212145,35.765575,97333200
2024-08-30,38.226376,38.760044,36.625376,38.335087,85280800
2024-09-03,36.368423,36.378307,29.055207,29.717350,140077900
2024-09-04,28.729076,31.318350,28.393063,29.944651,108759900
2024-09-05,28.709313,30.834100,28.491893,29.401104,100075900
2024-09-06,28.768609,28.827905,25.200946,25.655550,156147600
2024-09-09,26.861246,27.404796,25.843325,27.108315,84474500
2024-09-10,27.217021,28.057051,25.932266,28.017521,81557500
2024-09-11,28.551186,32.039786,26.762414,31.842134,143140900
2024-09-12,31.377649,32.306624,29.994068,31.436945,98895800
2024-09-13,32.138617,33.324545,31.980494,33.037945,78147300
2024-09-16,31.654366,32.257213,30.478323,31.782843,79670100
2024-09-17,32.919357,33.166426,30.992225,31.782843,86913700
2024-09-18,32.158384,33.601261,30.685857,30.774801,113735500
2024-09-19,34.273284,36.012641,33.482667,34.708122,123984300
2024-09-20,33.650676,33.996574,31.664250,33.156540,108589600
2024-09-23,33.571614,33.976806,32.800759,33.522198,59731600
2024-09-24,34.492418,35.343839,33.244990,34.720123,83369600
2024-09-25,34.363723,36.096264,34.304324,35.383450,73587500
2024-09-26,39.798953,40.105857,36.343768,39.254440,138171800
2024-09-27,39.600946,39.610844,36.729876,37.284290,85253500
2024-09-30,35.888357,37.036785,34.700328,36.314068,74316700
2024-10-01,36.224968,36.620979,32.413378,33.492504,124928300
2024-10-02,33.512298,35.690351,32.829183,34.611225,81729100
2024-10-03,33.730108,36.244769,33.641005,34.858734,86857200
2024-10-04,36.937784,37.155586,35.096339,36.314068,100846900
2024-10-07,35.561647,36.868482,35.215141,36.046761,73150200
2024-10-08,36.056659,37.452596,35.304243,37.086285,66629700
2024-10-09,36.917981,38.373313,36.165561,38.224812,67182800
2024-10-10,36.729870,38.036701,35.997255,37.452591,79999000
2024-10-11,36.561575,38.660424,36.492274,38.284214,58434500
2024-10-14,39.046528,40.650369,38.957426,40.412762,69661800
2024-10-15,40.086065,40.779079,33.304400,34.126122,131664200
2024-10-16,35.393346,35.393346,33.660805,34.116215,70233000
2024-10-17,36.799180,36.987287,34.858734,34.858734,97549000
2024-10-18,35.888355,35.967559,34.502321,34.918133,56704300
2024-10-21,34.492423,35.027037,33.393496,34.739929,59115800
2024-10-22,34.056814,34.680526,33.512298,34.343918,51493100
2024-10-23,34.066710,34.532023,31.967861,33.462795,81658300
2024-10-24,34.235018,34.393422,33.195490,33.947910,60128300
2024-10-25,34.838930,36.502170,34.819129,34.928032,82300500
2024-10-28,34.947833,35.729953,34.403321,34.997334,51661100
2024-10-29,35.106237,38.066409,34.591424,37.601097,72288200
2024-10-30,34.621126,35.343842,33.571699,33.670700,89440100
2024-10-31,32.680677,32.690580,28.938389,29.789810,135437800
2024-11-01,30.383826,31.512452,30.076917,30.522429,80726000
2024-11-04,30.304625,31.354049,29.710610,30.047218,60422400
2024-11-05,30.057118,31.175844,29.948214,31.066940,63174900
2024-11-06,32.918290,34.155820,32.076771,33.779610,97893100
2024-11-07,35.413146,36.007159,35.086436,35.848755,77945800
2024-11-08,35.205245,35.918059,34.492427,35.056740,62666300
2024-11-11,34.007309,34.066711,31.165942,32.443073,99155700
2024-11-12,32.047063,32.225268,30.076916,31.354048,75694800
2024-11-13,30.522427,30.908536,29.175994,29.393801,92269200
2024-11-14,30.284824,30.532330,29.086894,29.304701,68994200
2024-11-15,27.730564,28.205775,26.166327,26.394032,113560200
2024-11-18,26.433631,27.552357,26.037620,27.393953,70256700
2024-11-19,27.096950,27.750365,26.819742,27.572161,57030600
2024-11-20,27.067247,27.285051,25.740615,26.859341,90911700
2024-11-21,27.770161,28.631483,26.205924,28.205772,106013200
2024-11-22,27.968167,28.403778,27.562257,28.205772,52604100
2024-11-25,29.284899,29.799712,28.453279,29.037394,70536000
2024-11-26,29.740312,29.948216,27.186049,27.849365,73204200
2024-11-27,27.403854,27.473155,25.324804,26.710836,84235700
2024-11-29,27.275151,28.750288,27.225651,27.780064,54303400
2024-12-02,28.275074,30.492727,28.176071,29.898714,89389800
2024-12-03,29.284898,29.977915,29.106693,29.433401,59730300
2024-12-04,31.225347,31.245146,29.938315,30.571930,67498800
2024-12-05,30.443228,30.562032,28.591883,28.829491,59282100
2024-12-06,28.908690,29.562106,28.611682,29.314600,49152300
2024-12-09,28.779987,30.017517,28.324577,28.938391,54963000
2024-12-10,29.136394,29.235397,26.295025,26.790037,77681700
2024-12-11,28.047371,29.334401,27.512759,28.829491,77277400
2024-12-12,28.166173,28.542381,27.463255,28.176071,59937600
2024-12-13,30.067019,30.997639,29.195797,30.393726,103693900
2024-12-16,30.809538,32.621282,30.086820,32.185669,85469700
2024-12-17,31.264947,31.769859,30.245221,30.819435,64499000
2024-12-18,31.462951,32.155966,26.730637,27.552357,102912200
2024-12-19,27.690960,27.730562,25.800015,26.037621,86520100
2024-12-20,25.562409,28.086970,25.334704,27.027643,108080200
2024-12-23,27.689857,29.546439,27.660074,29.377659,79330900
2024-12-24,30.042850,30.350625,29.447155,30.261271,39963700
2024-12-26,29.685432,30.876821,29.546437,30.350624,45184100
2024-12-27,29.764860,29.963426,28.384835,29.476942,59316300
2024-12-30,28.037346,28.573472,27.123948,27.739500,64859000
2024-12-31,27.997634,28.364978,26.736747,27.114019,61199500
2025-01-02,27.928134,28.841532,26.845957,27.471436,80996300
2025-01-03,28.116771,29.903855,27.957919,29.606007,72119600
2025-01-06,31.581725,33.388666,31.581725,32.256847,95159500
2025-01-07,33.329096,33.487948,30.380410,30.926462,79205700
2025-01-08,30.578974,30.787468,28.970601,29.963425,69523500
2025-01-10,28.851463,28.881248,27.243089,27.858639,85395000
2025-01-13,26.250265,27.670003,26.061628,27.650146,68286400
2025-01-14,28.265696,28.752179,26.984954,27.918209,79759400
2025-01-15,29.437229,30.241416,29.089741,29.725149,69461300
2025-01-16,31.234238,31.492373,29.774788,29.774788,78881100
2025-01-17,31.800146,32.475266,31.254093,32.256847,69688900
2025-01-21,33.090817,34.282203,32.266772,33.448231,60897500
2025-01-22,34.441057,35.890582,34.163067,34.897758,57709400
2025-01-23,33.200028,34.669407,32.773113,34.669407,44900600
2025-01-24,34.689263,34.689263,32.078139,32.415699,60111500
2025-01-27,27.461507,27.878494,23.668921,24.880165,198431800
2025-01-28,25.257440,25.614855,23.579567,25.187943,103185300
2025-01-29,25.922631,26.111266,24.671672,25.495716,94141700
2025-01-30,26.389258,27.471437,25.952415,26.955168,87140400
2025-01-31,27.431725,29.040100,26.508400,26.826103,102136600
2025-02-03,24.622033,26.299906,24.135550,25.426222,103914300
2025-02-04,25.158157,26.409115,25.019162,26.061626,60520500
2025-02-05,25.902776,27.749429,25.356723,27.501223,70330700
2025-02-06,26.975026,27.600504,26.528254,27.491295,59735100
2025-02-07,27.670002,28.077060,25.614855,26.141052,87930800
2025-02-10,26.726820,27.352298,26.706963,27.153734,53330500
2025-02-11,26.488540,27.699785,26.488540,27.203373,43880500
2025-02-12,25.992130,27.342371,25.763781,27.342371,57999300
2025-02-13,27.292730,28.345123,27.203376,28.265697,61026300
2025-02-14,28.285552,28.613184,27.908280,28.345121,43089600
2025-02-18,28.990458,30.013065,28.503973,29.774788,60222200
2025-02-19,29.973356,31.661155,29.546441,31.244169,58412700
2025-02-20,31.829936,32.405772,30.479695,31.472519,50903200
2025-02-21,31.681009,31.730649,28.196197,28.603254,61966500
2025-02-24,28.950743,29.050026,26.468684,26.567966,63724100
2025-02-25,26.468687,26.726821,24.641891,24.890097,90907500
2025-02-26,25.803495,26.806247,25.336868,26.101343,75869500
2025-02-27,26.587825,26.706962,21.574063,21.593920,144841600
2025-02-28,21.643560,23.053370,20.869159,22.566887,110939400
2025-03-03,23.549781,23.559710,19.568558,20.362818,141822100
2025-03-04,20.134470,22.100261,18.863655,20.501814,154119800
2025-03-05,21.097507,22.000976,19.975617,21.792484,117702400
2025-03-06,19.568558,20.869159,18.873582,19.092003,164277600
2025-03-07,19.360066,20.938656,18.615448,20.730162,139349200
2025-03-10,19.201213,19.657912,16.977288,17.860901,169215200
2025-03-11,17.920471,18.367243,16.391524,17.285065,161267000
2025-03-12,18.406956,18.972865,17.771547,18.168676,137654500
2025-03-13,18.248104,19.131719,17.453846,17.960186,117160200
2025-03-14,18.923222,19.786979,18.853725,19.657911,99718700
2025-03-17,19.369993,21.127292,19.360064,20.640808,82794200
2025-03-18,20.045112,20.253604,19.379920,19.786978,79140900
2025-03-19,19.747266,21.216647,19.320351,20.233749,83249700
2025-03-20,19.469274,20.422384,19.449418,19.786978,80380600
2025-03-21,18.684945,19.350138,18.238176,19.141645,84348300
2025-03-24,20.333033,21.216648,20.223824,20.849302,91671300
2025-03-25,20.744730,20.933953,20.266695,20.465876,57784400
2025-03-26,20.216900,20.426042,18.125498,18.713083,94328400
2025-03-27,18.095619,18.334637,17.288936,17.687298,103112800
2025-03-28,17.259059,17.517995,15.675567,15.964381,138232400
2025-03-31,15.008309,15.914583,14.341051,15.884706,111345600
2025-04-01,15.665607,15.924543,14.769291,15.884706,106085000
2025-04-02,15.127819,16.820860,14.968474,16.193439,141655200
2025-04-03,13.753469,14.062199,11.353333,11.363293,302517400
2025-04-04,10.008860,10.387304,8.146515,8.694263,499158100
2025-04-07,7.847742,10.935052,7.200403,9.112543,723467300
2025-04-08,10.367386,10.795626,7.568889,8.216228,488735500
2025-04-09,8.445286,13.056332,8.206268,12.717725,787748800
2025-04-10,10.875298,11.094398,8.315819,9.590579,686331800
2025-04-11,9.311725,10.347468,8.873526,10.188122,412972900
2025-04-14,11.104356,11.114315,9.929187,10.427140,358849500
2025-04-15,10.556608,10.974889,10.367385,10.556608,230001400
2025-04-16,9.092626,9.710088,8.295901,9.301766,362439300
2025-04-17,9.510907,9.510907,8.863567,9.162339,233659100
2025-04-21,8.634509,8.704222,8.116637,8.674345,255318100
2025-04-22,8.923322,9.361520,8.813773,9.142422,249211900
2025-04-23,10.536690,10.855380,10.058655,10.247877,368456100
2025-04-24,11.004766,12.040509,10.805585,11.950877,339636700
2025-04-25,11.582392,12.538463,11.462884,12.289486,274438500
2025-04-28,12.110222,12.478707,11.403128,12.239690,203468900
2025-04-29,11.761654,12.219771,11.572432,11.811449,184045100
2025-04-30,10.945011,12.160017,10.705994,12.110222,229393200
2025-05-01,12.488667,12.757562,12.000673,12.050468,203349500
2025-05-02,12.837234,13.633959,12.837234,13.235597,223410600
2025-05-05,12.877071,13.355105,12.817316,12.996579,127572300
2025-05-06,12.279526,12.896988,12.070386,12.588258,158548700
2025-05-07,12.558380,13.345146,12.179935,13.225637,189249300
2025-05-08,13.783345,14.281298,13.325228,13.604081,203277000
2025-05-09,14.151830,14.410766,13.683754,14.052239,149644500
2025-05-12,16.820858,17.398484,16.432455,17.059875,263806000
2025-05-13,17.288935,18.782795,17.209263,18.523859,212931800
2025-05-14,18.892345,19.290710,18.354557,18.762878,179343100
2025-05-15,18.245005,18.832589,17.747051,18.394390,141287600
2025-05-16,18.454145,18.523858,17.687296,18.314716,113068600
2025-05-19,17.079796,18.135456,17.020042,17.986071,123632000
2025-05-20,17.547873,17.926316,17.368609,17.896439,84252500
2025-05-21,17.488116,18.513900,16.581841,16.930408,149964800
2025-05-22,16.900529,17.358647,16.412535,16.442413,144981100
2025-05-23,15.147737,15.934503,15.038187,15.665607,179062600
2025-05-27,16.671473,17.438322,16.283070,17.219223,136539700
2025-05-28,17.358648,17.498075,16.830817,16.970245,126785300
2025-05-29,18.105577,18.135453,16.830816,17.129589,179820200
2025-05-30,16.830817,16.830817,15.177612,16.103806,194058700
2025-06-02,15.994257,17.030000,15.974340,16.830818,103937000
2025-06-03,16.860696,18.304759,16.512128,18.225086,158644000
2025-06-04,18.603533,19.181158,18.145415,19.011854,146325300
2025-06-05,19.410215,19.908168,18.344595,18.732998,187397100
2025-06-06,19.320583,19.868333,19.071606,19.101484,114398700
2025-06-09,19.629315,20.973789,19.599439,20.495754,162686000
2025-06-10,20.754691,22.009533,20.605306,21.800392,142811000
2025-06-11,22.268468,22.507486,20.904076,21.551414,160395000
2025-06-12,21.153053,21.979655,21.003667,21.601212,100384500
2025-06-13,20.236818,20.973789,19.758784,19.957966,166989600
2025-06-16,20.744731,22.129040,20.704896,21.810350,121972300
2025-06-17,21.521538,22.437772,21.252643,21.332315,122379500
2025-06-18,21.631086,22.288384,21.143092,21.521538,113893800
2025-06-20,22.049368,22.238591,20.286615,21.123175,137078900
2025-06-23,21.093299,21.890023,20.196983,21.491661,125143700
2025-06-24,22.638574,24.007279,22.608601,23.927355,137608000
2025-06-25,24.376929,24.576740,23.847431,24.556759,107621600
2025-06-26,25.156193,25.336023,24.566750,25.176174,92382200
2025-06-27,25.186164,25.815569,24.257045,25.086260,113655600
2025-06-30,25.465900,25.475890,24.656666,25.086260,78035000
2025-07-01,24.356948,25.146202,23.557705,24.686636,107277300
2025-07-02,24.486827,26.365048,24.426884,26.025370,107157100
2025-07-03,26.375038,26.694735,26.205199,26.405010,62695800
2025-07-07,25.705672,26.025369,24.596723,24.946390,93297600
2025-07-08,25.605766,27.004444,25.336023,26.345068,90457500
2025-07-09,26.604820,27.384083,25.865520,26.624802,86818700
2025-07-10,27.364103,27.703782,26.634794,27.344124,87602500
2025-07-11,26.824614,27.513962,26.524896,27.264198,71855400
2025-07-14,26.614810,26.744688,25.296059,26.474943,99670600
2025-07-15,28.023478,28.433090,27.184272,27.264198,108926200
2025-07-16,26.574850,27.024424,24.886448,27.004444,125700900
2025-07-17,26.934508,27.483989,26.395020,27.294168,85334100
2025-07-18,27.633847,27.873620,26.734698,27.304159,68274300
2025-07-21,27.533942,28.473054,27.414056,27.473999,79860300
2025-07-22,27.094359,27.254208,25.316042,26.295115,118871600
2025-07-23,25.625749,25.885503,24.816515,25.755627,105639200
2025-07-24,25.635739,25.765617,24.926411,25.595778,77503300
2025-07-25,25.146202,25.595778,24.806524,25.575796,68037900
2025-07-28,26.355056,26.964480,26.315095,26.854584,88108400
2025-07-29,27.384084,28.133375,26.474945,27.004444,101714500
2025-07-30,27.723762,28.103402,26.904537,27.583895,96772200
2025-07-31,26.674758,26.714719,24.177121,24.956383,133413800
2025-08-01,23.557705,24.806523,22.548659,24.057232,132665200
2025-08-04,24.566750,25.156192,24.217081,24.976362,85963800
2025-08-05,25.395967,25.655722,23.587679,24.496819,99733400
2025-08-06,23.817460,24.097196,22.928302,23.967318,103447500
2025-08-07,25.455908,25.855529,24.506807,24.976362,117228400
2025-08-08,25.136211,25.805577,24.876456,25.685690,71389900
2025-08-11,26.005390,26.864575,25.425938,25.585787,75943500
2025-08-12,26.185218,28.053450,25.655720,27.973526,125315900
2025-08-13,28.622912,29.302269,28.283233,29.242327,89497100
2025-08-14,28.093413,29.631956,27.923574,29.392183,84286800
2025-08-15,28.682855,28.682855,27.044406,27.344124,93664700
2025-08-18,27.074377,27.623857,27.004444,27.503971,50310400
2025-08-19,27.543933,27.833660,26.075324,26.215191,75595100
2025-08-20,26.085314,26.085314,23.637630,25.775606,117636500
2025-08-21,25.375983,25.875510,24.886446,25.326031,67871100
2025-08-22,25.535833,28.293224,25.316042,27.424047,117140900
2025-08-25,27.324141,27.553923,26.784651,27.274187,55018700
2025-08-26,27.503972,28.193318,27.493981,27.913584,57544300
2025-08-27,27.583896,28.203309,27.254208,28.153357,61375200
2025-08-28,28.383138,29.082477,27.933562,28.503025,74466400
2025-08-29,27.294167,27.324140,25.645728,26.015379,108411300
2025-09-02,24.057232,25.256098,23.777496,25.226126,101906700
2025-09-03,25.385975,25.385975,24.097196,24.886448,79482200
2025-09-04,24.386920,25.705672,23.957327,25.625748,81641200
2025-09-05,26.794643,26.944500,25.575797,26.424994,110749400
2025-09-08,26.934508,27.404065,26.654774,27.054396,72341700
2025-09-09,27.144312,27.344123,26.544879,27.154303,55882300
2025-09-10,28.453073,28.802742,28.043460,28.572960,86721600
2025-09-11,29.032523,29.582004,28.942608,29.142420,69919800
2025-09-12,29.342232,29.522061,28.762781,29.272297,52502600
2025-09-15,29.112448,30.001608,28.892657,29.971636,61268000
2025-09-16,30.301324,30.621021,29.761835,30.451181,54148200
2025-09-17,30.251372,31.220454,29.132430,30.441191,80483900
2025-09-18,32.729023,34.107720,32.399337,33.608192,104513300
2025-09-19,33.528267,33.568227,32.089627,32.988777,66106100
2025-09-22,33.168609,34.717143,33.158616,34.397446,62948200
2025-09-23,34.677262,35.276868,33.647935,34.277523,63661700
2025-09-24,33.937749,34.367467,32.788505,34.177593,58369900
2025-09-25,32.418744,34.037685,31.339453,33.827820,79969600
2025-09-26,33.907770,34.207573,32.808492,33.997711,60944500
2025-09-29,35.007048,35.466749,33.967732,33.997711,56593700
2025-09-30,34.047677,34.937093,33.548005,34.817173,60696800
2025-10-01,34.157605,36.955770,33.957736,36.835850,67094700
2025-10-02,38.934470,39.294234,38.115007,39.054394,68834400
2025-10-03,39.454129,40.033751,37.595348,38.204948,69252500
2025-10-06,42.801940,43.341583,41.632704,41.682671,99880300
2025-10-07,42.751966,42.991811,38.674642,38.804558,96375900
2025-10-08,38.844530,42.911863,38.654656,42.751968,77149800
2025-10-09,42.552103,42.811931,40.983129,42.212326,63095700
2025-10-10,42.492140,42.811930,34.147609,34.187584,204858900
2025-10-13,38.204950,39.444139,37.345513,39.114353,89274100
2025-10-14,36.596003,38.984437,35.926444,36.605999,100358200
2025-10-15,39.524085,40.143678,37.685291,39.953804,96059800
2025-10-16,41.422839,41.902525,39.254259,40.543415,89397000
2025-10-17,39.584048,40.773267,38.294893,40.263603,92083400
2025-10-20,41.133032,43.011801,41.103053,42.212326,62424500
2025-10-21,41.782606,42.002459,40.493450,41.482800,54386700
2025-10-22,40.053740,40.783262,35.946433,38.364845,110646700
2025-10-23,37.705276,41.442827,37.525394,41.143021,72467000
2025-10-24,43.401543,44.131065,42.931850,43.111732,69872500
2025-10-27,45.460193,47.129097,45.110420,46.809307,72684100
2025-10-28,46.409570,47.578805,45.909898,46.929230,53995000
2025-10-29,49.337649,50.726738,48.018514,49.347645,88268800
2025-10-30,48.468221,49.937259,47.239027,47.358948,76956300
2025-10-31,48.738045,49.957246,46.679393,47.748692,75650400
2025-11-03,49.467567,50.157114,47.998529,48.548172,52610600
2025-11-04,44.740664,46.849282,42.502130,42.771954,87734300
2025-11-05,43.191681,48.398266,43.181686,46.799316,76488900
2025-11-06,46.429555,46.959211,42.122382,42.981815,106419600
2025-11-07,41.073070,41.712654,37.015733,41.712654,143013500
2025-11-10,45.030475,45.490173,43.431521,44.930538,74223300
2025-11-11,43.691352,44.011142,41.622709,41.782604,80862700
2025-11-12,43.981161,44.600757,42.821921,43.681358,77730900
2025-11-13,42.142366,42.612059,37.975100,39.194302,126123700
2025-11-14,35.716583,40.573395,35.126969,38.834538,125398600
2025-11-17,37.875168,40.053739,35.506718,36.815861,101936600
2025-11-18,35.286866,35.986404,33.128281,34.327492,153515800
2025-11-19,34.697250,37.275558,34.177591,35.936436,120458900
2025-11-20,38.764585,39.164320,30.390075,30.789812,228883600
2025-11-21,30.829787,33.018352,28.101576,31.709209,205537900
2025-11-24,32.668577,36.286208,32.628606,35.836502,108832500
2025-11-25,34.317499,36.426117,32.028998,36.146297,108634700
2025-11-26,37.415468,40.123696,37.275561,39.164322,104203900
2025-11-28,39.624022,41.302921,39.224282,41.232964,57190400
2025-12-01,39.554066,42.332243,39.434142,41.282932,79426200
2025-12-02,42.761965,44.580772,42.002461,43.771301,111736200
2025-12-03,44.420875,46.649413,43.121728,46.549480,94299300
2025-12-04,45.859930,46.069792,44.410880,45.130409,77656900
2025-12-05,46.439553,48.018516,46.269662,46.469532,77049800
2025-12-08,47.528839,48.568154,46.669401,47.958557,69225000
2025-12-09,47.009178,48.018514,46.439551,47.758686,56373300
2025-12-10,47.618780,50.057180,46.979196,49.617470,91153100
2025-12-11,47.978542,48.867962,44.630739,48.758034,88063000
2025-12-12,46.889256,47.348958,41.033099,41.682671,138088200
2025-12-15,43.081755,43.391549,40.773267,41.153019,78218600
2025-12-16,40.723298,41.632702,39.214290,40.463470,94566700
2025-12-17,40.973137,41.292927,35.676610,35.986404,126113900
2025-12-18,39.943810,40.393512,38.085029,38.554722,97164000
2025-12-19,39.574051,42.332245,39.474118,41.692665,92529100
2025-12-22,44.420874,44.530803,42.702000,43.231651,62717400
2025-12-23,42.592073,43.771301,42.192338,43.671368,44455700
2025-12-24,43.691353,44.330934,43.561438,44.181030,30717800
2025-12-26,44.720677,44.760652,43.781295,44.181030,38006400
2025-12-29,42.951837,44.300954,42.322248,43.791286,54612100
2025-12-30,44.121073,44.720678,43.541451,43.641384,40697400
2025-12-31,43.861242,44.121074,41.982473,42.002460,44754800
2026-01-02,45.100431,48.058491,45.050465,47.209049,132719700
2026-01-05,50.317009,51.186441,48.598138,49.187752,94987500
2026-01-06,51.076512,54.264420,51.036537,53.974609,92678600
2026-01-07,52.165796,52.705443,50.806687,52.255737,65698500
2026-01-08,51.766059,51.776054,48.098465,49.617470,79844800
2026-01-09,51.056523,54.724117,50.277036,53.914650,87214400
2026-01-12,52.355672,55.113865,52.315697,54.614193,53193700
2026-01-13,55.653508,57.592240,55.393680,56.033260,61895400
2026-01-14,54.854035,55.403674,52.965274,55.343716,70434900
2026-01-15,60.920057,61.629590,57.971989,58.041946,89664300
2026-01-16,61.149904,62.149249,59.461013,60.710194,58559500
2026-01-20,57.302429,61.009998,57.182509,57.902035,71408300
2026-01-21,60.200529,65.067337,59.421038,63.438404,103027300
2026-01-22,66.856166,66.916124,62.998695,63.678249,62594200
2026-01-23,62.439060,63.318484,60.110588,61.559635,58613600
2026-01-26,60.710195,61.919401,59.560947,60.660229,42592400
2026-01-27,63.268518,65.946759,62.499022,64.917435,61155400
2026-01-28,68.954785,70.883521,67.935457,70.044067,74205500
2026-01-29,70.353874,71.932841,62.608952,70.423828,78058200
2026-01-30,67.076025,69.814228,60.250498,61.749516,83504200
2026-02-02,59.421036,66.896138,59.061271,65.157272,66961000
2026-02-03,66.766222,67.575696,56.982639,61.159901,101338500
2026-02-04,59.401052,60.990011,49.297680,53.155148,139149400
2026-02-05,51.276380,55.453641,49.977228,53.215107,109350300
2026-02-06,56.363045,62.209210,55.633520,61.709538,108594200
2026-02-09,59.950695,65.007381,59.251153,63.988045,66670500
2026-02-10,64.627623,65.167270,61.379752,63.298496,58273900
2026-02-11,67.165963,69.054724,63.188571,68.005417,89724200
2026-02-12,69.624350,70.813572,62.728873,63.058655,90896100
2026-02-13,63.888112,66.206592,61.389751,64.547676,79931300
2026-02-17,61.979360,65.916776,59.520973,64.307831,79420400
2026-02-18,65.217243,68.405148,64.028020,66.246567,69349000
2026-02-19,64.287852,65.467079,62.918747,65.187263,68827500
2026-02-20,63.718218,68.175298,63.538339,67.066025,81017900
2026-02-23,65.806853,67.605677,63.428415,65.816849,66926300
2026-02-24,68.065369,69.954130,66.306520,68.485092,66892100
2026-02-25,70.843546,72.312584,70.433819,71.812912,52929300
2026-02-26,70.983454,71.063403,61.589616,65.297180,97787900
2026-02-27,61.469694,63.718220,60.620252,62.728870,70112700
2026-03-02,58.071925,62.778838,58.011963,62.718876,81699800
2026-03-03,55.083881,55.823398,51.326347,53.384995,131198300
2026-03-04,55.923334,57.682183,54.344371,56.582901,78143300
2026-03-05,55.283751,57.652197,51.096498,54.764091,110055800
2026-03-06,50.057179,53.325037,46.769334,47.858620,125241500
2026-03-09,45.480177,53.744759,44.500820,53.285061,114897700
2026-03-10,53.325036,57.742138,53.325036,54.554230,104717600
2026-03-11,55.463636,57.702170,55.313733,56.053249,83007700
2026-03-12,53.494926,53.844699,49.497546,50.247055,105674400
2026-03-13,51.846007,53.924642,50.007213,50.686768,83244300
2026-03-16,54.024580,55.643517,52.975265,53.654819,79819200
2026-03-17,55.063893,55.363700,53.265074,54.913994,59567700
2026-03-18,54.993940,56.442991,53.964617,53.984604,75470000
2026-03-19,49.497546,56.073237,48.468222,54.814060,93732700
2026-03-20,54.654164,55.323727,48.967894,51.106491,101773000
2026-03-23,54.594205,56.772776,52.245742,52.995251,115257400
2026-03-24,51.506231,56.053249,51.506231,54.923988,92153500
2026-03-25,56.602885,58.211831,55.553574,57.002625,84440300
2026-03-26,54.154493,54.404329,48.837979,48.937916,116603800
2026-03-27,48.008523,49.347646,45.929885,46.579460,99401400
2026-03-30,47.828642,48.258360,39.494106,40.593384,139746200
2026-03-31,42.851906,48.148432,42.582082,47.878609,138002100
2026-04-01,50.007215,54.054560,49.587488,52.225758,121955600
2026-04-02,46.029820,53.035225,46.019825,52.715435,104471700
2026-04-06,53.714783,55.563569,52.845354,54.774090,68780400
2026-04-07,54.284409,56.562914,52.095845,56.512947,107326500
2026-04-08,66.286541,67.935461,63.518355,67.455772,111697300
2026-04-09,68.075367,72.232637,68.075367,71.932838,79331600
2026-04-10,74.251316,78.248695,74.251316,76.339943,78863600
2026-04-13,75.540465,80.687092,75.200692,80.507210,64504600
2026-04-14,83.215433,85.513929,80.657113,85.254097,61657000
2026-04-15,84.604535,85.923670,79.707744,85.903679,68425400
2026-04-16,84.954304,89.331432,83.255413,88.312103,63777500
2026-04-17,93.138932,94.687920,90.600603,94.617966,67081400
2026-04-20,95.907115,96.866485,91.969695,95.877136,49367800
2026-04-21,97.905810,99.884508,95.257545,98.025726,65206900
2026-04-22,102.872550,106.020480,99.534735,105.570778,58165200
2026-04-23,108.548831,116.693485,107.389588,112.696106,96510200
2026-04-24,125.127961,130.034740,120.161216,128.235931,83092400
2026-04-27,128.245916,129.505085,117.712822,123.309151,73334600
2026-04-28,108.678746,115.544247,103.921862,109.488213,94099700
2026-04-29,114.684804,118.242469,112.226417,117.892700,55503700
2026-04-30,122.729531,127.366490,117.423013,126.896805,58536700
2026-05-01,124.308488,131.293913,121.580282,130.314545,40940300
2026-05-04,132.113378,133.582416,123.718888,127.466431,46455700
2026-05-05,134.911550,147.163512,133.932196,144.065552,52130100
2026-05-06,157.736572,165.891229,148.962326,165.741333,65579200
2026-05-07,162.013775,162.793263,147.513287,152.000351,72375200
2026-05-08,162.893198,177.383697,161.404168,176.824066,47016500
2026-05-11,180.881401,191.164652,178.822753,190.295227,50496000
2026-05-12,177.503616,182.120600,150.481340,172.406967,91705600
2026-05-13,183.719531,188.366493,172.147117,184.119278,59522300
2026-05-14,182.550311,189.435795,178.163187,186.068008,43319000
2026-05-15,166.890578,174.285723,161.034417,164.072418,62126600
2026-05-18,172.836680,174.495597,142.596512,151.650574,75610500
2026-05-19,141.147466,160.494782,134.931540,151.790482,85384000
2026-05-20,160.894514,173.586190,160.894514,173.086517,58913200
2026-05-21,171.147784,179.852084,168.119770,178.273117,52278700
2026-05-22,184.678915,195.142055,183.219865,190.435135,45133000
2026-05-26,211.241498,228.350275,209.752469,225.642044,52533000
2026-05-27,242.501011,242.501011,203.866338,217.837173,74732700
2026-05-28,218.856503,231.738056,207.423996,224.482819,47153500
2026-05-29,231.668118,238.913368,218.416797,224.193008,37035700
2026-06-01,217.127641,233.906633,210.002308,226.881241,37499600
2026-06-02,243.020655,266.904989,238.663526,266.145508,42799700
2026-06-03,281.285585,284.393532,257.091455,280.356201,49817200
2026-06-04,241.881410,274.320150,228.400259,262.527893,59036000
2026-06-05,230.698736,233.536872,181.690862,182.420380,108280300
2026-06-08,210.481983,222.044409,201.557841,211.301453,68180500
2026-06-09,226.911227,230.868640,157.456764,201.547852,124754300
2026-06-10,191.414496,212.850454,177.183836,180.531631,94924200
2026-06-11,192.174007,225.482171,192.174007,223.843246,72493400
2026-06-12,222.074402,242.241173,214.599307,234.526230,50419100
2026-06-15,265.815698,274.699887,261.428590,272.321442,39914100
2026-06-16,266.954971,274.749848,225.851916,226.041794,54771900
2026-06-17,247.257885,259.619790,233.147141,233.706772,49127300
2026-06-18,265.865677,285.962485,264.826350,279.106995,49319800
2026-06-22,299.063917,301.802112,286.052429,300.572906,36399600
2026-06-23,235.845357,252.814226,222.853875,231.268356,70699700
2026-06-24,232.957260,236.844711,210.991666,229.419586,57018500
2026-06-25,267.874359,268.224136,225.592099,252.444489,57401800
2026-06-26,226.091768,231.098480,211.961034,215.458740,51987400
2026-06-29,216.218227,238.493615,192.173995,236.365021,48952600
2026-06-30,241.291803,271.821790,240.432366,266.535248,36721000
2026-07-01,237.634184,246.308504,215.238879,217.407455,60156300
2026-07-02,219.086341,225.981829,168.769343,181.351089,91060900
2026-07-06,197.080781,210.661872,194.092735,194.522446,42756600
2026-07-07,165.291624,171.767389,149.981669,165.171707,78957300
2026-07-08,159.105687,176.634188,158.765898,174.705460,63175900
2026-07-09,199.679076,204.415976,189.335867,192.323898,52530500
2026-07-10,182.280478,195.811615,176.684157,192.134018,37626300
2026-07-13,174.495594,177.553586,161.444153,165.261642,52686700
2026-07-14,187.567022,188.306527,170.148435,176.544250,49269200
2026-07-15,183.649591,183.879436,149.901714,165.441528,67008900
2026-07-16,150.341434,155.727902,137.909582,142.386642,76391300
2026-07-17,124.648280,144.305383,116.393690,135.381241,105762300
2026-07-20,143.425962,148.642543,135.581100,136.720352,52804300
2026-07-21,155.737884,160.534742,148.772449,158.436111,55698500
2026-07-22,147.003623,165.641397,146.903683,160.884521,46926500
2026-07-23,152.060307,162.813252,150.551287,157.396805,57831400
2026-07-24,151.350759,154.398763,132.463149,136.720352,71734900
2026-07-27,140.557834,147.923016,115.374349,128.066025,90434900
2026-07-28,113.075859,114.874675,101.463470,109.468224,125338900
2026-07-29,107.549490,112.596176,91.440049,91.929726,149950200
2026-07-30,107.309642,117.922686,105.051128,114.644836,109931900
2026-07-31,129.814883,133.792286,112.346340,114.644836,102613300
2026-08-03,106.080451,118.792118,102.023106,116.633530,81117500
2026-08-04,131.423818,142.326672,129.575039,139.808319,78456600
2026-08-05,135.451187,144.245424,129.914824,131.983475,67515700
2026-08-06,125.147955,139.908274,120.670887,132.243301,57025200
2026-08-07,141.876970,143.825690,131.473788,140.158096,61350700
2026-08-10,142.706442,143.356010,129.914825,129.914825,50105400
2026-08-11,136.170716,136.510504,129.974781,132.912857,38282500
2026-08-12,147.203480,147.603212,141.797021,142.066849,55970000
2026-08-13,142.066855,154.029013,141.747057,145.264755,54831600
2026-08-14,143.695783,146.553909,138.808987,144.855026,45331100
2026-08-17,150.511314,156.817177,148.802428,151.430710,43560500
2026-08-18,134.112060,137.509842,122.319797,129.015411,87105200
2026-08-19,132.543105,133.652379,116.763442,120.660889,78078100
2026-08-20,119.911374,124.478380,117.343059,122.129921,50500900
2026-08-21,126.507054,126.706928,116.633530,120.520981,48174900
2026-08-24,114.994600,114.994600,105.930543,111.087166,67194300
2026-08-25,117.293098,119.801448,113.055871,115.594208,47392300
2026-08-26,114.624841,117.313081,112.456265,116.523598,39918800
2026-08-27,123.319145,124.798171,117.612887,122.969376,55965600
2026-08-28,119.841424,121.120584,110.137787,111.267044,60995600
2026-08-31,112.336347,114.974616,110.257708,112.716095,34269700
2026-09-01,106.290309,108.568814,102.242959,105.840607,63954400
2026-09-02,104.431525,107.999186,101.273592,106.280312,47235300
2026-09-03,102.932512,107.419568,98.555385,106.670059,55094500
2026-09-04,111.147129,118.102567,109.658107,117.203156,63548000
2026-09-08,125.038018,127.456431,121.520320,123.189224,52642700
2026-09-09,121.160558,128.395812,121.160558,125.787529,40630800
2026-09-10,116.273760,119.241816,113.475600,115.684151,54498500
2026-09-11,120.630908,124.418425,117.792772,121.740181,53536100
2026-09-14,101.463475,105.320947,99.804567,101.063736,101135900
2026-09-15,104.481495,105.870583,100.893843,102.252953,57147000
2026-09-16,107.369606,109.248371,100.993781,103.901878,74637500
2026-09-17,113.255745,115.404337,111.936610,114.744766,56833100
2026-09-18,116.953318,123.818819,116.603549,123.588966,45459700
2026-09-21,131.983466,143.905641,129.535059,141.836990,62514300
2026-09-22,137.669998,152.639999,137.460007,151.949997,66530800
2026-09-23,149.889999,151.000000,139.580002,146.250000,62051700
2026-09-24,138.470001,147.199997,136.899994,146.330002,64553899
