Date,Open,High,Low,Close,Volume
2010-03-11,38276577339.453232,38276577339.453232,37205127987.199997,37205127987.199997,0
2010-03-12,37186653161.468925,37990243336.981293,36540091861.870132,37971768115.199997,0
2010-03-15,39052445678.789513,39560461636.556931,38766111322.452499,39348019746.133331,0
2010-03-16,36715578083.322212,36715578083.322212,36142905207.466667,36142905207.466667,0
2010-03-17,36142905207.466667,36142905207.466667,36142905207.466667,36142905207.466667,0
2010-03-18,36142905207.466667,36142905207.466667,36142905207.466667,36142905207.466667,0
2010-03-19,37657723257.669220,37703905006.933334,37657723257.669220,37703905006.933334,0
2010-03-22,38378181946.699471,38378181946.699471,34609638058.666664,34609638058.666664,0
2010-03-23,34009259183.488358,34009259183.488358,32919336582.296352,32956284928.000000,0
2010-03-24,32910097931.658535,33815287125.333332,32891624811.492447,33815287125.333332,0
2010-03-25,32882387783.839443,34304828571.090633,32559107124.274975,34258644718.933334,0
2010-03-26,33334981280.857555,35542534870.344154,33177958710.955849,34923682201.599998,0
2010-03-29,35099178435.181183,35099178435.181183,33695210793.331013,33815287125.333332,0
2010-03-30,33649026662.400002,33649026662.400002,33649026662.400002,33649026662.400002,0
2010-03-31,34055447767.803707,34055447767.803707,32716136783.685570,33722929425.066666,0
2010-04-01,32004910196.012127,34323302646.314987,31607734941.579113,33889181149.866665,0
2010-04-05,31173617681.073086,31173617681.073086,30610184261.010551,30674839142.400002,0
2010-04-06,31284450513.238640,31524603175.456738,30813382799.739517,31173611793.066666,0
2010-04-07,31616968574.920467,31718571785.355957,30388498744.352577,30573229943.466667,0
2010-04-08,31127428657.373638,32826968350.138546,31127428657.373638,32161931810.133335,0
2010-04-09,31866359243.374084,31866359243.374084,31764756031.673172,31773993642.666668,0
2010-04-12,30794913443.485275,30794913443.485275,29464840231.477219,30240715571.200001,0
2010-04-13,30333082521.101021,30388501886.565685,29658808320.000000,29658808320.000000,0
2010-04-14,27654465423.342026,27654465423.342026,25705534991.390247,25816375842.133335,0
2010-04-15,25677817220.914532,26010335451.167545,25132857079.922825,25566976409.599998,0
2010-04-16,26121183526.099316,27229579425.576031,26121183526.099316,26499885738.666668,0
2010-04-19,27183389420.489841,28947586108.788952,26804689395.334492,27405068970.666668,0
2010-04-20,26527593146.593243,26823165209.224236,26167364104.117592,26185837226.666668,0
2010-04-21,25400723381.500286,27756062188.545349,25400723381.500286,27127971840.000000,0
2010-04-22,27940789489.692085,28679720512.327099,25262168473.599998,25262168473.599998,0
2010-04-23,25908741389.267147,26259732861.578098,25132865945.599998,25132865945.599998,0
2010-04-26,24477058435.767872,25215987438.933334,24467820824.851696,25215987438.933334,0
2010-04-27,25862550301.149849,27709874722.133335,25548503089.774292,27709874722.133335,0
2010-04-28,26416748693.836590,28448806609.031013,26232017493.629681,27719113113.599998,0
2010-04-29,28134762892.063431,28134762892.063431,25585455385.303268,26158124236.799999,0
2010-04-30,26786218655.860229,29751174758.400002,26786218655.860229,29751174758.400002,0
2010-05-03,28698197266.260841,28827509108.136772,27035603831.068607,27451252189.866665,0
2010-05-04,28402626748.830196,32069565488.031715,28402626748.830196,31062775125.333332,0
2010-05-05,37352918407.509026,37352918407.509026,30600944863.931080,32069567556.266666,0
2010-05-06,32651469240.014790,41555575422.561684,25862550891.977810,34212459315.200001,0
2010-05-07,36512373845.331032,40474885655.792831,34600392651.497643,36521609352.533333,0
2010-05-10,31358337683.562092,32318946003.546352,30277650959.004177,30296124074.666668,0
2010-05-11,31977192819.673531,32106506741.705162,29344755757.336605,30896508108.799999,0
2010-05-12,30074447524.452076,30074447524.452076,28162466338.133335,28162466338.133335,0
2010-05-13,29418646213.036148,30887268385.823383,27968497156.154377,30490095342.933334,0
2010-05-14,32161928403.404480,34923679586.149582,32161928403.404480,33261086310.400002,0
2010-05-17,33926120217.096848,35108408118.935890,31515362671.589050,31737040076.799999,0
2010-05-18,31256742348.067928,34785133548.060844,30951932710.302422,34471088401.066666,0
2010-05-19,35136125685.812431,36309176206.547981,32863915025.284828,33990783795.200001,0
2010-05-20,36752534260.820107,38562912648.693016,34646583848.358856,36780244992.000000,0
2010-05-21,39154053200.051514,40641150801.152184,32392843478.873577,34212459315.200001,0
2010-05-24,34101617036.593636,36087492956.105751,33270322535.179638,36069017736.533333,0
2010-05-25,37620771800.224236,40179314339.595825,35293142178.840927,35330088413.866669,0
2010-05-26,33575136125.010048,35690322150.832405,32106513540.729618,35496355430.400002,0
2010-05-27,33011699167.595024,33011699167.595024,30074452218.539612,30092925337.599998,0
2010-05-28,30305372839.378212,32614529961.991581,30092930880.133381,31496898696.533333,0
2010-06-01,32586815598.056622,33676738109.354755,30776437187.258537,33602845627.733334,0
2010-06-02,32882385929.256107,33334980508.596233,29991322767.499409,30019033497.599998,0
2010-06-03,29945137171.303177,30351549979.230930,28670483596.087296,28910636236.799999,0
2010-06-04,31090474808.726852,32974747346.793495,29538722561.141697,32688410897.066666,0
2010-06-07,31921775313.074471,36512377773.606506,31681622674.146320,36244514406.400002,0
2010-06-08,33870696856.543438,39366487427.667519,33870696856.543438,36650920618.666664,0
2010-06-09,35182318295.489883,37888651118.787910,33418121167.789986,37454527419.733330,0
2010-06-10,35413215867.711426,36410772606.025528,33122534617.096291,33233373320.533333,0
2010-06-11,34646577495.207077,34646577495.207077,31663147065.216152,31810934101.333332,0
2010-06-14,30610182700.252678,31256746194.101273,29418656835.800133,31145905356.799999,0
2010-06-15,30480863372.366192,30480863372.366192,25770184315.576790,26019574579.200001,0
2010-06-16,26795449122.730854,27211097449.837967,25040490220.004818,25631634227.200001,0
2010-06-17,25354540607.326023,27081791241.348633,25123625522.709949,25807135266.133335,0
2010-06-18,25973386288.636223,26324377597.593056,25280639177.881920,25991859404.799999,0
2010-06-21,26786219601.124161,27100264793.772480,24005994623.837315,26629197004.799999,0
2010-06-22,26564538278.288860,28282551214.420330,25483853298.002560,28051634039.466667,0
2010-06-23,27709876194.554211,29280101825.642788,26712319356.813499,27756057941.333332,0
2010-06-24,28458045723.265766,30508576866.800583,28023924227.078743,30268424192.000000,0
2010-06-25,29612620938.996883,31801701378.073288,29603385430.108486,30213002581.333332,0
2010-06-28,29917429865.628376,30730251313.682312,28772088068.462364,29741934182.400002,0
2010-06-29,31404534435.385357,34323309123.888931,31404534435.385357,33722929425.066666,0
2010-06-30,33944596336.672329,35588714413.305229,32485209447.388435,35385512209.066666,0
2010-07-01,35080712410.017662,38082615011.667847,34258651039.907269,35210024277.333336,0
2010-07-02,34157047645.587959,37306737131.554321,34157047645.587959,35644143479.466667,0
2010-07-06,33584372661.125534,36456960763.000259,32817732906.178646,35699560721.066666,0
2010-07-07,35311622319.287888,35357808277.772667,30083692980.842224,30240715571.200001,0
2010-07-08,29049189798.846153,31690865017.961357,29049189798.846153,30268424192.000000,0
2010-07-09,30314608724.072929,30813385103.991226,29160029177.636372,29215448541.866665,0
2010-07-12,29141549491.937122,29289336531.773739,27950026072.923012,28264071168.000000,0
2010-07-13,27211095161.099770,27719109039.775169,26084226598.069397,26555294242.133335,0
2010-07-14,25548507068.036674,27100261841.064335,24929654362.584213,26675375854.933334,0
2010-07-15,26758505517.089214,28365677525.181866,26703086155.059391,26860108731.733334,0
2010-07-16,27599037851.339790,29501784000.074902,27303465817.716961,29446364637.866665,0
2010-07-19,29021470740.786022,29196966390.829956,27155673444.319725,27312695978.666668,0
2010-07-20,29557200551.607677,30213001529.990482,27164913778.087246,27183386897.066666,0
2010-07-21,26638426376.692562,29003002389.068546,26638426376.692562,28809033591.466667,0
2010-07-22,27691401856.766350,28023920087.430561,25530030204.681038,26028808601.599998,0
2010-07-23,26656895950.235600,27072544219.180641,25456134985.009407,25640868249.599998,0
2010-07-26,25326827341.269569,26287435851.250252,24550950024.451283,24606369382.400002,0
2010-07-27,24430880260.372593,25465383627.342472,24236911404.527229,25206757785.599998,0
2010-07-28,25179046516.425003,26860113401.320396,24929658293.012283,26509121945.599998,0
2010-07-29,26499884771.262417,29095376586.186180,26167366433.927525,28042402201.599998,0
2010-07-30,29003001828.672077,30443915571.103008,28430330955.374592,28910636236.799999,0
2010-08-02,27451249300.876137,28578117926.013096,27091020340.792824,27469722419.200001,0
2010-08-03,27478965500.680439,28938352759.701427,27442019253.850273,28273316113.066666,0
2010-08-04,28023917863.194054,28929106892.003952,27340406236.002407,27442009429.333332,0
2010-08-05,27709878649.626781,28310258225.711571,27183389454.566139,27922320588.799999,0
2010-08-06,28836745459.997684,29547963712.027271,27405067141.594280,28088578867.200001,0
2010-08-09,27377354804.104954,28374909425.399731,27211094649.633247,27552850466.133335,0
2010-08-10,28845988146.464428,30434687324.677624,28845988146.464428,29649574297.599998,0
2010-08-11,31570785214.904526,34009253733.531376,31570785214.904526,33325744128.000000,0
2010-08-12,35542535818.242325,36715588420.203880,34092386410.692566,34581927253.333336,0
2010-08-13,34286358697.460629,35607196396.154320,33445826380.781277,35579485661.866669,0
2010-08-16,35939711683.849434,36780243880.870705,34184750607.662579,35108412893.866669,0
2010-08-17,34073913621.594406,34600400710.098892,32679183561.602406,33796814711.466667,0
2010-08-18,33685978912.245747,34193995057.839493,32134226045.116692,32633004578.133335,0
2010-08-19,33150247030.702419,34729710195.198502,32512919198.896553,34286351155.200001,0
2010-08-20,34018491497.026039,34591162391.322517,32993226033.192459,33898415172.266666,0
2010-08-23,33418110889.094727,35182307474.165535,32910096946.959290,35108412893.866669,0
2010-08-24,36567811026.054237,37565363936.336967,35718038905.648575,36826434764.800003,0
2010-08-25,38138028676.975334,38747643742.784714,35302382669.159508,35745741755.733330,0
2010-08-26,35154599194.832016,38184212041.103958,34960630374.445389,37833220642.133331,0
2010-08-27,37195895911.479263,39717492752.462250,35080707742.269852,35505591637.333336,0
2010-08-30,35533301931.912430,38331997661.866669,35524066422.227104,38331997661.866669,0
2010-08-31,39154045767.264694,40973659156.320480,37602291494.993813,40502593672.533333,0
2010-09-01,38525971861.437256,38673756843.726616,35431701725.372650,36844907178.666664,0
2010-09-02,36078265569.199532,36844905382.057716,34443380620.344933,34508037597.866669,0
2010-09-03,32965512650.619762,34554211270.442383,32023377349.265240,32669940667.733334,0
2010-09-07,32993229801.440506,34812843796.015274,32799258876.474609,34600401851.733330,0
2010-09-08,34166277488.049217,36078261131.872314,34110858129.209156,35108412893.866669,0
2010-09-09,33778341852.854725,35274673036.564316,33685974147.532162,34997576226.133331,0
2010-09-10,35025278379.613564,37823977716.828232,34840547206.818825,36410772684.800003,0
2010-09-13,35283910952.199921,35283910952.199921,32559105820.906349,32826967108.266666,0
2010-09-14,33048647818.200317,33898417662.545765,30397735071.992325,31099719953.066666,0
2010-09-15,31746279435.194946,32512919091.730366,31182846179.809490,31432234325.333332,0
2010-09-16,31764756514.196941,32106512394.774105,30490102797.689865,30637887761.066666,0
2010-09-17,30259184186.545998,31090480871.156799,30037506752.126133,30591704541.866665,0
2010-09-20,30637881923.812954,31496889216.238449,30028264862.339287,30185287406.933334,0
2010-09-21,30009798458.692665,30739491994.189331,29658807057.181988,30323843618.133335,0
2010-09-22,31108953968.175632,32328188263.984173,30554756178.836220,31598494788.266666,0
2010-09-23,32808496490.038494,33159487893.977764,29363235221.947266,31007353514.666668,0
2010-09-24,29677275422.657764,29677275422.657764,27174150057.834030,27248042530.133335,0
2010-09-27,27100259061.199505,28116286916.175552,27026364483.031216,27756057941.333332,0
2010-09-28,27700642568.084824,28559650085.342567,26268966175.116165,26389042517.333332,0
2010-09-29,26980182940.140671,26980182940.140671,25299116480.018574,25936444347.733334,0
2010-09-30,25446902110.922081,27174150221.468254,24920412988.006008,26407510562.133335,0
2010-10-01,26111946094.537483,27284996793.873718,25603932045.247707,26693852637.866665,0
2010-10-04,26832397254.200195,28661248761.439159,26813924134.036903,27829954150.400002,0
2010-10-05,27192626769.107883,27201864380.288574,25807132221.192089,26176598835.200001,0
2010-10-06,26130417758.648045,27820720025.547539,26001103799.455448,27192629657.599998,0
2010-10-07,26776977163.602009,27737585691.437508,26546062116.934299,26841634133.333332,0
2010-10-08,27331182926.983070,27913089518.715328,25881033152.529488,26121183778.133335,0
2010-10-11,25862558516.333576,25964159647.229465,24809582042.827122,25474618709.333332,0
2010-10-12,25816367934.910316,26250489387.893650,24652553020.568726,24957360537.599998,0
2010-10-13,24726444665.335026,25557741305.018379,24449345785.440575,24837285478.400002,0
2010-10-14,24754156369.543068,25437665986.023113,24320034914.057472,25040490769.066666,0
2010-10-15,24550950728.840832,25603926967.458988,24301562559.993717,24587896968.533333,0
2010-10-18,24578660685.606915,25622399280.514259,24578660685.606915,25040490769.066666,0
2010-10-19,26185831937.103016,26786213553.284756,24772628889.261093,26065755613.866665,0
2010-10-20,26047281838.397911,26592241982.543407,25252931443.735420,25650106641.066666,0
2010-10-21,25419188600.032784,26693842022.713661,25373004758.700809,25991859404.799999,0
2010-10-22,25927207466.256912,25927207466.256912,24301562419.929100,24504766737.066666,0
2010-10-25,24079884633.444870,24079884633.444870,23239352369.507671,23655000746.666668,0
2010-10-26,24015227347.767437,24707974634.062412,23645762829.025314,23950572475.733334,0
2010-10-27,23867438860.864864,23885911978.985142,21706067226.030281,21733777954.133335,0
2010-10-28,21798439228.576744,22491186549.673885,21558286543.683643,21706071517.866665,0
2010-10-29,21900038886.941341,21900038886.941341,21105688474.381336,21281184153.599998,0
2010-11-01,21087217852.927650,21964696352.938885,20837827567.256878,21502866227.200001,0
2010-11-02,20893246966.376575,21382787776.073818,20745459911.495968,21096451276.799999,0
2010-11-03,20856299722.959213,21345840509.063290,20385229953.248947,20403705173.333332,0
2010-11-04,19831031836.103397,19831031836.103397,18445537631.380074,18500956979.200001,0
2010-11-05,18464013832.169449,18547143918.710701,17854396700.609261,18159204215.466667,0
2010-11-08,18214625674.391087,18371648237.037720,17771266614.068012,18159204215.466667,0
2010-11-09,18020656347.420403,18944320786.876656,18020656347.420403,18722641237.333332,0
2010-11-10,18787292337.110500,19452328675.987446,18704162269.289658,18731870890.666668,0
2010-11-11,20154315521.245094,20763932644.880909,19221417767.927822,19378440328.533333,0
2010-11-12,19646304596.278992,19997296008.559353,18500962649.583103,19415389525.333332,0
2010-11-15,18907368402.032860,19858741268.159260,18879659777.916527,19840268151.466667,0
2010-11-16,20366761558.940777,21013327152.811596,19766381924.148148,20708517478.400002,0
2010-11-17,20782410737.080662,20985617194.203472,20025008481.902100,20745464490.666668,0
2010-11-18,20135841167.966980,20135841167.966980,19323017685.670174,19581643434.666668,0
2010-11-19,19720195094.278404,19720195094.278404,18482487664.372719,18602563993.599998,0
2010-11-22,18602565578.818012,18722641918.277603,17900582765.219463,17928291396.266666,0
2010-11-23,18630269941.464169,18630269941.464169,18048361564.451450,18353171114.666668,0
2010-11-24,18020656333.707596,18020656333.707596,16819896136.465637,16939972471.466667,0
2010-11-26,17318670302.638378,17355616536.973732,16995388650.358885,17226304716.799999,0
2010-11-29,17475695946.815262,17974474402.434532,17244780890.370186,17346383052.799999,0
2010-11-30,18011423757.039299,18140735622.486557,17734324800.663563,17956004386.133335,0
2010-12-01,17096993985.046764,17096993985.046764,16182568265.289421,16247224183.466667,0
2010-12-02,16201041763.807270,16201041763.807270,15286614971.733334,15286614971.733334,0
2010-12-03,15646845974.455584,15674555657.885273,15009519051.881247,15120357785.600000,0
2010-12-06,15055697971.964327,15499055945.184420,15055697971.964327,15166537728.000000,0
2010-12-07,14713943462.195070,15212720796.994560,14492263946.113550,15129590715.733334,0
2010-12-08,15212724361.362679,15323564145.373396,14760129715.152025,14778602837.333334,0
2010-12-09,14547684765.618311,14806310543.467161,14436846047.331142,14686234214.400000,0
2010-12-10,14603105461.257549,14824783953.089682,14473792569.804329,14621578581.333334,0
2010-12-13,14446079884.239695,15009514133.021719,14372186368.387079,14991039965.866667,0
2010-12-14,14312503091.243011,14784954436.746193,14182810379.024769,14664525414.400000,0
2010-12-15,14859063094.071484,15183294328.810720,14497777101.992790,15118448503.466667,0
2010-12-16,15090659206.729521,15183296110.951435,14692317356.546474,14849801147.733334,0
2010-12-17,14840536646.125885,14840536646.125885,14442194817.716244,14544096460.799999,0
2010-12-20,14553360815.114590,14831273633.296242,14432931786.701260,14683053533.866667,0
2010-12-21,14544099452.304182,14544099452.304182,14219868130.541243,14386615637.333334,0
2010-12-22,14469988255.091433,14794219539.599276,14331031839.729551,14358822912.000000,0
2010-12-23,14581150831.483015,14581150831.483015,14340293846.087027,14507041314.133333,0
2010-12-27,14784957936.560497,14998023908.063005,14340297555.415895,14423670784.000000,0
2010-12-28,14460723460.372183,14766427340.028307,14358821815.816952,14590415121.066668,0
2010-12-29,14544096460.799999,14729371313.126291,14469986941.473303,14544096460.799999,0
2010-12-30,14525572450.723700,14627474117.447397,14349561247.480797,14423670784.000000,0
2010-12-31,14534836202.752041,14636737869.896135,14386616075.092356,14479254050.133333,0
2011-01-03,14229129319.818615,14293975151.162558,13654776311.876823,14173547178.666666,0
2011-01-04,14034591052.691448,14525569804.723093,13821524065.991768,14099436885.333334,0
2011-01-05,14340292557.766186,14414402068.457926,13849312833.395699,13932687086.933332,0
2011-01-06,13812260717.375668,13812260717.375668,13136007087.053411,13154534468.266666,0
2011-01-07,13145270144.358875,13682567335.686674,12904412092.171173,13071159569.066668,0
2011-01-10,13200853432.287638,13284227704.984215,12598709303.510183,12663555140.266666,0
2011-01-11,12450490575.651623,12774721903.432383,12441226883.658447,12533864857.600000,0
2011-01-12,12459751275.114969,12459751275.114969,11820552465.066668,11820552465.066668,0
2011-01-13,11848348041.330463,12015095574.597351,11653809428.187414,11755710054.400000,0
2011-01-14,11690863518.690960,11700127211.442078,10857124847.031097,10875652232.533333,0
2011-01-18,10968288283.279593,11153563159.697435,10847859244.704607,10977551974.400000,0
2011-01-19,11255466046.769581,11811291790.810003,11181355455.692951,11718653815.466667,0
2011-01-20,11996562271.332176,12580178876.932680,11931715396.260223,12126254967.466667,0
2011-01-21,11811291873.667061,12404172390.400000,11755708666.467218,12404172390.400000,0
2011-01-24,12228156536.119698,12237421279.604454,11431473971.200001,11431473971.200001,0
2011-01-25,11626013497.588884,11959509509.222651,11487058143.586800,11727915144.533333,0
2011-01-26,11561171642.178410,11755710258.702341,11311049810.926249,11403687799.466667,0
2011-01-27,11199882661.418940,11199882661.418940,10681111743.002829,10745957580.799999,0
2011-01-28,10653323278.228724,11857611849.992327,10579212677.161303,11635281100.799999,0
2011-01-31,11616749816.766380,11940982138.396938,11301782239.419748,11496321843.200001,0
2011-02-01,11153563094.821058,11153563094.821058,10468045739.859552,10634793233.066668,0
2011-02-02,10727428720.146862,10829330362.365437,10301296879.617281,10477308040.533333,0
2011-02-03,10449516584.295410,10736693095.605680,10384670751.294203,10440252893.866667,0
2011-02-04,10375408064.169378,10393935446.818468,9791791294.684244,9810318677.333334,0
2011-02-07,9708419404.885963,10023387061.157591,9569462961.941439,9912221696.000000,0
2011-02-08,9930745095.844007,10171603114.690775,9865899273.698032,9949272473.600000,0
2011-02-09,10078969327.548346,10236453157.415672,9940012883.076015,10134551483.733334,0
2011-02-10,10458782342.669371,10542155564.610752,10004858305.626051,10041913070.933332,0
2011-02-11,10078969139.766859,10254980351.749914,9680627199.166380,9801056256.000000,0
2011-02-14,9708419216.093506,9764001370.586510,9356395742.274988,9578726468.266666,0
2011-02-15,9597251857.621119,9958537894.726110,9597251857.621119,9856636245.333334,0
2011-02-16,9671358543.063734,9736205411.466921,9449028982.561121,9541665860.266666,0
2011-02-17,9652837066.857504,9652837066.857504,9059956471.165602,9124803379.200001,0
2011-02-18,9069217669.357227,9310075740.342804,9050690287.590590,9198910395.733334,0
2011-02-22,9634307456.907562,10347616956.632347,9615780074.318569,10273506372.266666,0
2011-02-23,10310559132.686567,11264725377.011564,10199393816.121607,10847856230.400000,0
2011-02-24,10701493201.146080,10938645405.049593,10242011333.087919,10308710126.933332,0
2011-02-25,10004857986.892012,10004857986.892012,9502761506.133333,9502761506.133333,0
2011-02-28,9326751044.450443,10106759370.545614,9326751044.450443,9821435767.466667,0
2011-03-01,9736207857.458258,10412461450.638638,9632453263.551001,10390228172.799999,0
2011-03-02,10419874332.169294,10419874332.169294,9565755481.249731,9952980718.933332,0
2011-03-03,9597251260.086245,9610219793.558172,9285988538.597668,9378626491.733334,0
2011-03-04,9432358338.419159,9847374714.592573,9432358338.419159,9663952759.466667,0
2011-03-07,9447176861.570274,10762630126.277561,9447176861.570274,10469894826.666666,0
2011-03-08,10401346053.138765,10721872509.204218,10097495084.447325,10406904900.266666,0
2011-03-09,10562535539.514362,11409242589.835201,10562535539.514362,11342543803.733334,0
2011-03-10,11950246786.748627,12259655542.330877,11707535763.281233,12187398963.200001,0
2011-03-11,12376378772.245481,12454194192.335615,11744589613.209232,11865018641.066668,0
2011-03-14,11987300234.669811,12116992948.678242,11453707896.240049,11909484817.066668,0
2011-03-15,13002609070.465952,13413919482.122013,12091055126.785299,12324502459.733334,0
2011-03-16,12559800962.131958,13425035346.636578,11905779564.272305,13137858833.066668,0
2011-03-17,12563509103.717831,12800661309.329292,12161461280.510406,12635765691.733334,0
2011-03-18,12007683079.992712,12667262373.059048,11994713489.670889,12559802914.133333,0
2011-03-21,12005828992.481327,12167018692.591740,11594518579.659206,11848345190.400000,0
2011-03-22,11877949410.373438,12057806161.387749,11751864667.689857,12015159432.533333,0
2011-03-23,12078202692.903978,12384144195.761580,11622071494.862711,11683260006.400000,0
2011-03-24,11227128695.924421,11423672842.654928,10733913940.010353,10828477235.200001,0
2011-03-25,10761728206.842390,10911917922.781673,10548495581.547167,10884104192.000000,0
2011-03-28,10719077710.414598,10891517928.553173,10563325935.856285,10835891541.333334,0
2011-03-29,10884104046.075438,11167796079.544695,10541078937.600000,10541078937.600000,0
2011-03-30,10246261637.628378,10752456079.179420,10233281968.410494,10526244864.000000,0
2011-03-31,10516973125.965387,10898937214.816702,10457639000.981579,10772852462.933332,0
2011-04-01,10505846734.289316,11264210533.236362,10505846734.289316,11143687918.933332,0
2011-04-04,11073229852.515129,11635049602.024641,11019458899.746071,11434797738.666666,0
2011-04-05,10869269607.559755,10911916337.388453,10403867522.117046,10628224341.333334,0
2011-04-06,10359365387.903769,10485451175.939333,10142425091.493212,10153550370.133333,0
2011-04-07,10160969537.295330,10617100807.090311,10155407423.930080,10320430148.266666,0
2011-04-08,10092364198.284704,10693123054.768599,10029322344.520985,10555913011.200001,0
2011-04-11,10541077799.627907,10919333100.199354,10505848625.329159,10822915413.333334,0
2011-04-12,11123294118.497774,11670280916.426863,11115877616.533201,11501549431.466667,0
2011-04-13,11266067066.076473,11625779533.809685,11141835650.523458,11410693597.866667,0
2011-04-14,11681405964.530512,11870533617.254595,11360630394.115509,11366193561.600000,0
2011-04-15,11451485994.072355,11635050479.704729,11045418014.819475,11151106594.133333,0
2011-04-18,11661010230.006683,12004035318.716084,11559029370.594872,11748157030.400000,0
2011-04-19,11811199434.722254,11900200620.574646,11564592048.183048,11603530001.066668,0
2011-04-20,10557765350.498312,10639350035.144520,10105342916.271137,10118322585.600000,0
2011-04-21,9936610889.952419,10262948555.830563,9897672938.927851,10136863812.266666,0
2011-04-25,10053426643.609364,10212887255.980997,9944029271.280661,10105344273.066668,0
2011-04-26,10018195115.207878,10068258343.513092,9578751339.509737,9636232123.733334,0
2011-04-27,9734502229.784204,9955150212.831968,9567624132.508242,9638083515.733334,0
2011-04-28,9712253036.636143,9986673053.552834,9612126586.176548,9795691042.133333,0
2011-04-29,9827214444.395149,9827214444.395149,9619545001.506948,9667753847.466667,0
2011-05-02,9543523959.636160,10012634882.578753,9543523959.636160,9953300753.066668,0
2011-05-03,10079382168.176086,10509553936.905413,10001506280.900213,10331551607.466667,0
2011-05-04,10185073684.885305,10676434095.095652,10051572426.379786,10300033160.533333,0
2011-05-05,10455787738.229349,10500287813.369560,9925488231.850286,10244409480.533333,0
2011-05-06,9879134411.354780,10122033087.984041,9660339636.006416,10018198869.333334,0
2011-05-09,10066406580.267656,10305597505.135796,10001510332.855600,10092364868.266666,0
2011-05-10,10068260221.492800,10123885572.283535,9858736379.121351,9960717243.733334,0
2011-05-11,9919923744.119976,10363075274.065115,9799401109.928856,10183218517.333334,0
2011-05-12,10325992664.157440,10355659728.165707,9669608477.413706,9766026171.733334,0
2011-05-13,9829069528.368780,10151698468.670469,9725235326.999922,10140574242.133333,0
2011-05-16,10229573440.636189,10596702379.881670,9910652286.515079,10565181986.133333,0
2011-05-17,10678288594.912031,11234546305.712120,10678288594.912031,10939730056.533333,0
2011-05-18,10821061960.640848,10845165857.028852,10216595394.037342,10338971374.933332,0
2011-05-19,10476182949.674612,10861854802.994198,10459494500.057192,10580017152.000000,0
2011-05-20,10542933551.916973,10847020710.103918,10507703318.234262,10669018316.799999,0
2011-05-23,11078795688.386089,11347652626.654482,11078795688.386089,11342090513.066668,0
2011-05-24,11206732656.062756,11609091844.817417,11127002362.989811,11594258841.600000,0
2011-05-25,11722197193.739748,11792656591.384361,11152959900.455357,11277191304.533333,0
2011-05-26,11314274903.512573,11431088752.047241,10891519571.031919,10958270190.933332,0
2011-05-27,10717225547.708521,10717225547.708521,10452076387.178816,10561473740.799999,0
2011-05-31,10220301843.234392,10392742094.357403,10094217099.466248,10099780266.666666,0
2011-06-01,10155403167.204077,11008331217.517059,10149841056.170231,10995351552.000000,0
2011-06-02,10934166871.003052,11143690706.848932,10680142966.876320,10999064166.400000,0
2011-06-03,11299439689.581312,11610944308.610985,11102895573.153790,11581277252.266666,0
2011-06-06,11642468686.482756,11866825526.967953,11468174027.287329,11846429354.666666,0
2011-06-07,11629490158.176968,11668428117.333334,11306861203.048635,11668428117.333334,0
2011-06-08,11826030176.274666,12489830692.309797,11826030176.274666,12374871244.799999,0
2011-06-09,12317393201.685993,12534333532.957939,12106016038.042450,12326665147.733334,0
2011-06-10,12493540229.703207,13179590288.546364,12395268165.738409,12936691712.000000,0
2011-06-13,12903316111.097227,13413219274.483141,12691938977.692104,13294551040.000000,0
2011-06-14,12823587008.080347,12894046410.658060,12313684852.485613,12545458176.000000,0
2011-06-15,13005299611.449064,13303824647.583483,12667836618.847456,13268594414.933332,0
2011-06-16,13238927738.347933,14062189071.090548,13175885883.320557,13746976631.466667,0
2011-06-17,13227802250.062155,14455277199.886402,13227802250.062155,14347734220.799999,0
2011-06-20,14306936444.554625,14475667879.124727,14086288456.908016,14273561668.266666,0
2011-06-21,14073315990.700186,14247609625.538683,13107282385.886452,13207407820.799999,0
2011-06-22,13276011681.952509,13492952021.763264,13016424607.961008,13392825548.799999,0
2011-06-23,13937954023.002550,14121518468.072153,12754979521.477552,12780938854.400000,0
2011-06-24,12949673081.040607,13787768441.323505,12916298292.864231,13728434312.533333,0
2011-06-27,13811871001.694698,14069603664.621729,13242634720.167431,13444740983.466667,0
2011-06-28,13281573369.768852,13394679509.259344,12903318051.757036,12914443332.266666,0
2011-06-29,12736439903.455976,13159195253.814760,12643729943.407015,12869942203.733334,0
2011-06-30,12747567415.493185,12753129528.848942,11807492201.023806,11918743961.600000,0
2011-07-01,11909467528.272209,12007739572.189398,11091768681.545689,11154811562.666666,0
2011-07-05,11158523561.007441,11584986634.052946,11075084491.602732,11451485388.799999,0
2011-07-06,11577569289.771339,11992908107.833349,11566444011.005371,11712925969.066668,0
2011-07-07,11338381020.919472,11486716346.936247,10800666123.376781,11002772411.733334,0
2011-07-08,11445924092.225332,11814907459.451784,11384735577.611229,11471882376.533333,0
2011-07-11,11835306143.885986,12185748858.009626,11408841895.068022,12083767978.666666,0
2011-07-12,12465728047.100153,13285281550.886919,12465728047.100153,13125820962.133333,0
2011-07-13,12792067809.314259,13392826698.673435,12615919799.278179,13222240802.133333,0
2011-07-14,13140654050.821444,13921268552.223747,12717898681.865868,13832267366.400000,0
2011-07-15,13541161880.043047,14101127359.906441,13541161880.043047,13585661952.000000,0
2011-07-18,13733994447.407137,14481234117.568995,13632014653.432869,14145625565.866667,0
2011-07-19,13839683540.225430,13839683540.225430,12691940097.472986,12782794615.466667,0
2011-07-20,12558439371.035749,13157343838.308678,12389707873.134396,12979341448.533333,0
2011-07-21,13042382282.773525,13552285515.299093,12506520765.995775,12608501623.466667,0
2011-07-22,12361896216.694426,12436063357.801073,11590552464.074158,11722200405.333334,0
2011-07-25,12104161391.484722,12408248515.676323,11931721130.761782,12139390566.400000,0
2011-07-26,11909472249.204737,11909472249.204737,11423673947.815464,11853845845.333334,0
2011-07-27,12272892405.853228,13251905422.242584,12256205013.616966,13153633348.266666,0
2011-07-28,13177738876.570864,13628308016.295755,12547314013.650850,13216677888.000000,0
2011-07-29,13795181094.179546,14091851655.344700,13203694360.636902,13576386423.466667,0
2011-08-01,13018279469.597124,14141919165.036730,12790213840.645464,13581953706.666666,0
2011-08-02,13989872855.504702,14846509884.757349,13650556577.004299,14807571933.866667,0
2011-08-03,14729696483.200415,15664209509.777754,14206814621.474802,14282837196.799999,0
2011-08-04,14772342575.585278,16782286301.866667,14733404622.403173,16782286301.866667,0
2011-08-05,16073988336.950815,19179758450.990170,15402770017.399355,17739051827.200001,0
2011-08-08,19837991775.340801,20896733964.873760,18525223610.608120,20594502314.666668,0
2011-08-09,19207567721.073418,21415908801.381489,17711233979.733334,17711233979.733334,0
2011-08-10,18593827732.844036,19778655591.782696,17164245869.189337,18903476906.666668,0
2011-08-11,18703227701.476036,18703227701.476036,15248869890.050697,15972004659.200001,0
2011-08-12,15332308136.494970,16316883243.447187,15156159108.068434,16137026491.733334,0
2011-08-15,15834797375.187958,16009090999.355305,15158016943.478882,15187684010.666666,0
2011-08-16,15647519489.472515,16606136250.851862,15412037410.525867,16062858308.266666,0
2011-08-17,16229735057.454781,16810096547.891418,15358265099.936052,16365090679.466667,0
2011-08-18,17796527499.693005,19535758787.483921,17796527499.693005,19233527125.333332,0
2011-08-19,19769384896.941204,20444310731.690365,17950423465.087292,20321933721.599998,0
2011-08-22,18820041996.074345,20127247145.374958,18491850971.677326,19823161070.933334,0
2011-08-23,19469011000.108452,19602512256.984192,16708118680.719946,16734078020.266666,0
2011-08-24,16715533489.562788,17727922249.551865,16316882064.045868,16708115933.866667,0
2011-08-25,16873142628.570839,18145118635.344021,16452240571.842312,18043137774.933334,0
2011-08-26,18328680416.180737,18875668234.412819,16296487277.794840,16576470493.866667,0
2011-08-29,15834795526.505354,15855191698.742559,14700030602.761482,14744530670.933332,0
2011-08-30,15200663046.090694,15345289597.018042,14462695176.237282,14737115272.533333,0
2011-08-31,14433024841.958355,15341579520.199871,14091854163.313608,15041200128.000000,0
2011-09-01,15015244035.225470,15819962533.726475,14577654552.086157,15784733354.666666,0
2011-09-02,16776724419.605246,17151270952.895594,16413302111.809240,16865724552.533333,0
2011-09-06,18286034395.633472,18471454324.035686,17177228877.670992,17212458052.266666,0
2011-09-07,16248278483.397783,16248278483.397783,14926240411.610268,14942927803.733334,0
2011-09-08,15209933494.562965,15439853512.646767,14060334458.972944,15202516992.000000,0
2011-09-09,15504749330.584768,15946047570.821571,14464547691.949528,15667918711.466667,0
2011-09-12,15936774578.110657,15936774578.110657,14249460804.266666,14249460804.266666,0
2011-09-13,14091852822.411983,14318064012.181318,13263029571.295250,13390968695.466667,0
2011-09-14,13094302001.188210,13313096755.044317,11922452311.862116,12361896209.066668,0
2011-09-15,11915033552.248756,12274747071.792751,11716635010.722988,11826032366.933332,0
2011-09-16,11872388782.219551,12172768227.832069,11388444823.063189,11750012791.466667,0
2011-09-19,12450895534.033407,12717899100.289156,11924304903.544010,12141245235.200001,0
2011-09-20,12085621357.475988,12615919776.049498,11857555717.638227,12567710924.799999,0
2011-09-21,12385997988.842546,13350176904.533333,12141243954.471172,13350176904.533333,0
2011-09-22,14319920904.451790,15347142855.278847,14271712057.695845,14685196561.066668,0
2011-09-23,15404621669.519449,15404621669.519449,13620890227.227062,13795183820.799999,0
2011-09-26,13476266357.460445,14833535081.087215,13463287739.459541,13858230545.066668,0
2011-09-27,12986755467.874910,13361301959.556705,12220974038.465952,13096152814.933332,0
2011-09-28,13161052396.177500,14279130043.733334,12932986753.898497,14279130043.733334,0
2011-09-29,13646850316.028017,15632689342.223938,13548578226.146477,14818699946.666666,0
2011-09-30,15336017638.717873,16303905466.077425,15106097629.910192,16276092791.466667,0
2011-10-03,16637658976.028461,18141408184.415157,16111068383.765631,18098761454.933334,0
2011-10-04,18729183204.850357,19233524211.134453,15764331996.832033,15793999052.799999,0
2011-10-05,15743941295.741590,16455950886.160727,14188274178.707380,14344027067.733334,0
2011-10-06,14440444652.515480,14872470971.904568,13793331313.306410,13830414882.133333,0
2011-10-07,13683933750.820570,14025105532.797823,13127676006.847961,13613474338.133333,0
2011-10-10,13023841367.886168,13042383151.419626,12276602639.274446,12495396317.866667,0
2011-10-11,12799483668.867912,12805045781.625917,12389706904.617605,12608501623.466667,0
2011-10-12,12146806762.896307,12237661273.765791,11811198224.881649,12182035933.866667,0
2011-10-13,12449042255.017490,12473147207.275110,11379173505.371605,11464466978.133333,0
2011-10-14,11088065331.200001,11679552216.451380,11045418597.460217,11088065331.200001,0
2011-10-17,11284608967.060835,12102307043.001307,11284608967.060835,12013305856.000000,0
2011-10-18,11894638718.800224,12389707933.710205,11099191128.943850,11188192324.266666,0
2011-10-19,11245674124.923769,12015163569.313864,11245674124.923769,11924307968.000000,0
2011-10-20,12133829444.769005,13203698161.747437,12046682640.119097,12532480955.733334,0
2011-10-21,11968806433.922766,12005890000.128120,11234546337.946230,11698094080.000000,0
2011-10-24,11531214394.095697,11573861118.575766,10476179999.058802,10485450888.533333,0
2011-10-25,10819206554.052851,11141835452.225351,10520681550.001953,11104751889.066668,0
2011-10-26,10774703871.172022,11640611696.203411,10557763581.407682,10930456712.533333,0
2011-10-27,9942178730.937784,10199911506.416533,9304336102.186010,9521276518.400000,0
2011-10-28,9732651213.576296,9732651213.576296,9441542691.604748,9452667972.266666,0
2011-10-31,9834632955.626326,10149845401.600000,9728943307.277517,10149845401.600000,0
2011-11-01,11143691193.994240,11312422692.641876,10767290239.690207,11121440631.466667,0
2011-11-02,10808082122.306751,11225275405.067883,10665309971.010185,10969397111.466667,0
2011-11-03,10665308514.563902,11262357433.157892,9905089184.994255,9964423304.533333,0
2011-11-04,10199907400.580212,10216594793.624212,9541668857.161182,9613982651.733334,0
2011-11-07,9825361190.235157,10179512655.979555,9613983999.286961,9652921958.400000,0
2011-11-08,9549087037.488993,9968134765.063349,9369231296.284058,9484190788.266666,0
2011-11-09,10188781041.427174,10832185458.034996,10188781041.427174,10795100842.666666,0
2011-11-10,10251825617.853857,11002773193.224312,10251825617.853857,10494725324.799999,0
2011-11-11,10246261597.462055,10246261597.462055,9291352452.765707,9411875089.066668,0
2011-11-14,9526837675.515520,9918071676.088987,9282083571.635038,9760465442.133333,0
2011-11-15,9914358756.133959,9916213144.903225,9172682360.575964,9346976972.799999,0
2011-11-16,9595440606.457758,9595440606.457758,9068849997.123888,9500876253.866667,0
2011-11-17,9601005001.272963,10884105462.193651,9510149405.361332,10542934698.666666,0
2011-11-18,10333408868.784760,11004626040.782856,10333408868.784760,10848874222.933332,0
2011-11-21,11323547600.848682,11926159774.785898,11254942581.006355,11460757640.533333,0
2011-11-22,11607237925.207037,12102307095.996479,11234545782.641102,11879804654.933332,0
2011-11-23,12348913423.618542,13023839300.266666,12259912243.890068,13023839300.266666,0
2011-11-25,13220382814.142059,13502220397.347645,12636312533.911106,13494802841.600000,0
2011-11-28,12081912992.550703,12578836637.577360,11885368801.942192,12213560934.400000,0
2011-11-29,12061515682.824574,12532480995.000362,11872388013.189123,12413812736.000000,0
2011-11-30,11284609756.944777,11330964215.451916,10238846000.186781,10287054848.000000,0
2011-12-01,10383472303.036428,10507702670.888670,10038592819.110620,10114614340.266666,0
2011-12-02,9745630678.066294,10166532771.339911,9636234360.818693,10142427818.666666,0
2011-12-05,9636233145.591616,10038592348.851677,9547231958.592003,9880986146.133333,0
2011-12-06,9825359183.009531,10159114406.289949,9758608560.284977,9906943863.466667,0
2011-12-07,10096073005.983080,10287055066.821308,9500877315.809059,9589878510.933332,0
2011-12-08,9736357416.041948,10444659105.440617,9521271503.060236,10385324987.733334,0
2011-12-09,10717225660.927027,10895228029.225451,9895818832.956457,10005216187.733334,0
2011-12-12,10617100898.553705,11149254754.451546,10617100898.553705,10826624750.933332,0
2011-12-13,10633788079.887165,11746302399.927275,10461347817.044067,11597967086.933332,0
2011-12-14,11672133036.363523,12311828621.554291,11386587745.367807,12131971891.200001,0
2011-12-15,11438506598.254967,12365603104.070192,11366193857.703741,12178328780.799999,0
2011-12-16,11820471327.039171,12026286388.978266,11390298364.895596,11885367569.066668,0
2011-12-19,11761137920.314991,12945966182.324097,11761137920.314991,12856964983.466667,0
2011-12-20,12156079280.218964,12156079280.218964,11060252342.740318,11182628317.866667,0
2011-12-21,11119582706.254463,11970656350.695181,11117728317.671251,11542337945.600000,0
2011-12-22,11406983884.682945,11406983884.682945,10235135558.318808,10350095018.666666,0
2011-12-23,10172094585.544960,10550349930.576595,10172094585.544960,10222157824.000000,0
2011-12-27,10320428824.080462,10377909613.900908,9990383417.754517,10236990805.333334,0
2011-12-28,10249971408.568611,10726497779.533209,10212886786.473101,10689414212.266666,0
2011-12-29,10503992926.691868,10741329390.822611,10355657636.610151,10420553864.533333,0
2011-12-30,10439098325.188404,10557766587.733334,10272221212.838221,10557766587.733334,0
2012-01-03,9908798481.166471,10218448763.336939,9613982257.070858,10146134971.733334,0
2012-01-04,10203615275.688231,10529952968.461351,10071968408.912130,10120177254.400000,0
2012-01-05,10153551562.102394,10257386805.047380,9665899962.573360,9708545638.400000,0
2012-01-06,9771588844.106892,9925486269.358725,9576899076.058453,9621399142.400000,0
2012-01-09,9437833969.069647,9500875813.043152,9011369844.699928,9052162184.533333,0
2012-01-10,8742512764.075314,8918660754.274555,8636823653.507093,8787013358.933332,0
2012-01-11,8957598463.897581,8979849024.425365,8625698664.478500,8685032789.333334,0
2012-01-12,8603446769.009531,8777740865.580124,8367964695.310560,8431007061.333333,0
2012-01-13,8621989284.965403,8989119288.760975,8584905723.223922,8907534609.066668,0
2012-01-17,8640531094.863529,8866742299.006844,8549676051.843035,8822242235.733334,0
2012-01-18,8499614948.684402,8510740230.994431,7444579649.289328,7528018739.200000,0
2012-01-19,7272138961.152861,7338890119.135527,7045927729.073080,7083011822.933333,0
2012-01-20,7123803951.712688,7172013328.578278,6921697134.477416,6973614762.666667,0
2012-01-23,6925405639.572993,7175721842.846346,6860508865.665624,7012552977.066667,0
2012-01-24,7129366311.420739,7157178986.373785,6873488014.126384,6956926566.400000,0
2012-01-25,6882758665.065862,7162741376.343885,6801173977.527035,6858654242.133333,0
2012-01-26,6784487826.846864,7184993253.564198,6675090445.288920,7079304123.733334,0
2012-01-27,7112678072.670538,7179428695.595939,6925404290.352558,6981030161.066667,0
2012-01-30,7172013775.906178,7435308602.354650,7157179714.857318,7207242956.800000,0
2012-01-31,7032948811.694178,7344452994.962701,6999572967.925968,7210951202.133333,0
2012-02-01,6903154040.757639,6979175551.834912,6545294934.263205,6701047261.866667,0
2012-02-02,6610191980.544800,6701047552.876990,6458148424.372971,6580524919.466666,0
2012-02-03,6350605808.417530,6435898218.138244,6207832607.654250,6270875511.466666,0
2012-02-06,6346896965.711553,6587942243.321452,6346896965.711553,6485961386.666667,0
2012-02-07,6537879009.584456,6691776961.742589,6413648119.832363,6485961386.666667,0
2012-02-08,6443314683.401893,6443314683.401893,6102143492.145658,6233790873.600000,0
2012-02-09,6142937478.030915,6326502000.166732,6133666585.188868,6181875438.933333,0
2012-02-10,6391397823.327787,6623171692.021961,6333918085.322207,6543441920.000000,0
2012-02-13,6346896704.986256,6745548169.325156,6339480203.396631,6487815509.333333,0
2012-02-14,6582378228.494139,6586086478.666831,6396958863.473154,6398813252.266666,0
2012-02-15,6267165628.911615,6328354132.744193,6079892394.496841,6307957964.800000,0
2012-02-16,6307961546.696380,6322795083.859343,5811038315.444445,5855538926.933333,0
2012-02-17,5710909118.147229,6016850612.121173,5690512948.227046,5977912661.333333,0
2012-02-21,5951953810.141626,6287562362.127952,5937120280.068118,6215249100.800000,0
2012-02-22,6267166725.335387,6378418474.055202,6137373721.714868,6300542566.400000,0
2012-02-23,6320938189.849747,6550857641.899836,6237499121.837322,6274583210.666667,0
2012-02-24,6202270750.968445,6343189040.936034,6133665731.553562,6309813725.866667,0
2012-02-27,6454439957.639521,6552712028.246053,6152206717.091336,6289416738.133333,0
2012-02-28,6282000288.000866,6282000288.000866,5914870284.597635,6007579716.266666,0
2012-02-29,5994601310.803725,6296834063.489523,5970496359.842106,6269021388.800000,0
2012-03-01,6198561990.263085,6333918167.620891,6074331621.179729,6250479616.000000,0
2012-03-02,6291272424.583155,6460003929.542991,6135520063.306955,6450732509.866667,0
2012-03-05,6489671605.656796,6988449137.154096,6489671605.656796,6934677640.533334,0
2012-03-06,7212805924.752584,7362995657.387823,7068178833.409155,7116388215.466666,0
2012-03-07,7019965898.377911,7057049976.296505,6706607997.924884,6799317401.600000,0
2012-03-08,6560128213.890779,6706609645.648509,6443314368.205400,6506356736.000000,0
2012-03-09,6510065294.231814,6511919683.265992,6265312312.440408,6293124983.466666,0
2012-03-12,6283855672.452231,6526754853.671954,6246772101.763636,6460004215.466666,0
2012-03-13,6309812945.249928,6309812945.249928,6029829734.400000,6029829734.400000,0
2012-03-14,5959371408.161684,6124394116.359455,5799910812.785204,6074331409.066667,0
2012-03-15,5938974749.841807,6018705040.997564,5714617406.649691,5744284467.200000,0
2012-03-16,5746139424.100637,5794348270.405305,5673825627.229174,5718326749.866667,0
2012-03-19,5707200939.374027,5768388922.491213,5521781546.117749,5592240947.200000,0
2012-03-20,5712763291.750914,5835139779.242352,5655283034.848800,5697929762.133333,0
2012-03-21,5636741263.281245,5746138610.304621,5558865364.523719,5638595652.266666,0
2012-03-22,5746138591.992942,5866661217.715997,5690512724.165812,5731305062.400000,0
2012-03-23,5773951263.383956,5903744779.202430,5679387446.282747,5690512725.333333,0
2012-03-26,5597803887.050966,5651575371.575503,5451322964.636348,5456885077.333333,0
2012-03-27,5436490285.396238,5451324347.733334,5332656068.353175,5451324347.733334,0
2012-03-28,5458739960.151658,5746139718.273953,5425364643.879353,5653430272.000000,0
2012-03-29,5786931788.683408,5862953309.490580,5610783269.002657,5633033830.400000,0
2012-03-30,5486552664.755403,5699784761.500606,5471719132.176731,5553303825.066667,0
2012-04-02,5605220088.881235,5814743903.066789,5518073295.767463,5566282137.600000,0
2012-04-03,5584824397.104984,5892620310.397784,5584824397.104984,5829577932.800000,0
2012-04-04,6063206349.173242,6374710521.806176,6044664565.989184,6220812561.066667,0
2012-04-05,6289417588.788401,6298688480.392234,6111415204.200048,6180020224.000000,0
2012-04-09,6454442683.372077,6541589511.395329,6369149717.753063,6430338252.800000,0
2012-04-10,6460002778.230457,6814153120.138324,6298687804.864093,6758527249.066667,0
2012-04-11,6549004030.347518,6549004030.347518,6296833482.473559,6443314926.933333,0
2012-04-12,6383980590.332473,6402522371.125998,5996454418.227126,6085455598.933333,0
2012-04-13,6142936865.466113,6400669559.466666,6083602735.262086,6400669559.466666,0
2012-04-16,6259749389.577932,6567545255.634707,6205977911.577668,6402522043.733334,0
2012-04-17,6324645619.954695,6324645619.954695,6016849779.520452,6105850948.266666,0
2012-04-18,6256041161.244475,6432189125.228201,6170748235.273519,6265312051.200000,0
2012-04-19,6326500540.619677,6560128779.549831,6026121677.660575,6458148454.400000,0
2012-04-20,6448877214.275848,6919841390.001785,6447022825.269913,6901299609.600000,0
2012-04-23,7144199778.520948,7357431866.796964,7134928886.954314,7164595950.933333,0
2012-04-24,7077448583.398301,7398223621.142415,7045927132.656008,7320347716.266666,0
2012-04-25,6936531823.819947,7083013313.381887,6784488220.052306,6828988825.600000,0
2012-04-26,6725152606.623239,6725152606.623239,6328355495.528090,6354314308.266666,0
2012-04-27,6322791765.046643,6536023815.766264,6298687345.735991,6343187933.866667,0
2012-04-30,6356168413.500169,6460003668.430298,6356168413.500169,6448878387.200000,0
2012-05-01,6460003417.900918,6515628767.066189,6226375158.197586,6380273117.866667,0
2012-05-02,6517483447.988149,6558275794.466338,6256042502.002970,6296834321.066667,0
2012-05-03,6283854024.088145,6767797870.080466,6257895214.966854,6749256089.600000,0
2012-05-04,6832695856.237548,7203534169.516481,6743694661.050603,7177575355.733334,0
2012-05-07,7286970510.009040,7294387537.728278,7057051089.341914,7203531980.800000,0
2012-05-08,7361139235.567514,7796874251.455011,7283263333.811120,7340743065.600000,0
2012-05-09,7691187415.328488,7880315113.060058,7316640799.070937,7418621678.933333,0
2012-05-10,7261013816.005206,7668935661.977646,7257305037.629103,7481662395.733334,0
2012-05-11,7531726235.632596,7572518054.321641,7073740591.465452,7329619421.866667,0
2012-05-14,7576225102.513686,7657809248.671663,7409348032.370360,7574370713.600000,0
2012-05-15,7604037753.275634,7839519828.852649,7370409539.193438,7793165380.266666,0
2012-05-16,7730125556.025889,8189965107.200000,7633707321.911145,8189965107.200000,0
2012-05-17,8152879506.354095,8718408080.196753,8076857461.299739,8699865770.666666,0
2012-05-18,8601594584.271439,9270957418.319365,8545969232.157908,9211623287.466667,0
2012-05-21,9050307019.103495,9211620920.717827,8469945003.032977,8490341171.200000,0
2012-05-22,8508884265.540771,8855617595.725489,8505176014.595747,8692449280.000000,0
2012-05-23,9028057022.133858,9200497267.804991,8545967566.618264,8583051127.466666,0
2012-05-24,8484779014.625888,9094807595.789953,8484779014.625888,8931639296.000000,0
2012-05-25,8918659953.248936,8933494010.950418,8484779324.205658,8592322286.933332,0
2012-05-29,8317904049.244897,8321612300.769505,7963753106.988943,8062025728.000000,0
2012-05-30,8308631896.282180,8575635459.010199,8308631896.282180,8518155195.733334,0
2012-05-31,8558949086.614774,9063289768.179924,8555240834.982007,8774035592.533333,0
2012-06-01,9354395536.631733,9873569655.466667,9196789333.734459,9873569655.466667,0
2012-06-04,9897672720.246149,10214739488.628748,9454521211.085402,9912506777.600000,0
2012-06-05,9953298051.037161,9953298051.037161,9180100187.952999,9237579912.533333,0
2012-06-06,9000244696.955208,9000244696.955208,8293797877.982192,8332735829.333333,0
2012-06-07,8011962251.768458,8701721276.208286,7963752873.702672,8673908599.466667,0
2012-06-08,8857471509.041721,8857471509.041721,8251151151.819622,8291943492.266666,0
2012-06-11,7945210066.611049,8779596063.028624,7908126502.395105,8751783389.866667,0
2012-06-12,8621990289.165403,8659074382.640463,8158442548.921225,8186255223.466666,0
2012-06-13,8260421753.033642,8525571429.236979,8065732003.018824,8442132889.600000,0
2012-06-14,8458820544.782134,8761053791.395393,8340152302.058616,8481071104.000000,0
2012-06-15,8377238467.160404,8449551747.705973,8047191939.752528,8056463360.000000,0
2012-06-18,8195525982.692770,8195525982.692770,7589205573.556270,7713436467.200000,0
2012-06-19,7546558620.979921,7657809833.770894,7342597448.879663,7448286549.333333,0
2012-06-20,7387099477.442025,7448287999.207302,7133075025.542719,7231347643.733334,0
2012-06-21,7292535333.598464,8136192294.929142,7292535333.598464,8099108727.466666,0
2012-06-22,7913688836.901312,8013814772.866383,7676352347.358472,7720852411.733334,0
2012-06-25,8006398383.560211,8553384634.194217,7969314292.841851,8505175790.933333,0
2012-06-26,8434716400.132827,8699865565.871107,8280818451.883986,8408757589.333333,0
2012-06-27,8208505828.402833,8382799961.086075,8006399021.027205,8075004040.533334,0
2012-06-28,8334591088.180277,8568219362.866171,8158443083.031623,8227048106.666667,0
2012-06-29,7648538695.310315,7674497504.171747,7194261913.600000,7194261913.600000,0
2012-07-02,7055198044.237810,7355576912.081094,6994010059.118759,7205387741.866667,0
2012-07-03,7151617735.559211,7212805733.316024,6895738880.000000,6895738880.000000,0
2012-07-05,7066322800.732519,7277700467.820893,6917987503.229383,7064468411.733334,0
2012-07-06,7309221852.297547,7785748661.718374,7240616843.730072,7587350664.533334,0
2012-07-09,7713435347.222342,7987855379.522100,7583641832.122218,7880312422.400000,0
2012-07-10,8041628366.051535,8566364602.515746,7757936881.726161,8421737540.266666,0
2012-07-11,8312341163.394086,8788868083.826735,8271548815.581440,8640532753.066668,0
2012-07-12,8855616445.689812,9296914600.686169,8855616445.689812,9070703411.200001,0
2012-07-13,8992830032.819803,9054017501.138121,8744368216.142937,8824097996.799999,0
2012-07-16,8965015387.715269,9304332759.832069,8948327993.948521,9096663313.066668,0
2012-07-17,8961306562.168459,9697419899.442205,8937201614.287922,9244997495.466667,0
2012-07-18,9300624391.815966,9398896467.997070,8113941393.664495,8286381124.266666,0
2012-07-19,7893292671.159718,7952626793.581174,7572517110.331103,7743102976.000000,0
2012-07-20,7787603486.775956,8158441748.051002,7754228175.114806,8143608217.600000,0
2012-07-23,8660926501.744915,8955742691.295835,8269692637.906034,8371672951.466666,0
2012-07-24,8345714676.934870,8748074372.427105,8254859108.703411,8471799944.533334,0
2012-07-25,8280819115.102955,8288236144.817318,7676353081.083011,7993419366.400000,0
2012-07-26,7520600358.862168,7685623592.130439,7279555607.418916,7463120622.933333,0
2012-07-27,7429744042.951620,7444577572.755926,6860507270.784559,6901299609.600000,0
2012-07-30,6969905656.585796,7214659198.499028,6762236208.411011,7097844804.266666,0
2012-07-31,7023678287.847730,7023678287.847730,6704757057.891220,6927260057.600000,0
2012-08-01,6851236926.248778,7084865171.127469,6741839569.302293,6886466628.266666,0
2012-08-02,7181284193.885770,7223930402.485510,6689923226.942433,7047782400.000000,0
2012-08-03,6701046721.782312,6851235870.229200,6452584984.214708,6515627349.333333,0
2012-08-06,6517482294.487800,6521190545.125558,6352459075.841987,6456293785.600000,0
2012-08-07,6348751471.994761,6363585003.471385,5920433448.387684,6078039654.400000,0
2012-08-08,6133665260.629167,6168894434.855421,5981621174.092649,6016850875.733334,0
2012-08-09,6046517970.624530,6046517970.624530,5848119428.797392,5894474410.666667,0
2012-08-10,5887056569.892249,5944536823.872005,5790638895.987153,5799909785.600000,0
2012-08-13,5809181463.914551,6131810892.350474,5809181463.914551,5927849710.933333,0
2012-08-14,5792494037.592990,6144790557.809939,5785077535.229421,6072477286.400000,0
2012-08-15,6174456518.557131,6192998825.981013,5887056818.752356,5987183274.666667,0
2012-08-16,5951954772.423245,5989038867.309784,5658992901.667680,5671972044.800000,0
2012-08-17,5697931624.883519,5862954366.193830,5696077235.294696,5796203724.800000,0
2012-08-20,5836996297.617709,6033540504.898279,5836996297.617709,5905601331.200000,0
2012-08-21,5857391946.794825,5970497585.464107,5677535664.202345,5905601331.200000,0
2012-08-22,5970496971.978878,6152208152.973697,5953809576.420044,6031685495.466666,0
2012-08-23,6091018769.497188,6261604644.424810,6055789066.470517,6144790254.933333,0
2012-08-24,6148499089.886188,6259750849.738071,5998309899.724995,6040956108.800000,0
2012-08-27,5994601096.240760,6181874364.908601,5946391723.457537,6096581427.200000,0
2012-08-28,6159623788.580549,6198561742.620364,6040955537.253702,6118831445.333333,0
2012-08-29,6157768832.610029,6235644726.851847,6029829185.394300,6115122107.733334,0
2012-08-30,6187439029.845737,6441463009.469296,6187439029.845737,6430338252.800000,0
2012-08-31,6291272564.823758,6428482617.220409,6066915173.877313,6128103697.066667,0
2012-09-04,6155915771.461232,6506357898.548330,6155915771.461232,6306105480.533334,0
2012-09-05,6306105445.098089,6482253438.583521,6202270721.825585,6424773700.266666,0
2012-09-06,6233791563.543015,6267166878.006217,5718326732.655240,5729451485.866667,0
2012-09-07,5824014741.372439,5951953873.695765,5824014741.372439,5859244441.600000,0
2012-09-10,5933411247.215759,6172602085.899520,5907452441.155607,6165185058.133333,0
2012-09-11,6091017418.572296,6181872976.091014,5951953026.515389,6035391556.266666,0
2012-09-12,5983475303.721029,6098435294.497235,5851827393.707915,5989037943.466666,0
2012-09-13,6091019717.884562,6141082960.116677,5770244617.114462,5835141393.066667,0
2012-09-14,5740575964.528678,5751701243.600354,5416092701.781775,5616345088.000000,0
2012-09-17,5616345865.842173,5835140589.953543,5616345865.842173,5770243822.933333,0
2012-09-18,5838849644.643055,5903746420.595260,5772099006.609923,5835141393.066667,0
2012-09-19,5838849338.809605,5977913776.078187,5827724057.248637,5929704925.866667,0
2012-09-20,6065059166.850823,6205977960.583074,6046517386.859015,6098435003.733334,0
2012-09-21,5996455237.550493,6100289962.561820,5909308433.982130,6083602568.533334,0
2012-09-24,6259750467.497617,6437752850.459635,6222666901.421097,6383981363.200000,0
2012-09-25,6278292875.473051,6853092426.190022,6215250490.419088,6838258892.800000,0
2012-09-26,6988448295.375811,7249889243.447659,6940238918.510221,6973614762.666667,0
2012-09-27,6817861418.474648,6943946691.955939,6454440183.421268,6510065527.466666,0
2012-09-28,6604629053.416920,6697339010.814754,6532315792.964430,6675088452.266666,0
2012-10-01,6543441865.080493,6791903125.347987,6454440674.933028,6736277777.066667,0
2012-10-02,6645422488.575715,6777069890.317850,6574963078.104383,6634297207.466666,0
2012-10-03,6578671840.689759,6773361622.550399,6569400421.511865,6727007163.733334,0
2012-10-04,6675089009.197412,6821569931.341050,6560129011.074290,6593504324.266666,0
2012-10-05,6508210036.695934,6649128278.050903,6293123633.683458,6610190336.000000,0
2012-10-08,6730714299.627019,6892028738.925488,6702901101.531148,6808590199.466666,0
2012-10-09,6875341556.207123,7207241335.107184,6875341556.207123,7144198963.200000,0
2012-10-10,7242471517.453269,7459411846.551785,7173866501.192580,7437161813.333333,0
2012-10-11,7255451190.890763,7398223863.647703,7170158254.109200,7385244194.133333,0
2012-10-12,7418620012.232203,7531725622.056849,7311076515.137202,7511329450.666667,0
2012-10-15,7420472537.569558,7420472537.569558,7138635494.652937,7186844330.666667,0
2012-10-16,7105260808.449620,7105260808.449620,6693630222.661832,6708463752.533334,0
2012-10-17,6838257541.770093,6936529615.136624,6630588115.338897,6732568439.466666,0
2012-10-18,6880905887.958864,7036658270.017570,6767800248.892397,6929115272.533334,0
2012-10-19,7001426739.411413,7542850365.510371,7001426739.411413,7529871223.466666,0
2012-10-22,7455703039.869248,7644830681.494349,7324055657.318509,7507620659.200000,0
2012-10-23,7743102764.273099,7843229224.975059,7409348598.485772,7448286549.333333,0
2012-10-24,7270284886.798326,7820979418.842005,7236909045.075197,7787604104.533334,0
2012-10-25,7500203347.800679,7731977182.174483,7450140119.408952,7494640708.266666,0
2012-10-26,7515038013.712628,7555830358.187037,7216512987.207321,7372265335.466666,0
2012-10-31,7275846834.929372,7463120628.976212,7162741224.756068,7385244194.133333,0
2012-11-01,7335180576.927221,7335180576.927221,6606483719.915801,6650984311.466666,0
2012-11-02,6647276514.742346,7003281271.466666,6591650639.650558,7003281271.466666,0
2012-11-05,7012551383.179302,7068176724.672914,6586087267.241909,6652837888.000000,0
2012-11-06,6578671949.186646,6641714330.666253,6311668363.304731,6389544277.333333,0
2012-11-07,6612047370.945550,6988448331.301880,6563837993.832127,6847529506.133333,0
2012-11-08,6836403866.552214,7134928896.000000,6723298250.915613,7134928896.000000,0
2012-11-09,7133075639.582193,7142347060.047525,6793758738.782624,7057054105.600000,0
2012-11-12,6875342915.384411,7197971867.555947,6875342915.384411,7053345314.133333,0
2012-11-13,7218367152.330097,7244325964.136341,7034802135.309678,7214658901.333333,0
2012-11-14,7042219582.898886,7602185030.996706,6960634891.638724,7548413542.400000,0
2012-11-15,7533579142.564022,7917397075.804064,7442724097.431391,7843229422.933333,0
2012-11-16,7746811738.635348,8280818875.710700,7698602892.836328,7850646459.733334,0
2012-11-19,7424181063.518409,7650392778.240405,7379681003.556802,7388951893.333333,0
2012-11-20,7502057746.358567,7681913963.587399,7435306599.279604,7461265408.000000,0
2012-11-21,7411202468.334222,7490932759.173013,7318493036.336672,7403785966.933333,0
2012-11-23,7222076023.799451,7266576621.827157,6906863586.290152,7018115345.066667,0
2012-11-26,7045928046.739266,7081157752.899775,6860508623.907300,6932822425.600000,0
2012-11-27,6905007830.510058,6997717252.453503,6777068184.782598,6979174946.133333,0
2012-11-28,7064470760.004550,7279557276.587306,6734424745.204450,6756675310.933333,0
2012-11-29,6673234329.600000,6812298743.832868,6560128725.571201,6673234329.600000,0
2012-11-30,6693630233.212028,6771506133.306561,6595358163.585233,6701047261.866667,0
2012-12-03,6621317485.674112,6828986920.289541,6526753659.342068,6793757218.133333,0
2012-12-04,6788194626.047683,6895737595.022950,6625025783.410766,6638005452.800000,0
2012-12-05,6591649915.358983,6836402895.006229,6591649915.358983,6686213734.400000,0
2012-12-06,6749256701.270815,6749256701.270815,6461856968.119566,6471127859.200000,0
2012-12-07,6430336623.696692,6563837889.223160,6382127247.351590,6389544277.333333,0
2012-12-10,6467419369.346729,6467419369.346729,6261604329.169143,6302396142.933333,0
2012-12-11,6226375286.251486,6230083537.455875,5896329325.942265,5942683784.533334,0
2012-12-12,5896329043.746831,6048372609.994868,5849974059.959810,5992746734.933333,0
2012-12-13,6048372024.330516,6241207915.445660,5870369663.301152,6159623236.266666,0
2012-12-14,6222667185.527403,6393252546.613796,6159624276.455840,6296834321.066667,0
2012-12-17,6265313145.446606,6396960544.187607,6142936638.280304,6228229051.733334,0
2012-12-18,6092873788.241010,6231938225.509592,5887058189.021125,5929704925.866667,0
2012-12-19,5827722994.663690,5903745034.916319,5723888282.994307,5870369723.733334,0
2012-12-20,5890766698.627179,6066914696.496872,5870370525.835618,5887057920.000000,0
2012-12-21,6289418476.680033,6372857040.308227,6053936319.938564,6066915464.533334,0
2012-12-24,6139226796.633801,6218957083.267276,6079892678.898599,6124393267.200000,0
2012-12-26,6039100596.850057,6296832697.680790,5974203842.569736,6285707946.666667,0
2012-12-27,6319084333.341018,6582379645.750505,6287562881.550389,6359876676.266666,0
2012-12-28,6545295511.478745,6549004289.840331,6298688121.155351,6485961386.666667,0
2012-12-31,6541586485.833185,6541586485.833185,6089163574.012815,6120685021.866667,0
2013-01-02,5760973043.907762,5760973043.907762,5399405636.266666,5399405636.266666,0
2013-01-03,5464302671.478505,5512511520.875082,5340071769.253097,5445760887.466666,0
2013-01-04,5514364786.097434,5568136265.218743,5416092717.970795,5471718058.666667,0
2013-01-07,5493969693.913633,5634887989.682256,5455031736.827375,5542178542.933333,0
2013-01-08,5521781253.151627,5731305056.205893,5506947723.574716,5709054498.133333,0
2013-01-09,5657138831.137510,5657138831.137510,5534762313.202905,5547741457.066667,0
2013-01-10,5386425955.991509,5462447470.105056,5293715994.884893,5317820416.000000,0
2013-01-11,5438344500.959348,5438344500.959348,5215841484.243923,5226966766.933333,0
2013-01-14,5336364128.210989,5403114769.253143,5223258494.423493,5271467349.333333,0
2013-01-15,5317820963.402359,5421656214.916599,5317820963.402359,5328946244.266666,0
2013-01-16,5358613649.433857,5358613649.433857,5126839762.882838,5156506828.800000,0
2013-01-17,5054525746.290667,5093463698.670238,4835731035.382190,4843147537.066667,0
2013-01-18,5037836704.745206,5037836704.745206,4872813513.740766,4906189346.133333,0
2013-01-22,4872814321.402981,5050816680.676412,4872814321.402981,4956253388.800000,0
2013-01-23,4906189622.272739,4943273179.354830,4789375257.152607,4811625813.333333,0
2013-01-24,4997046301.451867,5026713367.866604,4807919148.618802,4945129198.933333,0
2013-01-25,4822752209.167974,4850564883.425542,4679979531.966432,4748584550.400000,0
2013-01-28,4692959226.126143,4761564252.624209,4650313015.101933,4718918041.600000,0
2013-01-29,4757855423.358039,4852419253.847094,4731896611.036357,4796793378.133333,0
2013-01-30,4835730787.704210,4835730787.704210,4692958127.153547,4793084586.666667,0
2013-01-31,4774543625.012849,4846857433.904783,4702230343.535464,4828315648.000000,0
2013-02-01,4705936459.369356,4737457903.032619,4533496768.407361,4544622045.866667,0
2013-02-04,4637332794.367352,4763418077.866667,4518664540.445390,4763418077.866667,0
2013-02-05,4672562567.415377,4681833458.963598,4487143154.207532,4514956356.266666,0
2013-02-06,4609519637.770563,4609519637.770563,4479726116.772075,4490851396.266666,0
2013-02-07,4516811015.662616,4681834285.636806,4498269229.292242,4570583040.000000,0
2013-02-08,4529789643.906510,4529789643.906510,4372183441.258500,4396287863.466666,0
2013-02-11,4372183447.706672,4433371434.197816,4335099356.044803,4361058167.466666,0
2013-02-12,4377745274.453329,4403704082.615827,4312848781.461461,4335098811.733334,0
2013-02-13,4299869933.080918,4375891714.740709,4236827293.472568,4288744652.800000,0
2013-02-14,4338808489.611397,4379600574.326763,4171931108.157329,4173785497.600000,0
2013-02-15,4197888812.528214,4296160878.696821,4136700569.791835,4249806165.333333,0
2013-02-19,4234972933.527133,4268348508.814839,4090346143.832963,4097762645.333333,0
2013-02-20,4099618010.396310,4370329873.066667,4082930086.926023,4370329873.066667,0
2013-02-21,4542769549.327840,4694813137.415792,4450060095.851238,4600249821.866667,0
2013-02-22,4494559386.437380,4507538526.819142,4307286144.595952,4333244689.066667,0
2013-02-25,4196035909.322511,4566873987.939214,4192327394.045639,4559457484.800000,0
2013-02-26,4553893211.704889,4587268518.699304,4429662345.621652,4450058513.066667,0
2013-02-27,4437079959.363569,4453767351.356912,4190472319.756771,4247952315.733333,0
2013-02-28,4246097658.525560,4268348216.330806,4144117341.689858,4157096482.133333,0
2013-03-01,4264640776.562860,4459330833.044352,4242390476.859054,4286891076.266667,0
2013-03-04,4357350761.104405,4412976381.964609,4296162235.338727,4312850158.933333,0
2013-03-05,4177493505.098643,4203452318.707417,4036574946.999250,4079221418.666667,0
2013-03-06,3988366108.230108,4088492320.534728,3975386701.393895,4049554363.733333,0
2013-03-07,3997637287.503882,4036575247.104702,3929032260.834388,3993928772.266667,0
2013-03-08,3943865806.629385,4086638501.414416,3903073457.429512,3986512281.600000,0
2013-03-11,4069950006.068038,4073658256.847820,3951281761.799684,3973532057.600000,0
2013-03-12,4023595312.808243,4023595312.808243,3904927060.062456,3917906466.133333,0
2013-03-13,3904926797.254028,3984657090.128423,3847447063.979196,3873405610.666667,0
2013-03-14,3838176466.449969,3838176466.449969,3760300293.024834,3810363528.533333,0
2013-03-15,3802946711.974442,4036574701.721024,3802946711.974442,3995782621.866667,0
2013-03-18,4184910521.440804,4218286103.260148,4055117236.761100,4153389329.066667,0
2013-03-19,4116304673.862434,4320265584.407420,4090346127.592580,4205305856.000000,0
2013-03-20,4171930306.513555,4171930306.513555,4019886751.280000,4053262062.933333,0
2013-03-21,4164514042.315651,4253515230.072631,4107034042.629129,4216431138.133333,0
2013-03-22,4179347326.323900,4205305872.696821,4034720272.922523,4097762645.333333,0
2013-03-25,4023594992.789083,4199743232.375357,3986511430.462717,4123721454.933333,0
2013-03-26,4123722319.630624,4123722319.630624,3999491410.441555,4018033459.200000,0
2013-03-27,4114451149.164330,4158951746.729765,3971678464.568704,3999491140.266667,0
2013-03-28,4049554412.957875,4049554412.957875,3899364960.821689,3908635852.800000,0
2013-04-01,3919760534.907656,4173784957.544411,3910489643.722918,4132992614.400000,0
2013-04-02,4045845268.309674,4301723518.138453,4045845268.309674,4249806165.333333,0
2013-04-03,4249806658.195501,4552039656.438588,4216431081.382241,4496414310.400000,0
2013-04-04,4542769089.844875,4626207642.275792,4323974622.449343,4329537262.933333,0
2013-04-05,4587270240.825080,4631770842.661899,4374038388.137444,4387017796.266666,0
2013-04-08,4422245884.740384,4505684685.363553,4238681156.266667,4238681156.266667,0
2013-04-09,4227556165.052184,4307286456.898829,4025449379.228683,4125575577.600000,0
2013-04-10,4149680615.890538,4149680615.890538,3840030576.400653,3856718233.600000,0
2013-04-11,3953136175.078951,3967969706.692756,3825197030.836693,3890093533.866667,0
2013-04-12,3967969144.965340,4079220616.319509,3908635026.909783,3940156211.200000,0
2013-04-15,4077366718.423644,4246097928.272713,3979094382.133766,4227556147.200000,0
2013-04-16,4138555301.579332,4196035302.250297,3953136157.243340,3962407048.533333,0
2013-04-17,4132992568.492623,4405558770.471315,4132992568.492623,4342516394.666667,0
2013-04-18,4255369552.419364,4501977219.351647,4136701296.586893,4457476096.000000,0
2013-04-19,4375892517.284461,4574291099.884769,4338808682.392220,4374038391.466666,0
2013-04-22,4292453460.458042,4511248192.983232,4184910219.799752,4234973457.066667,0
2013-04-23,4125575895.549006,4144117941.836219,3940156751.213014,3962407048.533333,0
2013-04-24,4038429741.904803,4038429741.904803,3782551396.908738,3819635234.133333,0
2013-04-25,3760299763.931008,3791820948.490811,3637923012.541195,3710236535.466667,0
2013-04-26,3762154421.401567,3849301486.295567,3762154421.401567,3808509405.866667,0
2013-04-29,3810362999.174937,3819633889.290105,3647194172.836331,3665735953.066667,0
2013-04-30,3702820353.953224,3728779166.767443,3578589457.714967,3584152098.133333,0
2013-05-01,3613818599.231656,3678715357.452218,3567463884.948623,3665735953.066667,0
2013-05-02,3604548294.945067,3656465657.217939,3502567695.982261,3521109742.933333,0
2013-05-03,3406150044.792293,3433962985.874681,3339399144.418920,3409858560.000000,0
2013-05-06,3357940939.743312,3387608004.338047,3300460936.164205,3346815658.666667,0
2013-05-07,3317148322.450687,3400586868.864289,3302314791.367949,3341252744.533333,0
2013-05-08,3346815135.126022,3346815135.126022,3207750725.665171,3213313365.333333,0
2013-05-09,3207750737.279420,3230001296.032630,3120603946.129617,3159541896.533333,0
2013-05-10,3194772177.780306,3194772177.780306,3074249526.563725,3077958041.600000,0
2013-05-13,3129875371.578497,3183646861.206055,3063124475.028244,3163250688.000000,0
2013-05-14,3166958663.956609,3183646319.327004,3100207778.767828,3118749559.466667,0
2013-05-15,3102062205.320252,3155833954.724202,3001935999.667983,3026040422.400000,0
2013-05-16,3039020347.255675,3105771250.323301,2990811229.853198,3092791842.133333,0
2013-05-17,3051999531.789626,3063124549.632000,2959289819.136000,2966706585.600000,0
2013-05-20,2955581023.117825,3005644257.918050,2940747491.599775,2990810726.400000,0
2013-05-21,2961143399.617973,3024186034.808157,2957435148.922364,2992664849.066667,0
2013-05-22,2992664302.712329,3178083132.614762,2899954624.053957,3140999577.600000,0
2013-05-23,3291190124.298621,3337544847.926342,3118750109.375325,3128021265.066667,0
2013-05-24,3157687775.077312,3226292785.626478,3133583090.967519,3137291605.333333,0
2013-05-28,3011206884.967397,3074249261.789209,2974123056.334793,3048290713.600000,0
2013-05-29,3135438074.661518,3135438074.661518,2987102746.040124,3009353045.333333,0
2013-05-30,2994519559.864958,2994519559.864958,2844330103.185586,2877705420.800000,0
2013-05-31,2938893103.070705,2975976928.547014,2855454561.675810,2974122803.200000,0
2013-06-03,2955581038.968679,3059415760.151896,2879559255.457774,2950018662.400000,0
2013-06-04,2938894211.947736,2953727747.735115,2818371799.602103,2916643908.266667,0
2013-06-05,2957435395.799225,3055707475.629935,2933330973.144000,3044582195.200000,0
2013-06-06,3089082507.145896,3148416627.462813,2983393671.258188,3074248977.066667,0
2013-06-07,2992664860.308043,3068686636.925623,2911080180.211745,2920351334.400000,0
2013-06-10,2875851027.938061,2946310171.749454,2859163370.681051,2873996902.400000,0
2013-06-11,3001935456.409284,3068686336.000000,2931476062.765494,3068686336.000000,0
2013-06-12,2968561156.685212,3181793290.444879,2959290263.141042,3170668270.933333,0
2013-06-13,3198480469.055295,3205897235.513224,2962998331.796472,2979685990.400000,0
2013-06-14,2948164791.158641,3029748958.274925,2931476868.891571,3007498922.666667,0
2013-06-17,2905518361.283515,2931476912.349475,2820225414.122671,2877705420.800000,0
2013-06-18,2861017536.172728,2862871661.736681,2733078125.529717,2740495155.200000,0
2013-06-19,2727515719.570902,2836912818.571581,2707119547.464567,2825787801.600000,0
2013-06-20,2927768062.899754,3118749564.731901,2927768062.899754,3102061909.333333,0
2013-06-21,3007498892.983263,3176230130.013429,3000081862.910713,3077958041.600000,0
2013-06-24,3191063336.879681,3326419243.297369,3126166835.590819,3259668616.533333,0
2013-06-25,3194772194.056409,3196626319.730368,2998227752.520987,3027894818.133333,0
2013-06-26,2905517791.995629,3031602798.615080,2898101026.900367,2974122803.200000,0
2013-06-27,2896246640.566493,2948164259.989294,2862871329.460068,2946309870.933333,0
2013-06-28,3000081640.650469,3011206921.227832,2862871604.911190,2909226325.333333,0
2013-07-01,2842476492.925965,2938894484.485225,2829497345.688868,2927769463.466667,0
2013-07-02,2946310980.631297,2972269800.119822,2822080052.451863,2911081267.200000,0
2013-07-03,3003789885.015544,3003789885.015544,2827641646.819313,2862871347.200000,0
2013-07-05,2818371062.980787,2849892252.363632,2742349277.866667,2742349277.866667,0
2013-07-08,2727516459.562445,2940748338.782712,2708974407.969598,2911081267.200000,0
2013-07-09,2829496041.701356,2855454587.919751,2799828981.047644,2820224887.466667,0
2013-07-10,2820225472.181480,2840621646.536429,2708973971.664388,2723807505.066667,0
2013-07-11,2595868140.717283,2642222863.017567,2547659292.814724,2556930184.533333,0
2013-07-12,2527262580.787862,2551366999.595618,2495741133.739214,2508720537.600000,0
2013-07-15,2503158161.980106,2527262580.787862,2492032883.325952,2508720537.600000,0
2013-07-16,2482761725.660122,2517991419.320244,2454948795.733333,2484615850.666667,0
2013-07-17,2469783139.947305,2505012845.257749,2449386967.008918,2477199906.133333,0
2013-07-18,2508721077.626966,2566201081.063138,2488325168.549235,2542096657.066667,0
2013-07-19,2612555798.552227,2631097845.696684,2553221669.621546,2556930184.533333,0
2013-07-22,2551367539.291067,2608847542.512952,2551367539.291067,2571763712.000000,0
2013-07-23,2577325795.276671,2612555228.866816,2493886996.881868,2599575825.066667,0
2013-07-24,2555075739.717123,2755328684.215097,2555075739.717123,2742349277.866667,0
2013-07-25,2794266656.371237,2805391673.517397,2655202227.947194,2695994572.800000,0
2013-07-26,2733077301.563449,2810953452.551026,2733077301.563449,2760890231.466667,0
2013-07-29,2773870705.274613,2835058963.728857,2751620405.499683,2822079556.266667,0
2013-07-30,2807246077.175281,2807246077.175281,2697848965.621047,2710828373.333333,0
2013-07-31,2692286061.863807,2701556953.450303,2629243418.919714,2675598404.266667,0
2013-08-01,2573617567.256392,2608847268.469845,2525408460.800000,2525408460.800000,0
2013-08-02,2558784294.340025,2627389314.565810,2558784294.340025,2584742843.733333,0
2013-08-05,2601430498.176535,2610701388.886403,2581034327.649056,2592159607.466667,0
2013-08-06,2614409626.085574,2675598137.349664,2599576095.544075,2645931076.266667,0
2013-08-07,2705265181.659045,2755328412.852996,2677452246.139382,2727515477.333333,0
2013-08-08,2705265720.167449,2766453979.525034,2675598653.362890,2723807505.066667,0
2013-08-09,2747910829.017545,2777577883.925735,2712681399.094435,2760890231.466667,0
2013-08-12,2810954014.601289,2810954014.601289,2707119301.660872,2731223722.666667,0
2013-08-13,2707119326.987222,2749765793.270673,2625534908.913635,2631097548.800000,0
2013-08-14,2699701998.933333,2764598747.526789,2683014346.460122,2751619345.066667,0
2013-08-15,2827642156.074274,2948164809.218695,2827642156.074274,2938893653.333333,0
2013-08-16,2962998075.278537,2962998075.278537,2825787775.832029,2909226325.333333,0
2013-08-19,2907372183.489589,2975977200.974208,2881413371.426248,2968560435.200000,0
2013-08-20,2935185275.554490,2963925145.551974,2882804315.072122,2912007782.400000,0
2013-08-21,2962070867.684505,3004717336.865512,2900882615.898764,2972268953.600000,0
2013-08-22,2943064466.145467,2943527799.583966,2855453835.370191,2870750958.933333,0
2013-08-23,2846183961.658390,2919424425.557363,2834595083.715811,2875851025.066667,0
2013-08-26,2885121981.969771,2903664028.874609,2831814091.569430,2891148219.733333,0
2013-08-27,2989883697.111290,3121531087.221541,2964388483.245086,3109015278.933333,0
2013-08-28,3078421245.588047,3078421245.588047,2952799830.772536,3001008674.133333,0
2013-08-29,2986638769.564933,2995446063.211895,2861944284.399545,2887903095.466667,0
2013-08-30,2881412778.182530,2998226881.002679,2881412778.182530,2964387976.533333,0
2013-09-03,2827641771.538771,2933794210.922581,2780823455.957518,2891611340.800000,0
2013-09-04,2837376599.984639,2852210132.714026,2651494107.231641,2683942229.333333,0
2013-09-05,2661692520.143242,2661692520.143242,2591233355.916595,2611629533.866667,0
2013-09-06,2586597354.036445,2702947893.692972,2572690752.186566,2637587524.266667,0
2013-09-09,2623681017.636339,2632951909.136065,2514747251.392845,2532362103.466667,0
2013-09-10,2459121692.507241,2475346018.433917,2384027092.472944,2389589469.866667,0
2013-09-11,2420183177.378107,2474881853.680995,2391443311.123834,2409985092.266667,0
2013-09-12,2424354548.755615,2463292756.173121,2395614688.151718,2453094673.066667,0
2013-09-13,2434553320.187376,2490179195.821208,2418329260.290060,2418792857.600000,0
2013-09-16,2330254938.436463,2399323815.663466,2319129921.833460,2390516258.133333,0
2013-09-17,2376610348.013803,2376610348.013803,2330718954.058233,2343234764.800000,0
2013-09-18,2333036077.099069,2373828416.788289,2275092748.395140,2281582318.933333,0
2013-09-19,2260259684.644072,2325619791.895109,2248207471.896518,2301515366.400000,0
2013-09-20,2274165543.553677,2347405999.308747,2269066501.115661,2340916428.800000,0
2013-09-23,2314030816.244206,2398396556.049845,2299660882.655741,2367802299.733333,0
2013-09-24,2342307849.923082,2366875874.195625,2289926883.398159,2317276228.266667,0
2013-09-25,2317739968.688374,2358995923.776803,2281583322.010162,2316349440.000000,0
2013-09-26,2280655112.997910,2347405726.787646,2274165279.535395,2318665864.533333,0
2013-09-27,2364094593.926819,2387271826.443105,2340453500.311476,2373365486.933333,0
2013-09-30,2419720222.194465,2468856271.710147,2348797468.571848,2369657241.600000,0
2013-10-01,2382171828.728537,2382171828.728537,2286681088.839841,2301978214.400000,0
2013-10-02,2352505253.809602,2356213768.511186,2309395451.537255,2310785979.733333,0
2013-10-03,2310785639.205092,2396542161.225651,2279264455.569256,2328864085.333333,0
2013-10-04,2312640243.418857,2325156051.333163,2259795691.813209,2274629222.400000,0
2013-10-07,2340916162.438615,2346942398.709557,2269066242.929726,2307540855.466667,0
2013-10-08,2317739514.901959,2445215343.808854,2288536044.797951,2422965043.200000,0
2013-10-09,2422037029.547050,2526335327.832337,2392369972.099174,2450777156.266667,0
2013-10-10,2359921748.614547,2371047027.735022,2270457236.938834,2282045849.600000,0
2013-10-11,2304296559.436073,2329328178.261385,2241717512.372795,2266285533.866667,0
2013-10-14,2295952264.180809,2317738962.220000,2203242832.271467,2214831445.333333,0
2013-10-15,2225030060.050413,2277874622.866835,2198607778.642201,2270457856.000000,0
2013-10-16,2260723179.885789,2260723179.885789,2199534792.344085,2202315980.800000,0
2013-10-17,2263040990.392128,2271848285.290286,2155497743.661720,2159206126.933333,0
2013-10-18,2146690258.592138,2189800196.471796,2136028706.420996,2140200686.933333,0
2013-10-21,2135101509.493099,2147617318.390412,2114241871.948784,2120731443.200000,0
2013-10-22,2106361505.585075,2163841506.963588,2106361505.585075,2131856588.800000,0
2013-10-23,2233373991.817647,2375219491.433108,2233373991.817647,2344625493.333333,0
2013-10-24,2301514409.185079,2303832131.299220,2253768911.702340,2291316326.400000,0
2013-10-25,2252842666.265644,2283436660.218660,2248670554.225557,2260723029.333333,0
2013-10-28,2254696525.608041,2272774972.428282,2205096893.945408,2213440853.333333,0
2013-10-29,2178674836.905267,2179601899.589091,2109142630.400000,2109142630.400000,0
2013-10-30,2104043782.779446,2169867612.793803,2090600911.131023,2143908932.266667,0
2013-10-31,2140200142.791918,2140200142.791918,2067423158.048697,2107751765.333333,0
2013-11-01,2094772894.917408,2149935177.011503,2081793619.741730,2128148343.466667,0
2013-11-04,2112387748.326309,2148544517.224546,2112387748.326309,2133710984.533333,0
2013-11-05,2178675171.623157,2204170256.393644,2128148335.714874,2150398634.666667,0
2013-11-06,2105897708.317501,2167086086.818518,2105897708.317501,2128611601.066667,0
2013-11-07,2124903329.097750,2257478046.206431,2124903329.097750,2248207155.200000,0
2013-11-08,2254696812.598409,2271384469.791162,2171721728.383336,2174503048.533333,0
2013-11-11,2178675027.709315,2207878493.709379,2168476941.733312,2178211430.400000,0
2013-11-12,2175430049.395683,2180529092.241044,2134637838.486412,2137882624.000000,0
2013-11-13,2181919698.745035,2181919698.745035,2078548448.045746,2081793365.333333,0
2013-11-14,2098944679.338940,2118413656.210395,2085965273.522229,2107288507.733333,0
2013-11-15,2123976377.560869,2133247269.052644,2058152546.925523,2067887035.733333,0
2013-11-18,2060006460.556247,2135101170.151348,2055370883.730342,2119340578.133333,0
2013-11-19,2115169047.079043,2202315984.823566,2109142940.966451,2193972155.733333,0
2013-11-20,2188872566.094750,2237545132.037328,2169867189.680418,2222711603.200000,0
2013-11-21,2221321229.569881,2221321229.569881,2104507115.933461,2104970581.333333,0
2013-11-22,2131856458.985774,2137882564.402225,2096163291.916882,2102189397.333333,0
2013-11-25,2107751970.447462,2149007776.194070,2097553885.364588,2109142630.400000,0
2013-11-26,2090600866.041622,2102653077.348737,2044246014.458980,2054444100.266667,0
2013-11-27,2074840418.832652,2090601014.108478,2031266884.266667,2031266884.266667,0
2013-11-29,2024777179.140099,2035438731.141928,2005308200.765619,2029412625.066667,0
2013-12-02,2033120801.524281,2048881395.184814,2008552782.386317,2038219844.266667,0
2013-12-03,2050735447.219686,2053516766.955987,2002526476.489386,2019214131.200000,0
2013-12-04,2024777175.671869,2085965430.987890,2004381002.664115,2043319091.200000,0
2013-12-05,2038220054.650187,2048881606.668812,2007625926.891577,2030339822.933333,0
2013-12-06,1970077766.924401,1974713211.137215,1949681733.275879,1962197538.133333,0
2013-12-09,1946900888.235670,1954317653.524187,1925114189.645754,1947827950.933333,0
2013-12-10,1957562571.969141,1983521252.243638,1937629997.419523,1962661614.933333,0
2013-12-11,1967297177.400873,2025240778.968825,1945510476.036273,2021995861.333333,0
2013-12-12,2022922841.612975,2078548450.612332,2014115416.162887,2070668219.733333,0
2013-12-13,2059079807.788246,2094772980.801787,2045173469.212788,2081330107.733333,0
2013-12-16,1985375839.878736,2000672971.315935,1962661941.415071,1997428053.333333,0
2013-12-17,1993255670.406226,1993255670.406226,1920942145.340172,1940874717.866667,0
2013-12-18,1932067508.978083,2020605102.098911,1892202359.466667,1892202359.466667,0
2013-12-19,1900545909.102074,1951072734.541812,1900545909.102074,1925577523.200000,0
2013-12-20,1907499215.408874,1923723404.906965,1864852751.838989,1877368558.933333,0
2013-12-23,1854191208.950903,1862535036.427783,1825914809.496102,1829159594.666667,0
2013-12-24,1823597296.230892,1823597296.230892,1804128187.412560,1812008550.400000,0
2013-12-26,1795321033.606748,1809690968.801198,1784659349.691464,1794393838.933333,0
2013-12-27,1796711428.038367,1802274068.249895,1780023771.111007,1792539579.733333,0
2013-12-30,1803664591.059791,1803664591.059791,1775388190.412407,1779560038.400000,0
2013-12-31,1766117385.612288,1769362303.173039,1735986855.892868,1739231641.600000,0
2014-01-02,1780487427.977733,1832404789.705318,1780487427.977733,1814326340.266667,0
2014-01-03,1816180662.161762,1850483172.986176,1812008681.715433,1824060893.866667,0
2014-01-06,1830550318.435478,1865780018.561749,1830550318.435478,1856508996.266667,0
2014-01-07,1831940914.791924,1844920319.183847,1810154217.527706,1818961510.400000,0
2014-01-08,1774924675.672325,1787440483.924242,1730887680.000000,1730887680.000000,0
2014-01-09,1727179087.746846,1789294392.329809,1725324830.671598,1770289015.466667,0
2014-01-10,1748502729.712495,1774461280.035965,1748502729.712495,1748966195.200000,0
2014-01-13,1750356968.890155,1823597574.174709,1742013139.184066,1810154700.800000,0
2014-01-14,1810154535.582702,1810154535.582702,1680824593.601235,1686387234.133333,0
2014-01-15,1666454672.055944,1666454672.055944,1631224966.678885,1645595033.600000,0
2014-01-16,1650230334.334364,1678043139.210948,1649766737.042537,1669699310.933333,0
2014-01-17,1691485795.691187,1709564108.565522,1664136461.854455,1700756684.800000,0
2014-01-21,1686850774.666790,1707710413.883091,1665064072.605096,1666454732.800000,0
2014-01-22,1668772473.952974,1672944454.582967,1608511278.690301,1612683127.466667,0
2014-01-23,1639105324.137511,1687314304.259203,1637251198.521180,1664136942.933333,0
2014-01-24,1688241200.316598,1781414365.601701,1687314137.600000,1780023705.600000,0
2014-01-27,1768898618.132144,1848165317.973541,1754528684.044205,1813862809.600000,0
2014-01-28,1833795393.237517,1843530014.333009,1782805224.051881,1794393838.933333,0
2014-01-29,1820352036.411755,1823596953.197889,1765653498.650276,1813398869.333333,0
2014-01-30,1770288946.236009,1783268217.840800,1728569679.990742,1744793736.533333,0
2014-01-31,1810617833.234440,1812935555.956781,1747575326.884490,1771679880.533333,0
2014-02-03,1788831236.980981,1895910744.917408,1782805131.185801,1887566916.266667,0
2014-02-04,1872733520.978691,1909353755.730937,1868098074.929774,1878296029.866667,0
2014-02-05,1913525534.119367,1934385170.989258,1850946623.509696,1869488537.600000,0
2014-02-06,1856509293.325331,1856509293.325331,1771680078.427197,1783268693.333333,0
2014-02-07,1767044178.258175,1776778797.598564,1690558806.416024,1694730786.133333,0
2014-02-10,1698439242.028695,1701220561.960484,1663673138.442150,1667381521.066667,0
2014-02-11,1651620942.546951,1653938665.226161,1592286820.027627,1603411968.000000,0
2014-02-12,1585797195.297237,1585797195.297237,1554276007.087543,1561229175.466667,0
2014-02-13,1588578604.513184,1588578604.513184,1505139920.014543,1506067114.666667,0
2014-02-14,1505603178.073632,1524608686.355248,1471764140.943999,1478717440.000000,0
2014-02-18,1469910153.551396,1498650151.351858,1462493388.432154,1467592430.933333,0
2014-02-19,1480108582.799700,1482426305.956823,1449050855.157722,1468983432.533333,0
2014-02-20,1465738386.757759,1474545813.098633,1431435876.059125,1440243302.400000,0
2014-02-21,1428654618.021819,1468519771.032186,1418456531.092911,1456467558.400000,0
2014-02-24,1448123325.127036,1448123325.127036,1412893756.700415,1440706560.000000,0
2014-02-25,1446732796.890316,1482889427.990735,1436998309.143772,1460175667.200000,0
2014-02-26,1459712423.907895,1459712423.907895,1400841885.887311,1431899613.866667,0
2014-02-27,1440706427.958156,1460175533.522470,1428190753.325256,1430508475.733333,0
2014-02-28,1427727357.982856,1466665442.763738,1418456335.186033,1433753463.466667,0
2014-03-03,1479181455.493187,1495405650.186375,1451832241.880051,1462957260.800000,0
2014-03-04,1438389135.001002,1438852732.362466,1379055001.707704,1383226982.400000,0
2014-03-05,1390179947.962249,1390643545.255771,1367002588.504722,1377200674.133333,0
2014-03-06,1373955692.996639,1377664207.465421,1342898103.966427,1347069952.000000,0
2014-03-07,1330382428.465670,1364221340.785963,1328528171.046872,1351705531.733333,0
2014-03-10,1351705598.988512,1377200815.680409,1341507644.165377,1359585962.666667,0
2014-03-11,1348460737.341928,1393888395.638310,1337335588.461981,1381372586.666667,0
2014-03-12,1394815247.985462,1409648776.185293,1345679086.933333,1345679086.933333,0
2014-03-13,1339189905.497939,1434680672.079126,1326210498.633268,1413357568.000000,0
2014-03-14,1433290072.489329,1436998587.624758,1395279176.814274,1434217267.200000,0
2014-03-17,1403622469.416963,1404086066.594995,1368856504.818307,1380445115.733333,0
2014-03-18,1367929595.178749,1384617382.964737,1322038343.584286,1322965538.133333,0
2014-03-19,1327600776.019335,1349851068.354854,1301178504.425811,1326210116.266667,0
2014-03-20,1345215847.552007,1345215847.552007,1248334300.777815,1250652023.466667,0
2014-03-21,1242308322.183877,1295616345.027947,1236282216.207225,1285881856.000000,0
2014-03-24,1274292971.117495,1331772968.096426,1265485545.845549,1300715246.933333,0
2014-03-25,1263167625.151856,1293298278.892796,1249261159.436531,1273365708.800000,0
2014-03-26,1245553095.884748,1315548907.710754,1227011180.807266,1314621713.066667,0
2014-03-27,1313694711.027276,1353559863.250808,1303496756.153276,1343825373.866667,0
2014-03-28,1324819594.629938,1339189659.003235,1281246199.820426,1315085107.200000,0
2014-03-31,1285881724.785866,1285881724.785866,1242308195.416080,1250652023.466667,0
2014-04-01,1243699440.124788,1243699440.124788,1193172718.933333,1193172718.933333,0
2014-04-02,1189927187.138173,1216349461.937869,1185291741.969188,1198271146.666667,0
2014-04-03,1190391057.093343,1208932973.870498,1159796927.374445,1191781717.333333,0
2014-04-04,1164432273.076475,1297934062.346389,1164432273.076475,1292371421.866667,0
2014-04-07,1301178704.320984,1351241935.693720,1270120983.349676,1328528042.666667,0
2014-04-08,1321574887.104957,1323892609.786047,1272902315.241250,1275683635.200000,0
2014-04-09,1261313639.312511,1275683571.964394,1233037107.556226,1234427767.466667,0
2014-04-10,1230256090.539961,1353559792.058608,1230256090.539961,1349851409.066667,0
2014-04-11,1394351986.091339,1422628389.540345,1336408519.108474,1412893900.800000,0
2014-04-14,1360976211.906043,1418919664.936693,1355877170.107258,1378127462.400000,0
2014-04-15,1378591407.257390,1425409725.948416,1337799194.433627,1351705531.733333,0
2014-04-16,1335945139.206997,1417066111.667505,1335945139.206997,1358659037.866667,0
2014-04-17,1340580397.455741,1341507460.157298,1261313701.620151,1282173337.600000,0
2014-04-21,1282173202.551189,1298860856.835948,1246016442.462756,1246943505.066667,0
2014-04-22,1239063561.975890,1248798051.204305,1203833856.336269,1208005836.800000,0
2014-04-23,1203370119.959375,1224229888.014209,1200588931.825191,1216349525.333333,0
2014-04-24,1186682743.466667,1242308497.066667,1186682743.466667,1186682743.466667,0
2014-04-25,1245552967.814976,1320184217.773242,1238136202.546587,1313694515.200000,0
2014-04-28,1302105966.892438,1390643557.259524,1278001412.639801,1335481412.266667,0
2014-04-29,1322038831.579877,1339653688.563366,1295153080.512649,1305814766.933333,0
2014-04-30,1325283054.606788,1325283054.606788,1284954317.313064,1286344977.066667,0
2014-05-01,1283100259.587539,1309522532.586281,1248797756.709363,1298860851.200000,0
2014-05-02,1286345253.396031,1303496639.472491,1268730533.724812,1287272448.000000,0
2014-05-05,1319257022.817697,1320184085.419904,1271975116.008502,1279391880.533333,0
2014-05-06,1283100329.267593,1299324518.987864,1257605249.337794,1295616136.533333,0
2014-05-07,1294689071.835698,1325746791.324978,1281709667.338567,1293761877.333333,0
2014-05-08,1298860925.945646,1299324523.199065,1212641066.561764,1269657463.466667,0
2014-05-09,1284491198.254487,1304423773.673840,1267803408.565922,1278465092.266667,0
2014-05-12,1263631509.109021,1269657614.853986,1204760848.024616,1208469230.933333,0
2014-05-13,1199662064.072753,1237209362.595387,1199662064.072753,1236282299.733333,0
2014-05-14,1250188622.505020,1269657599.578145,1235355091.048618,1266876279.466667,0
2014-05-15,1279855875.137561,1342434795.800555,1265949404.372352,1311840665.600000,0
2014-05-16,1313230987.685603,1317402835.543311,1265949078.371856,1271511586.133333,0
2014-05-19,1273365994.657952,1280782760.457304,1221912231.370052,1231646720.000000,0
2014-05-20,1228401795.677459,1267339881.832882,1218203709.797037,1248334370.133333,0
2014-05-21,1231182711.923984,1246943301.025883,1218203310.178723,1228864989.866667,0
2014-05-22,1232110048.620491,1232110048.620491,1198734606.229957,1212177476.266667,0
2014-05-23,1220058128.507771,1220058128.507771,1176484590.954799,1177875251.200000,0
2014-05-27,1153306898.446575,1165359107.991058,1131983667.200000,1131983667.200000,0
2014-05-28,1127811818.673298,1143108813.282694,1121785582.051931,1129202346.666667,0
2014-05-29,1125494235.977410,1130129681.473853,1109733510.323726,1123639978.666667,0
2014-05-30,1128739093.137462,1131520413.353407,1109733580.800000,1109733580.800000,0
2014-06-02,1097217636.886327,1125494101.559427,1089800872.236359,1099998890.666667,0
2014-06-03,1115296021.515406,1115296021.515406,1065232794.007721,1066623453.866667,0
2014-06-04,1074967419.438947,1077285142.075309,1050399335.342387,1054571315.200000,0
2014-06-05,1049935947.770550,1066160140.300300,1029076309.333333,1029076309.333333,0
2014-06-06,1024440799.965814,1031394034.770566,1017024033.754562,1021659545.600000,0
2014-06-09,1015169841.780922,1020732350.149006,998018521.593238,1016096904.533333,0
2014-06-10,1029076246.588235,1029539777.965357,1005435289.306534,1008680140.800000,0
2014-06-11,1004044841.062843,1007753224.472259,980867411.790584,984575795.200000,0
2014-06-12,990138094.057568,1013779048.178283,983648391.938361,1000799709.866667,0
2014-06-13,980403609.597004,996164201.771156,961861697.670474,972059716.266667,0
2014-06-16,974841177.716160,975304709.100000,948418965.861978,955372134.400000,0
2014-06-17,961398106.710557,961398106.710557,929413324.909950,932658176.000000,0
2014-06-18,931731250.602396,966960957.101846,931731250.602396,934976102.400000,0
2014-06-19,940538677.227259,959544190.665501,934976102.400000,934976102.400000,0
2014-06-20,936366831.746032,945637790.476191,933585577.090393,934512640.000000,0
2014-06-23,938684416.005593,946564713.278105,932658310.204660,944710587.733333,0
2014-06-24,947955298.196248,971132722.716567,923387279.627615,965106551.466667,0
2014-06-25,972523388.751346,985039197.600206,950736688.520287,953981474.133333,0
2014-06-26,958616982.793362,986893386.016880,953981471.189758,966497280.000000,0
2014-06-27,965570288.914511,977158969.893596,960007714.133333,960007714.133333,0
2014-06-30,956762872.452590,957226403.874206,928022869.483340,930804189.866667,0
2014-07-01,919678984.515592,926632219.126193,879350302.886281,891866112.000000,0
2014-07-02,896038026.647448,901137069.758442,882131623.349148,887230600.533333,0
2014-07-03,875178396.230187,876569056.349967,864053247.125566,870542950.400000,0
2014-07-07,856172878.454925,890011854.352242,856172878.454925,885839940.266667,0
2014-07-08,896501416.188307,924314216.338812,891865905.545361,898355541.333333,0
2014-07-09,909944427.718598,913652810.443965,879813768.629889,884449280.000000,0
2014-07-10,930804202.444277,930804202.444277,883985880.058016,894647432.533333,0
2014-07-11,894647436.916649,904381992.510713,886303607.466667,886303607.466667,0
2014-07-14,880740966.400000,888621263.828192,861735519.922544,880740966.400000,0
2014-07-15,877032514.384868,911335087.551483,873324131.660196,887694131.200000,0
2014-07-16,864516849.106452,871933615.781739,856173019.560161,857563613.866667,0
2014-07-17,890011845.397590,928486332.279291,883058611.373721,923387289.600000,0
2014-07-18,914116411.181072,919678985.691301,885376475.841623,888157730.133333,0
2014-07-21,895574498.465684,895574498.465684,875641923.270719,880740966.400000,0
2014-07-22,869152153.452784,876105321.103453,859417666.000407,862662451.200000,0
2014-07-23,875641845.995408,923850820.954444,875178314.640964,923387289.600000,0
2014-07-24,922460290.074375,948882502.062686,922460290.074375,944710587.733333,0
2014-07-25,963252550.490929,1010997933.820284,963252550.490929,1001726976.000000,0
2014-07-28,989674831.276149,1042982792.932377,989674831.276149,1004508364.800000,0
2014-07-29,991528952.268205,1011925059.409209,980403802.918567,1010997930.666667,0
2014-07-30,986429712.793179,1000336179.677534,971596183.277492,979940010.666667,0
2014-07-31,1017024027.697795,1054107858.533208,1005898878.447171,1040201454.933333,0
2014-08-01,1038810798.480459,1058743374.106907,1012852116.803583,1029076309.333333,0
2014-08-04,1019805149.715643,1046227357.567485,1008216471.314210,1016560298.666667,0
2014-08-05,1040664847.263443,1059206760.203223,1015633297.758141,1049935803.733333,0
2014-08-06,1064305877.077045,1067550728.549835,1018414622.864234,1037420134.400000,0
2014-08-07,1027222232.695721,1087019900.337549,1017951273.916879,1078676070.400000,0
2014-08-08,1071259110.388132,1072649704.509327,1039737856.218665,1041128516.266667,0
2014-08-11,1023050071.284881,1026758453.903107,994773604.375804,1010534263.466667,0
2014-08-12,1019341893.740936,1038347342.001219,1005435423.161440,1014242850.133333,0
2014-08-13,1004971624.966416,1006825816.156391,984575521.876692,986429713.066667,0
2014-08-14,980867209.215408,985502720.483230,974841103.901362,980403677.866667,0
2014-08-15,952591020.269735,981330959.196768,940075209.577676,948882636.800000,0
2014-08-18,941929130.821646,957226191.759786,936366557.214432,936830088.533333,0
2014-08-19,931731049.254211,931731049.254211,913189137.170279,916433988.266667,0
2014-08-20,927095608.298755,927095608.298755,890938846.611704,893720166.400000,0
2014-08-21,896501556.820844,899746342.260437,881668025.919377,884449280.000000,0
2014-08-22,886303610.437346,891402653.966545,871006545.776564,881668164.266667,0
2014-08-25,867761488.641979,895574356.867684,867761488.641979,890938845.866667,0
2014-08-26,890011920.339859,893256771.947800,880740962.836318,890475451.733333,0
2014-08-27,885376408.907559,902527662.535771,883985748.903433,885839940.266667,0
2014-08-28,902064206.391864,903454866.613581,876105523.244950,877496183.466667,0
2014-08-29,863589512.502478,867297894.664671,848755983.853704,856636279.466667,0
2014-09-02,854782357.250813,879350380.321329,852001102.717743,867298167.466667,0
2014-09-03,855245959.492017,866834707.798565,849683384.038529,859881472.000000,0
2014-09-04,853391565.747050,860808331.263432,836240311.972117,854318694.400000,0
2014-09-05,850146719.103116,855709359.198295,832531933.866667,832531933.866667,0
2014-09-08,831141345.314377,836240388.555565,813526558.563197,826042368.000000,0
2014-09-09,834849651.217692,851537373.614793,824188034.315621,850146713.600000,0
2014-09-10,853391428.710724,866370766.280190,842729813.511249,847828855.466667,0
2014-09-11,856636489.214411,869615829.960084,841802956.933642,843193617.066667,0
2014-09-12,849219646.865319,880277368.772771,849219646.865319,874714794.666667,0
2014-09-15,874714655.140185,908553625.739605,870542741.707773,906699434.666667,0
2014-09-16,913189220.560203,914579880.575189,856636416.503362,859417736.533333,0
2014-09-17,854318836.974960,855245899.855820,825578832.839234,839485303.466667,0
2014-09-18,821870253.804540,836703783.781506,802864810.003253,803328341.333333,0
2014-09-19,795448172.007910,836240385.957034,794521043.272934,832068471.466667,0
2014-09-22,845974932.548970,867761701.142697,834849782.534320,863126254.933333,0
2014-09-23,873787735.962737,880740970.633653,848292652.047397,869152290.133333,0
2014-09-24,863126193.516460,864053256.321640,835776851.861486,836703914.666667,0
2014-09-25,841803075.165751,890939124.783602,841339543.698576,882131763.200000,0
2014-09-26,864516783.423576,871470018.135080,843657145.215875,849683251.200000,0
2014-09-29,887694284.202304,887694284.202304,839485300.472308,846902067.200000,0
2014-09-30,844120671.688762,877032587.599406,844120671.688762,869152290.133333,0
2014-10-01,876568972.435358,938684349.359735,876568972.435358,931267584.000000,0
2014-10-02,928486460.834997,998945741.684573,928486460.834997,947491908.266667,0
2014-10-03,920142502.699902,946101183.341801,911335142.641506,931731182.933333,0
2014-10-06,930804114.007985,974841177.716160,920606028.002661,955372134.400000,0
2014-10-07,978549546.458172,1010070800.858172,959080503.424181,1008680140.800000,0
2014-10-08,1005435456.014831,1037420313.022074,935903298.625782,941002342.400000,0
2014-10-09,947955351.616518,1018878223.222516,943783437.382872,1017023965.866667,0
2014-10-10,1100926187.832461,1254824077.890756,1100462656.452541,1227011140.266667,0
2014-10-13,1227010863.230559,1309058865.657743,1179265493.708675,1304886886.400000,0
2014-10-14,1240453944.705533,1265485560.843130,1161650845.453876,1236745693.866667,0
2014-10-15,1302105924.697135,1328064603.591444,1190854443.721526,1216349525.333333,0
2014-10-16,1285418378.962541,1285418378.962541,1132911194.114964,1158406280.533333,0
2014-10-17,1103707268.567052,1140327626.287960,1074967338.627039,1131983667.200000,0
2014-10-20,1140327921.947849,1154234260.326177,1077748871.830860,1079603063.466667,0
2014-10-21,1042055524.399036,1050399352.396125,961398168.817560,965106551.466667,0
2014-10-22,949345950.689345,1005898752.679118,935903080.173980,1005435221.333333,0
2014-10-23,964179560.894744,972523389.516006,943319923.414781,959544115.200000,0
2014-10-24,957226335.154009,960471186.726002,923387357.122681,929877060.266667,0
2014-10-27,933121848.336076,953054423.281347,913189273.390805,917824785.066667,0
2014-10-28,906699648.703594,911798691.839560,876569053.137375,877032584.533333,0
2014-10-29,876568847.632628,901600394.194430,866370763.751558,872396868.266667,0
2014-10-30,885376403.493085,936366632.706786,881204423.506220,902064059.733333,0
2014-10-31,826505766.549297,827432829.211323,788494812.943416,797302237.866667,0
2014-11-03,788031285.170000,797302241.466118,771807095.170094,780150988.800000,0
2014-11-04,791739596.493557,807500253.743126,776442536.462207,788494745.600000,0
2014-11-05,775052016.695668,793593930.970683,762999805.380310,766244590.933333,0
2014-11-06,774124882.388144,800083559.973644,773197753.796690,784322901.333333,0
2014-11-07,788494810.743212,826505764.243027,781078045.760497,807036723.200000,0
2014-11-10,807500255.498549,811208637.691592,785249962.340290,788958344.533333,0
2014-11-11,785713829.069118,803328619.042770,784786700.161651,795448320.000000,0
2014-11-12,808891055.975595,810745247.545698,794521054.825596,796838843.733333,0
2014-11-13,788031350.478589,804255541.823084,772270690.505614,796375244.800000,0
2014-11-14,806573198.072167,813062834.518543,771807095.466667,771807095.466667,0
2014-11-17,782468710.077226,804719005.150512,780150987.488792,784322901.333333,0
2014-11-18,781541726.959239,781541726.959239,732869152.087347,740285917.866667,0
2014-11-19,741213245.207552,764390611.516368,736577732.389695,754192588.800000,0
2014-11-20,778296806.920828,778296806.920828,730087833.600000,730087833.600000,0
2014-11-21,704592690.799792,727306517.639927,702738499.508214,709691733.333333,0
2014-11-24,709691807.677296,709691807.677296,687905041.237270,689295701.333333,0
2014-11-25,687441304.429271,693003877.224531,681415200.382770,686514176.000000,0
2014-11-26,683733068.546995,683733068.546995,643404390.689240,644795050.666667,0
2014-11-28,638768742.400000,651748144.836350,632742638.359401,638768742.400000,0
2014-12-01,648503428.801998,669363064.610801,637841812.260708,663800490.666667,0
2014-12-02,660555573.004015,675389102.031063,648966894.933333,648966894.933333,0
2014-12-03,645722121.014234,645722121.014234,607247699.955272,608174762.666667,0
2014-12-04,604930048.751176,617909391.146978,596122687.284854,605857177.600000,0
2014-12-05,604466595.062461,605857255.551213,589169527.466667,589169527.466667,0
2014-12-08,598903804.700101,625326014.896345,585460933.924601,613737335.466667,0
2014-12-09,635060431.895492,644794984.816529,609565353.189320,612346606.933333,0
2014-12-10,623935347.746436,651284686.265195,611883137.100287,647112772.266667,0
2014-12-11,637378286.249143,643404391.590698,615591521.637209,637841817.600000,0
2014-12-12,659165178.687124,672608051.956466,642477387.552113,670753860.266667,0
2014-12-15,663336955.488277,696248867.616006,640623128.495958,688832102.400000,0
2014-12-16,692076884.512109,705519754.921782,659165038.464537,702274969.600000,0
2014-12-17,697639541.410383,716644987.967602,651748350.834682,655456733.866667,0
2014-12-18,622544827.479853,640159614.187281,619763507.200000,619763507.200000,0
2014-12-19,610492414.591013,633669836.737126,610028883.289058,623471752.533333,0
2014-12-22,612346821.008294,617445864.902860,594268434.608262,594732032.000000,0
2014-12-23,585460870.416064,601221462.182491,581752488.126694,598903739.733333,0
2014-12-24,601221807.023723,601221807.023723,590560185.344925,596586359.466667,0
2014-12-26,595195357.866667,598440208.853869,589169253.123859,595195357.866667,0
2014-12-29,596586154.137419,607711303.557572,596122622.726616,599831005.866667,0
2014-12-30,610029021.126642,611883212.680218,603075786.319028,610492552.533333,0
2014-12-31,609101689.210653,623008154.187154,595195290.160942,620690432.000000,0
2015-01-02,603539381.594140,640159615.207272,603539381.594140,622081297.066667,0
2015-01-05,625789602.483723,658237917.569523,625789602.483723,656847257.600000,0
2015-01-06,660092163.791911,708764673.432506,656383780.849260,701811438.933333,0
2015-01-07,695321809.264305,702738575.229791,670290257.094195,680488277.333333,0
2015-01-08,655920276.058549,658701530.414904,616055124.845243,619299976.533333,0
2015-01-09,612810273.765724,642013807.133913,610029019.406607,617445785.600000,0
2015-01-12,632279437.198570,664727762.449162,629498182.315067,654993271.466667,0
2015-01-13,642013790.380529,684196663.486393,616518640.774334,673998643.200000,0
2015-01-14,697639531.180483,705983425.843501,665191213.089832,685587319.466667,0
2015-01-15,670290249.847606,702738567.632400,658237972.320586,701811438.933333,0
2015-01-16,709227998.424009,717571890.580197,675852561.652837,677243221.333333,0
2015-01-20,665654822.779557,683269611.031764,648967097.417395,655920332.800000,0
2015-01-21,667508951.721625,668436014.524500,625789675.202429,635524164.266667,0
2015-01-22,646649174.679446,672144253.335336,621154030.096761,623471752.533333,0
2015-01-23,631352047.767681,636914687.092988,620226900.970657,629034325.333333,0
2015-01-26,630888518.152209,644794984.649051,620226902.628203,624398882.133333,0
2015-01-27,645258712.482254,668899673.171282,640159668.818578,658238054.400000,0
2015-01-28,635060426.050200,668435866.231936,614664389.643712,667972334.933333,0
2015-01-29,672144386.432421,702275047.781479,657774451.738721,666118280.533333,0
2015-01-30,683732923.148364,707837405.281697,662873291.630061,702738363.733333,0
2015-02-02,701347841.351426,744921369.778352,693004013.481386,700420778.666667,0
2015-02-03,690222699.795324,692540488.381719,660555638.786775,661019170.133333,0
2015-02-04,667508944.861190,667508944.861190,640159603.555314,654529604.266667,0
2015-02-05,649430567.797462,655456739.723390,634597035.536982,635524164.266667,0
2015-02-06,629498053.201403,650357691.293125,616518646.651130,646185710.933333,0
2015-02-09,650357620.408976,670753724.879967,649430491.787803,665191150.933333,0
2015-02-10,648503516.371599,648503516.371599,597976746.777814,599367406.933333,0
2015-02-11,600294608.281078,605857183.649103,585461073.966344,591487180.800000,0
2015-02-12,584070213.410412,584533744.717134,563674110.719890,564601173.333333,0
2015-02-13,559502269.331982,565991906.244225,546059365.250730,550694843.733333,0
2015-02-17,551621941.064271,557184482.296474,544205175.470129,546522931.200000,0
2015-02-18,553476062.879787,557648042.695565,546059330.739761,551158340.266667,0
2015-02-19,553012568.131471,554403228.162074,541423888.372326,546522931.200000,0
2015-02-20,549304223.379167,555793926.686920,533080064.000000,533080064.000000,0
2015-02-23,540496792.673059,551621941.064271,540496792.673059,546522931.200000,0
2015-02-24,548840731.276212,556257497.915080,523809143.870034,524272708.266667,0
2015-02-25,529835245.309529,536788447.053913,523809106.365217,533080064.000000,0
2015-02-26,527981022.613144,530298745.403310,517782936.853523,522881979.733333,0
2015-02-27,522881978.771831,530762275.799989,517782935.901397,526590361.600000,0
2015-03-02,513611033.993846,513611033.993846,481626247.817086,482089779.200000,0
2015-03-03,491360729.585741,510366175.286130,488115878.097341,509439112.533333,0
2015-03-04,511293372.833197,527517533.570262,507121425.066667,507121425.066667,0
2015-03-05,503412973.896335,516392313.923128,501095218.124134,509439112.533333,0
2015-03-06,514074553.073228,529835213.056349,511756830.287324,526590361.600000,0
2015-03-09,520564188.817484,528444484.828847,516855806.467808,519637060.266667,0
2015-03-10,528444481.729730,549304115.842625,527053821.875058,548840584.533333,0
2015-03-11,544205175.934936,545595803.003323,527517453.333864,544668740.266667,0
2015-03-12,563674184.670968,563674184.670968,545132270.701528,546059366.400000,0
2015-03-13,542350917.333333,552085437.459477,530762206.036819,534007057.066667,0
2015-03-16,528444592.872727,528908124.279509,509902677.333333,509902677.333333,0
2015-03-17,514074554.496234,529835214.522983,514074554.496234,521027788.800000,0
2015-03-18,524272608.359296,541423861.461566,501558748.374499,508975513.600000,0
2015-03-19,513611062.453413,513611062.453413,502022381.677593,505730764.800000,0
2015-03-20,494605622.709726,496459814.298210,479772090.001857,483016908.800000,0
2015-03-23,485798125.015730,496923272.916854,482553273.729535,495069081.600000,0
2015-03-24,496923303.882938,509439112.533333,495069112.450539,509439112.533333,0
2015-03-25,513147418.013778,581752490.666667,509439035.708217,581752490.666667,0
2015-03-26,621154172.358734,641550279.510812,592414236.153303,604929979.733333,0
2015-03-27,597976690.794987,607711245.045460,545132269.100671,552549034.666667,0
2015-03-30,538642535.353112,551158309.279790,526590292.737638,531225770.666667,0
2015-03-31,539569628.307450,551621870.864145,534007054.819744,547449924.266667,0
2015-04-01,553012565.603866,572945139.528718,551621938.543022,559038737.066667,0
2015-04-02,556257449.137414,564601277.911070,546522960.259211,563210683.733333,0
2015-04-06,584533711.120080,588242093.214302,552085400.759032,556257314.133333,0
2015-04-07,556257450.507972,558575173.403386,540496822.743580,554866790.400000,0
2015-04-08,561356462.145193,561819993.512925,539569696.740136,545132270.933333,0
2015-04-09,553476068.836245,554866728.789804,521954849.770855,523809041.066667,0
2015-04-10,522418554.916075,525199809.646194,515001787.733333,515001787.733333,0
2015-04-13,518246500.236620,528908084.385904,509439107.501420,526590361.600000,0
2015-04-14,526590357.632365,548377123.065405,526590357.632365,542350984.533333,0
2015-04-15,535397754.841413,535397754.841413,510829703.612470,515465181.866667,0
2015-04-16,529371684.118493,530298779.887527,518710099.256303,521491353.600000,0
2015-04-17,535397849.967223,552085574.647291,535397849.967223,544205243.733333,0
2015-04-20,538179005.839978,538179005.839978,523809039.813520,530298709.333333,0
2015-04-21,508975545.745033,525199704.218774,507121354.321554,518710067.200000,0
2015-04-22,511756802.860335,520564228.086915,496923272.342644,497850368.000000,0
2015-04-23,523809076.639665,532616469.411197,515465215.241865,520564258.133333,0
2015-04-24,522418443.019040,555793888.192677,522418443.019040,546522931.200000,0
2015-04-27,544668706.338762,546986428.962836,524272602.207944,540496759.466667,0
2015-04-28,544205211.066208,562283561.902719,536324880.625285,539569732.266667,0
2015-04-29,550231380.508073,565528444.913371,543278145.441370,549304251.733333,0
2015-04-30,557184476.776016,573408667.834156,545595797.131689,564137710.933333,0
2015-05-01,547449965.338923,548840625.296883,511293267.919590,515465181.866667,0
2015-05-04,509439041.768456,522418379.992322,508048381.905628,519637060.266667,0
2015-05-05,529371708.005826,553939763.475541,525663324.762353,551622007.466667,0
2015-05-06,551621903.557605,565991869.437489,539569660.286598,553476061.866667,0
2015-05-07,549304116.837932,549304116.837932,533543524.879080,536324778.666667,0
2015-05-08,522882014.779323,526126866.459124,512683961.299584,520100727.466667,0
2015-05-11,523345442.616343,526126762.341998,513610955.430142,519637060.266667,0
2015-05-12,528444517.686411,540033196.768009,523809039.461092,532152900.266667,0
2015-05-13,523809108.899017,527517491.970869,511756863.915500,523345544.533333,0
2015-05-14,511293304.764055,518246506.164706,498777496.094118,504340070.400000,0
2015-05-15,501558818.560170,508512020.450374,495069148.079724,502022382.933333,0
2015-05-18,501095154.068585,504340005.142192,486261624.505580,487188753.066667,0
2015-05-19,483944034.928814,497850472.714124,476063736.665508,492287897.600000,0
2015-05-20,490781234.580847,494721382.617601,478613092.538735,489970005.333333,0
2015-05-21,492403697.034570,497386807.386923,479192559.096497,481857979.733333,0
2015-05-22,480815019.412833,480815019.412833,473514152.891825,477686067.200000,0
2015-05-26,483712236.940662,495416817.175454,480930949.569125,488579481.600000,0
2015-05-27,484987039.124373,485914134.993932,426811765.068688,430983680.000000,0
2015-05-28,431563162.081453,438864030.002877,424725825.632782,429940736.000000,0
2015-05-29,426000502.703010,431215412.042856,419858464.673490,426116369.066667,0
2015-06-01,421828556.420815,431215413.032115,415338886.322033,424725742.933333,0
2015-06-02,429361183.659817,440602197.771850,429361183.659817,439095671.466667,0
2015-06-03,432606049.566735,448134911.596517,430288326.676955,448019012.266667,0
2015-06-04,452190922.466089,463431936.892115,448250774.099134,460071219.200000,0
2015-06-05,462157159.168102,471891679.851051,456131054.001409,458796441.600000,0
2015-06-08,458912369.013366,488811196.935508,457985273.318390,484523383.466667,0
2015-06-09,484755114.674990,500747538.998545,482321492.769175,486377540.266667,0
2015-06-10,476411379.384753,479656231.422013,462504941.289515,467256320.000000,0
2015-06-11,461577760.483033,469689856.120093,461114229.113522,468067430.400000,0
2015-06-12,477570149.571595,482669159.063506,472239341.449241,480583202.133333,0
2015-06-15,490201822.929558,503412927.425000,482785057.884623,483364488.533333,0
2015-06-16,485682280.845959,489970094.632636,475831892.477094,478960844.800000,0
2015-06-17,475600025.193848,483712119.634398,472702839.189824,478033646.933333,0
2015-06-18,470964603.077533,470964603.077533,451495593.895194,457521732.266667,0
2015-06-19,452770285.890610,468299144.338064,452770285.890610,460998246.400000,0
2015-06-22,454392815.453338,459491825.581187,449293772.362084,452190958.933333,0
2015-06-23,450452597.478167,464359032.564540,448946071.130901,460071219.200000,0
2015-06-24,462389072.123363,474557184.781299,459144220.105641,474441318.400000,0
2015-06-25,470848750.532450,477222554.535798,466213271.695199,474788932.266667,0
2015-06-26,489043054.857230,516276465.355067,488000059.712688,510482124.800000,0
2015-06-29,544668771.457544,554171461.723079,519868951.819920,553244398.933333,0
2015-06-30,538874417.101250,554635078.418747,534007172.468044,547102412.800000,0
2015-07-01,531225869.208044,546407066.362120,522070810.961241,542582784.000000,0
2015-07-02,541423942.519654,542582804.018784,530298793.015825,534586606.933333,0
2015-07-06,550463077.165085,565644273.291631,535281881.038538,559038737.066667,0
2015-07-07,551158421.685192,614200934.377116,551158421.685192,564253661.866667,0
2015-07-08,589400884.809470,613737164.152880,589285051.448217,607479261.866667,0
2015-07-09,576653442.923165,633669836.800000,572133831.429963,633669836.800000,0
2015-07-10,612346696.484453,619879361.446562,590444097.544322,597629064.533333,0
2015-07-13,591023689.095106,595311503.775993,579203207.401985,582448059.733333,0
2015-07-14,573408668.542860,574799328.561404,560313429.542988,563674180.266667,0
2015-07-15,562978948.676995,581289132.983976,562399517.889107,575031227.733333,0
2015-07-16,561240523.544618,586851503.349652,561240523.544618,570627379.200000,0
2015-07-17,577580645.890714,588358096.166887,572481603.131163,574799325.866667,0
2015-07-20,568541286.692485,587199095.320424,565180602.709637,585924334.933333,0
2015-07-21,587199351.488378,588474112.431588,569816295.664105,585808691.200000,0
2015-07-22,625789574.074017,648039868.869062,624978344.807490,628339029.333333,0
2015-07-23,620342856.084886,620342856.084886,578855317.514510,602496273.066667,0
2015-07-24,600526096.281588,639116476.011163,593572929.350718,636682854.400000,0
2015-07-27,648967149.629533,672260414.219462,637841998.493027,650705442.133333,0
2015-07-28,642825021.653341,656267893.585884,599715085.634188,610840234.666667,0
2015-07-29,610492570.592980,627759725.826033,605509426.524906,607363618.133333,0
2015-07-30,607826925.645317,622312753.594924,595195222.493207,600294263.466667,0
2015-07-31,598440173.344909,624978278.426978,598440173.344909,621849326.933333,0
2015-08-03,626253088.614124,638189399.031427,621385844.999023,627759581.866667,0
2015-08-04,634481065.979159,660787442.519538,629961519.943459,648039901.866667,0
2015-08-05,635176487.693367,638189540.794548,610492566.204060,624514935.466667,0
2015-08-06,628454924.695992,671564854.108687,623935312.992035,657542553.600000,0
2015-08-07,661019296.620389,667277201.740190,644331637.536673,645142801.066667,0
2015-08-10,638768926.262219,638768926.262219,595079560.502217,597744981.333333,0
2015-08-11,603655127.164885,643983803.931269,603655127.164885,638189431.466667,0
2015-08-12,660555684.257938,675736913.762274,617793381.796148,626948505.600000,0
2015-08-13,620342945.784769,646765225.070380,620342945.784769,646301627.733333,0
2015-08-14,650241722.601817,668551837.162827,647692201.296167,657774387.200000,0
2015-08-17,664264027.574113,675968606.225781,637494185.568558,637841817.600000,0
2015-08-18,642709053.685725,679792879.833670,642709053.685725,676779827.200000,0
2015-08-19,676432325.140905,708996545.631754,671912712.358611,696249002.666667,0
2015-08-20,718731084.317909,774472737.362961,716413361.062243,774240938.666667,0
2015-08-21,800547082.364886,838094438.400000,768446400.722479,838094438.400000,0
2015-08-24,985039030.185911,1011113605.547210,784322855.040751,887462229.333333,0
2015-08-25,786872489.304895,920953701.766370,784670599.917648,919447142.400000,0
2015-08-26,831025332.229406,888389428.987072,778760343.941767,783511688.533333,0
2015-08-27,744110086.588011,747470836.912147,689990910.889505,695437585.066667,0
2015-08-28,699493723.638189,701695613.118022,677127526.412244,680488277.333333,0
2015-08-31,700652564.284280,707258166.600919,666350055.675400,688252654.933333,0
2015-09-01,741792606.502436,769026052.213734,707605925.179849,758364433.066667,0
2015-09-02,750831736.643704,750831736.643704,705635805.866667,705635805.866667,0
2015-09-03,689295701.887305,694394679.032287,660555700.870674,687441510.400000,0
2015-09-04,713979594.497965,730899049.965024,700073125.914305,723945881.600000,0
2015-09-08,679677046.922918,679677046.922918,627296153.852818,629382144.000000,0
2015-09-09,611303703.265625,666234112.729954,599135593.363438,660555639.466667,0
2015-09-10,664032186.569118,682458197.547043,635292192.674143,652443443.200000,0
2015-09-11,669594989.330647,678865947.649900,651284805.445861,651632503.466667,0
2015-09-14,641434435.083483,653602547.630711,637378419.543346,646649378.133333,0
2015-09-15,641202429.773987,641202429.773987,617793211.598608,623935214.933333,0
2015-09-16,624283121.179752,638073691.425478,616750455.651804,618836445.866667,0
2015-09-17,621501911.936543,637378475.233786,603423590.551601,635408384.000000,0
2015-09-18,654297785.198573,673419130.464790,641897875.718324,666929493.333333,0
2015-09-21,658817479.163321,681879008.854890,646881099.585249,673071581.866667,0
2015-09-22,693467541.013609,725104692.194523,693467541.013609,717572027.733333,0
2015-09-23,716644811.719341,735418520.924198,704360804.187814,734607291.733333,0
2015-09-24,753265329.543177,793825812.456467,722439402.085164,734723413.333333,0
2015-09-25,705867596.418224,745037420.220842,691381695.134391,726031906.133333,0
2015-09-28,737504588.598327,784902331.980442,727306503.726338,784322901.333333,0
2015-09-29,780382862.037011,793709901.196482,746775680.615745,769025979.733333,0
2015-09-30,733216923.280162,733564555.367801,677938806.468567,681763089.066667,0
2015-10-01,681762997.262310,737620537.316221,681762997.262310,704360925.866667,0
2015-10-02,728465426.181022,734028000.416366,658006152.533333,658006152.533333,0
2015-10-05,638653277.330603,644795284.207566,611072130.138063,622197282.133333,0
2015-10-06,621617666.154846,648619374.427758,609565454.712172,614896230.400000,0
2015-10-07,601453523.667996,620574874.084270,578739688.700045,587662950.400000,0
2015-10-08,587662627.166764,606899866.360413,575842151.713953,578044040.533333,0
2015-10-09,576190115.741237,598440417.241203,572945263.624120,592414310.400000,0
2015-10-12,588010530.182544,599019780.339733,585808640.595019,588705860.266667,0
2015-10-13,597165547.182509,612926141.569327,592066504.205148,612114978.133333,0
2015-10-14,603771046.735520,604350477.408738,527633335.452909,543162163.200000,0
2015-10-15,533079996.813122,542466852.596542,516044610.185843,527517422.933333,0
2015-10-16,530182810.419788,537947240.578756,523229609.553540,525199667.200000,0
2015-10-19,530878157.927334,537483726.987304,514190435.741156,524620253.866667,0
2015-10-20,525663299.733984,535050156.733368,521259586.601181,528212821.333333,0
2015-10-21,511409149.383480,524967919.557176,494837326.496385,524156723.200000,0
2015-10-22,498198075.615192,499588702.738499,467603916.304976,469805772.800000,0
2015-10-23,457753515.836872,471659951.510675,448714324.408049,452770372.266667,0
2015-10-26,459491916.490577,483596410.686564,458680719.912568,477454404.266667,0
2015-10-27,490317705.288818,492751360.241615,478729026.009467,490201838.933333,0
2015-10-28,484059786.580028,484175652.924090,462968354.133333,462968354.133333,0
2015-10-29,493794402.233348,507700839.398908,489622487.565383,504224221.866667,0
2015-10-30,501442835.168647,501442835.168647,486029874.481704,491013017.600000,0
2015-11-02,485566415.221940,488463568.885809,476179558.238833,478497314.133333,0
2015-11-03,483943990.711641,483943990.711641,465749740.391998,471775846.400000,0
2015-11-04,465286127.624649,477106605.673361,465286127.624649,466792686.933333,0
2015-11-05,472587036.593802,498545715.934425,470848711.571544,496112093.866667,0
2015-11-06,488579475.220522,488579475.220522,456478788.013603,458101213.866667,0
2015-11-09,460882480.454946,476411309.321669,460882480.454946,469805772.800000,0
2015-11-10,486493454.331974,500515755.544290,486493454.331974,495532612.266667,0
2015-11-11,492751290.744823,496112007.921113,478844824.829504,494373683.200000,0
2015-11-12,503992336.569493,513610957.447164,493794285.067834,513147426.133333,0
2015-11-13,513379289.423041,533427731.272033,508975576.287174,527981056.000000,0
2015-11-16,527285679.191311,529951066.924949,506657775.473334,507469004.800000,0
2015-11-17,507005460.275540,507469024.617938,485682258.683500,496923306.666667,0
2015-11-18,502369932.125892,506310113.275792,481278531.266743,481973828.266667,0
2015-11-19,475252444.763771,486725258.550018,467024482.516225,478613162.666667,0
2015-11-20,473398203.233537,478729011.361360,467372098.103877,474557064.533333,0
2015-11-23,477454215.404303,493794270.597472,476295354.190288,492403643.733333,0
2015-11-24,496112117.316958,500979361.682540,470964633.155779,473514154.666667,0
2015-11-25,472123494.759542,477222537.783222,465749723.943346,471891729.066667,0
2015-11-27,468299143.955492,468299143.955492,460650581.077731,462157107.200000,0
2015-11-30,458796444.400037,462620726.292286,446744201.029697,447207765.333333,0
2015-12-01,444889995.307691,444889995.307691,429129369.873208,430172364.800000,0
2015-12-02,426579948.341589,437936863.145039,421249139.488107,435271475.200000,0
2015-12-03,418004188.075861,449873101.295318,417192991.841886,443383432.533333,0
2015-12-04,443847197.504763,446744351.767277,416266084.552471,418931473.066667,0
2015-12-07,424146243.273888,433069534.088709,422523817.772085,431215342.933333,0
2015-12-08,447671280.358053,453813317.617834,437589127.959664,441297510.400000,0
2015-12-09,446164767.649756,465054345.398796,439790997.498308,458796441.600000,0
2015-12-10,461577660.452639,461577660.452639,440370363.216889,450220748.800000,0
2015-12-11,463084350.669336,478960845.028095,460071264.713329,477338419.200000,0
2015-12-14,476758918.994912,500399874.017229,472587005.145916,486377540.266667,0
2015-12-15,474904854.361691,478381472.138433,457405932.058991,464243268.266667,0
2015-12-16,456131038.615042,475252381.387778,450916129.946423,453117986.133333,0
2015-12-17,447439510.081928,472818756.266667,441876936.478791,472818756.266667,0
2015-12-18,481973911.412460,491708433.688102,476411336.673066,489506577.066667,0
2015-12-21,483248628.862191,483248628.862191,461461896.237088,462041326.933333,0
2015-12-22,459028257.170648,471312266.589427,456015171.512716,460071219.200000,0
2015-12-23,457174138.302493,461577818.722084,449409706.694599,450105036.800000,0
2015-12-24,452538608.931236,452538608.931236,441065795.320305,445121843.200000,0
2015-12-28,450568550.799114,464474987.552173,450220885.759862,450684450.133333,0
2015-12-29,443731202.872443,445701293.718671,428781771.419477,434112580.266667,0
2015-12-30,436546231.489269,447323716.266667,433764944.031766,447323716.266667,0
2015-12-31,452422671.092585,465517909.333333,452075006.108103,465517909.333333,0
2016-01-04,490665371.914834,501211089.212908,480583218.930444,481162649.600000,0
2016-01-05,478149610.738221,497155055.916619,475252424.343393,496112093.866667,0
2016-01-06,524040787.688090,548724704.295853,519173543.954368,537136025.600000,0
2016-01-07,563906101.947665,594384334.121992,555098674.477652,590560051.200000,0
2016-01-08,584881373.686676,621849293.093577,572249669.098468,620690432.000000,0
2016-01-11,600410415.535977,635176456.808473,592993649.516222,609449574.400000,0
2016-01-12,588126209.228198,620922218.348453,578507621.763800,594152379.733333,0
2016-01-13,594268192.015276,651979912.533333,581984184.685193,651979912.533333,0
2016-01-14,643288389.548072,669826494.603875,599946665.884039,611651242.666667,0
2016-01-15,684660052.429102,716876631.278821,671448981.944820,693931008.000000,0
2016-01-19,673187442.065187,708880613.455546,644679238.316131,689991065.600000,0
2016-01-20,731246741.090794,734955123.888131,657426717.188322,676548061.866667,0
2016-01-21,654877204.744491,675505109.059783,622892419.161047,645953945.600000,0
2016-01-22,625673800.088360,625673800.088360,597860926.023404,611072000.000000,0
2016-01-25,610144863.445572,639811925.530582,610144863.445572,636567074.133333,0
2016-01-26,633785718.718158,637378201.581995,602612102.276644,617793262.933333,0
2016-01-27,626948584.569843,648967085.978708,605625347.352850,639580228.266667,0
2016-01-28,625789523.409257,658933164.291805,619995151.552951,644215534.933333,0
2016-01-29,623935389.071046,623935389.071046,556257434.206047,557763993.600000,0
2016-02-01,568309629.842555,573408672.662645,541192121.883555,548608887.466667,0
2016-02-02,573292807.880107,607943015.796814,571322782.968928,602959872.000000,0
2016-02-03,586851548.123011,634712892.722048,578391820.419587,597629064.533333,0
2016-02-04,597629128.384589,600526282.169240,556257482.261794,566455569.066667,0
2016-02-05,577464641.745235,630888483.920289,576189881.286746,625094178.133333,0
2016-02-08,650357651.367760,701116149.287886,650357651.367760,673766809.600000,0
2016-02-09,696248816.115212,701811323.688962,647923946.467934,685703099.733333,0
2016-02-10,669131357.110237,701927374.576468,649314680.614784,699725550.933333,0
2016-02-11,721628196.391035,743530864.477510,705867600.057538,716760951.466667,0
2016-02-12,696016946.847391,721975620.548335,666118092.594294,668551714.133333,0
2016-02-16,637378439.627457,648735323.053793,587662893.779106,597976814.933333,0
2016-02-17,587315176.266846,587546909.000943,551042542.553409,554635059.200000,0
2016-02-18,541192118.783463,564601243.816813,540380889.450330,563905979.733333,0
2016-02-19,561588192.758587,566803134.888120,545132268.888006,555793885.866667,0
2016-02-22,538758452.701809,538758452.701809,520564205.341601,529487496.533333,0
2016-02-23,538063134.158652,556836812.557085,533195890.307836,554171392.000000,0
2016-02-24,572945072.027923,583490788.436888,527517388.323444,531225770.666667,0
2016-02-25,524388543.967609,544321119.625255,510366208.000000,510366208.000000,0
2016-02-26,498313948.226719,508743766.464252,496575623.211528,502138197.333333,0
2016-02-29,497502717.690556,506078344.533333,479772033.322480,506078344.533333,0
2016-03-01,494605557.060757,495648519.088718,462388974.246107,462852505.600000,0
2016-03-02,463895503.098321,467835651.481314,454508647.015534,455667541.333333,0
2016-03-03,452770287.292268,463547768.796358,451031962.557158,453813282.133333,0
2016-03-04,445121844.357371,455203997.938209,428202322.766443,439791035.733333,0
2016-03-07,450336773.038323,451959198.856932,429477101.985456,435271475.200000,0
2016-03-08,445353570.661747,465633775.356087,445005905.677511,464127249.066667,0
2016-03-09,463547924.890082,464011456.333268,449873252.864973,453233971.200000,0
2016-03-10,446628369.013606,464243187.601426,434576124.716677,446280704.000000,0
2016-03-11,434576096.619236,434576096.619236,419626666.817744,420321996.800000,0
2016-03-14,423566881.798829,429477121.651721,419510833.548279,424493977.600000,0
2016-03-15,429245303.561584,437705064.076206,426927547.859788,427622877.866667,0
2016-03-16,429708800.595984,431678858.022433,413368712.810155,415338803.200000,0
2016-03-17,418699626.030427,421249147.657196,403981992.936637,406531481.600000,0
2016-03-18,408385697.691639,408385697.691639,389264350.268762,389727914.666667,0
2016-03-21,393552078.446530,398882886.559788,387525973.333333,387525973.333333,0
2016-03-22,394595124.906101,397492311.489305,385440066.726087,389032550.400000,0
2016-03-23,392393247.090588,405024921.892527,391466151.389864,404445491.200000,0
2016-03-24,414875325.273416,418467808.602795,405256703.658658,405488469.333333,0
2016-03-28,405372552.708922,411051025.758172,402243600.862469,406067882.666667,0
2016-03-29,411282794.566094,417193033.325294,388221303.140776,390075494.400000,0
2016-03-30,382542935.392769,383585930.624577,371533684.120677,378950451.200000,0
2016-03-31,381036372.388692,385324186.327385,380341042.300416,384512989.866667,0
2016-04-01,394015644.095258,397376361.645058,376748492.047980,376864358.400000,0
2016-04-04,377212122.161503,389264368.548714,377096255.779142,386598980.266667,0
2016-04-05,397955824.606271,397955824.606271,385671814.710315,393783910.400000,0
2016-04-06,395753952.958428,404329612.654232,381152220.834630,381847517.866667,0
2016-04-07,389496078.404570,403634279.047171,389264279.765897,399230566.400000,0
2016-04-08,391582002.636993,398303437.401163,382774578.079751,393667959.466667,0
2016-04-11,389727844.915886,394363323.248273,376748505.585201,393899758.933333,0
2016-04-12,397840009.254615,410355786.441563,391813869.895413,395985817.600000,0
2016-04-13,387410148.726597,388916708.258821,367941136.742522,369215897.600000,0
2016-04-14,378834517.312237,388221374.652421,375589698.492590,378486852.266667,0
2016-04-15,382426930.229653,388453068.295896,377907351.402521,387989504.000000,0
2016-04-18,392277471.752173,393668099.144231,383701809.808071,387178427.733333,0
2016-04-19,385324164.273636,405604404.264924,383238207.091602,401548356.266667,0
2016-04-20,400621210.789538,404909023.950526,384165255.144345,389611929.600000,0
2016-04-21,390539091.839121,401548374.906411,390539091.839121,396565230.933333,0
2016-04-22,395406319.980882,403518416.015514,383238208.892338,394363357.866667,0
2016-04-25,398187620.987321,403981960.891197,390886721.722839,401432439.466667,0
2016-04-26,393899726.023532,393899726.023532,373851288.031403,384628770.133333,0
2016-04-27,397260427.034201,397376326.339324,371185885.270199,372924177.066667,0
2016-04-28,379761557.344389,405256704.592724,372808356.344281,402475417.600000,0
2016-04-29,407458586.130496,442688223.551780,407458586.130496,432837802.666667,0
2016-05-02,434228465.908556,440370470.988763,422407987.130638,424725742.933333,0
2016-05-03,437473245.687138,444774144.503052,430867709.810122,438400341.333333,0
2016-05-04,449757235.035941,458101094.874275,439095619.871926,453813282.133333,0
2016-05-05,447903026.527925,455319790.539999,436546081.911890,450220748.800000,0
2016-05-06,453465737.693514,466792743.708447,447439598.616034,448366694.400000,0
2016-05-09,445121875.432110,453465737.483945,438284539.908097,450684450.133333,0
2016-05-10,447903132.970056,452190946.563091,433417266.436898,433533132.800000,0
2016-05-11,436893850.108983,439095706.565919,425305170.082731,437705079.466667,0
2016-05-12,431910748.505409,470964671.897562,431910748.505409,460534852.266667,0
2016-05-13,458217063.596216,459375957.999693,443151765.985065,455204010.666667,0
2016-05-16,459491867.693494,459491867.693494,424146359.694553,433649083.733333,0
2016-05-17,435966836.467080,446049024.929283,427738872.758645,442456507.733333,0
2016-05-18,442572310.559707,444890033.310471,409776296.299895,420669678.933333,0
2016-05-19,428086374.089045,438747956.323653,416961227.602465,428318139.733333,0
2016-05-20,413021174.332585,413021174.332585,387410125.319840,388569019.733333,0
2016-05-23,382079333.779355,382079333.779355,370027089.488339,380572774.400000,0
2016-05-24,374314947.998583,374314947.998583,351485217.403135,352991744.000000,0
2016-05-25,345574962.481838,354845920.342093,343720770.909787,346386158.933333,0
2016-05-26,343257191.123832,347429138.455341,340707702.549281,342793659.733333,0
2016-05-27,342793661.714994,342793661.714994,334565666.333737,336303991.466667,0
2016-05-31,332363777.213759,337578719.137731,329814288.874490,330741384.533333,0
2016-06-01,336188060.007210,336188060.007210,324251715.731069,325410577.066667,0
2016-06-02,327380667.707904,330857251.714698,325062912.073307,325410577.066667,0
2016-06-03,317066750.954986,327148905.016620,315907889.492055,322165794.133333,0
2016-06-06,320311550.522551,326221756.207827,316834933.735672,325062894.933333,0
2016-06-07,323208793.346239,323208793.346239,313242504.509427,314980829.866667,0
2016-06-08,314633113.703349,318341496.578728,313126587.280652,315328443.733333,0
2016-06-09,321470466.491719,325410615.273409,314053700.331641,314749030.400000,0
2016-06-10,324831145.441773,333175006.367616,324831145.441773,330046054.400000,0
2016-06-13,337462870.348433,337462870.348433,323672332.719510,335029248.000000,0
2016-06-14,337810466.229091,344995465.430743,332943222.528753,335260945.066667,0
2016-06-15,328655460.535254,336999356.102760,328191929.094508,335376930.133333,0
2016-06-16,341982415.276237,352991697.357714,334913314.657290,335724544.000000,0
2016-06-17,335608642.255059,351253369.777911,335608642.255059,344300168.533333,0
2016-06-20,329350740.564393,332943257.019075,319268587.145917,331784362.666667,0
2016-06-21,327728314.840164,332595558.555132,326453554.255119,328771276.800000,0
2016-06-22,327264817.840898,330973201.045894,319384487.048579,330625536.000000,0
2016-06-23,321122750.198413,321122750.198413,303971464.709300,304666794.666667,0
2016-06-24,346617854.549207,358322432.360564,329582501.768697,356815906.133333,0
2016-06-27,368057089.790210,404445597.353553,368057089.790210,397724160.000000,0
2016-06-28,378718587.449782,381963438.971289,363421524.458119,365507481.600000,0
2016-06-29,352875690.202237,356352306.268925,340707583.413921,343604736.000000,0
2016-06-30,342098280.929303,344300137.128880,325062894.933333,325062894.933333,0
2016-07-01,334102084.266667,336419806.807834,330393701.830080,334102084.266667,0
2016-07-05,342098326.985454,358090720.209370,341750661.963620,352064614.400000,0
2016-07-06,359713041.066667,370374655.415031,348819661.092485,350442086.400000,0
2016-07-07,348240335.468800,348240335.468800,329814319.878434,337926382.933333,0
2016-07-08,327844292.932510,328191958.025421,308722943.566285,309302374.400000,0
2016-07-11,304435117.197555,304435117.197555,294932392.559715,299220206.933333,0
2016-07-12,294352915.244214,294352915.244214,284386627.753923,286588484.266667,0
2016-07-13,284038860.356716,287631342.709163,280678143.615919,286356582.400000,0
2016-07-14,280330581.696790,285313725.476489,276969863.721426,280098816.000000,0
2016-07-15,279055803.159733,283111850.930736,278476372.472933,280214664.533333,0
2016-07-18,272450271.310258,272450271.310258,266308249.522754,267467127.466667,0
2016-07-19,271291392.292112,273029700.960247,268741887.196322,270364296.533333,0
2016-07-20,267814760.432600,267930643.268606,255414851.974051,257616708.266667,0
2016-07-21,257732606.557746,265844702.235217,256573745.164794,263295180.800000,0
2016-07-22,266308252.225937,270248417.497193,258196172.463013,258775603.200000,0
2016-07-25,259470882.553757,259470882.553757,252749431.280691,254140074.666667,0
2016-07-26,247650391.003627,247650391.003627,221459950.345068,225400098.133333,0
2016-07-27,219258094.326021,229108480.278382,218330998.789758,225400098.133333,0
2016-07-28,228065552.790283,231542170.067572,224125404.123172,228992648.533333,0
2016-07-29,228413183.519846,234786953.435064,226674875.142196,231658018.133333,0
2016-08-01,229803843.889100,233628109.416867,228297301.060354,230846822.400000,0
2016-08-02,231773932.399312,245796251.189045,231773932.399312,241740219.733333,0
2016-08-03,246143881.156178,246607428.954966,240581307.570728,240697190.400000,0
2016-08-04,239770130.868881,240117795.890693,233628125.731485,234091673.600000,0
2016-08-05,230730923.417745,231078571.909253,224241254.165786,224820684.800000,0
2016-08-08,221807598.775720,227022523.527665,220996402.542889,225863645.866667,0
2016-08-09,224704837.707697,224704837.707697,217867502.395085,220069358.933333,0
2016-08-10,220069323.932384,227601971.622268,219258111.155464,224820684.800000,0
2016-08-11,222155264.000000,225747763.327380,220996402.819251,222155264.000000,0
2016-08-12,221923533.034656,221923533.034656,217288054.623915,219026346.666667,0
2016-08-15,217403975.480921,217403975.480921,208596564.960372,209871325.866667,0
2016-08-16,211493665.913706,215202048.073209,210566570.373831,214274952.533333,0
2016-08-17,214390835.510954,217983334.851004,213811404.918536,214159069.866667,0
2016-08-18,214390870.458361,214390870.458361,209639509.158966,209755392.000000,0
2016-08-19,211030154.091714,211030154.091714,202686292.811497,204192819.200000,0
2016-08-22,205583514.182693,206742375.761129,202222779.345477,203845205.333333,0
2016-08-23,202570393.659618,202570393.659618,198166697.690476,200484420.266667,0
2016-08-24,200368570.252861,207785336.452913,200136804.549961,205699379.200000,0
2016-08-25,208017066.740134,208017066.740134,200600302.390462,203613354.666667,0
2016-08-26,202918058.638727,204772249.885039,196196607.129994,200484420.266667,0
2016-08-29,198166732.613775,199093828.400315,195848976.665722,198282615.466667,0
2016-08-30,197587251.048567,201643298.530233,195037746.319495,199325559.466667,0
2016-08-31,200252672.118794,203265724.916767,199325576.414540,199789124.266667,0
2016-09-01,198514347.144127,202686277.468426,194690081.800611,194921847.466667,0
2016-09-02,192835907.593069,198282599.007288,191908811.883486,195964859.733333,0
2016-09-06,195848926.329244,200020872.778116,193878852.409614,197239586.133333,0
2016-09-07,196776037.706813,202570393.590409,195501293.586684,201759180.800000,0
2016-09-08,203265741.541671,206278811.067782,200948018.573173,202802210.133333,0
2016-09-09,206742367.726015,226095497.076398,206742367.726015,225052518.400000,0
2016-09-12,231310431.013786,232469309.149497,210334890.037271,211030203.733333,0
2016-09-13,214390851.833273,220069324.812727,209060060.310117,217172138.666667,0
2016-09-14,216129196.689217,219026366.842379,209755409.166898,210798404.266667,0
2016-09-15,209523611.854088,212073133.071039,195269512.458191,196544273.066667,0
2016-09-16,192951773.304565,201063868.284003,191213464.883014,196196608.000000,0
2016-09-19,192372326.116904,197123686.677680,186693870.008576,195617160.533333,0
2016-09-20,192604157.687866,199673258.932222,191792944.755088,198050833.066667,0
2016-09-21,195037765.408804,197587270.387409,189011643.253726,189706956.800000,0
2016-09-22,187621000.303997,189475191.742501,184028500.271471,187389218.133333,0
2016-09-23,188548077.706357,193994752.166557,188084529.891764,193878869.333333,0
2016-09-26,196544272.590388,201643298.530233,195848942.630468,199325559.466667,0
2016-09-27,201411573.191662,201411573.191662,188895795.200000,188895795.200000,0
2016-09-28,188895743.918216,191561131.508217,184955579.227654,187736866.133333,0
2016-09-29,188084550.561182,193647124.947600,177538832.499839,180551901.866667,0
2016-09-30,178350047.475264,178350047.475264,168847307.879574,172439808.000000,0
2016-10-03,173019187.346242,176727569.212909,168731374.933333,175684590.933333,0
2016-10-04,173714517.043718,179045307.731803,171976208.924728,177191116.800000,0
2016-10-05,176264056.104067,176727603.928457,169426738.055582,173019221.333333,0
2016-10-06,173366886.800031,176727604.415703,169542621.358691,169890269.866667,0
2016-10-07,169194973.090667,175336978.267368,168731425.219185,170817382.400000,0
2016-10-10,168036111.260039,173598686.250414,166529584.653906,173366920.533333,0
2016-10-11,174525794.461334,188779898.005644,174062262.994295,184260317.866667,0
2016-10-12,186577988.601604,191329366.099861,184492031.660365,186346222.933333,0
2016-10-13,191097582.441777,201759182.177206,190865816.775335,193067656.533333,0
2016-10-14,188548113.046534,188779878.756422,181594894.524367,188200448.000000,0
2016-10-17,189359308.348656,191445282.133333,185650925.159633,191445282.133333,0
2016-10-18,182753774.671969,185419179.497675,182174343.856465,184260317.866667,0
2016-10-19,188895744.341272,192140562.590131,186230340.263602,187041553.066667,0
2016-10-20,187968649.148192,191445249.555443,181131314.686501,183101388.800000,0
2016-10-21,184839730.993043,189475210.036870,183796735.846904,184607948.800000,0
2016-10-24,181131263.184254,181131263.184254,173946265.780285,174293930.666667,0
2016-10-25,173598651.799468,175684625.247745,172323907.645094,174757529.600000,0
2016-10-26,178465912.178578,179045342.837953,172323907.633117,175568742.400000,0
2016-10-27,170933280.299094,178465929.027220,168963189.500504,177770615.466667,0
2016-10-28,176959434.831181,181710797.219688,172555721.045463,181131366.400000,0
2016-10-31,179277141.373016,179277141.373016,175568758.443421,178118263.466667,0
2016-11-01,176959433.612810,188779898.068895,174178145.919413,182869657.600000,0
2016-11-02,183101404.625597,188084548.238997,179277138.902576,186578005.333333,0
2016-11-03,186114457.012537,189475174.569808,182637840.139588,187736866.133333,0
2016-11-04,190981717.333333,194690100.194175,185998573.743652,190981717.333333,0
2016-11-07,179972473.441798,182753760.925052,174294015.617247,174525781.333333,0
2016-11-08,174641629.687212,177654682.006904,170353816.856096,173482752.000000,0
2016-11-09,184376151.135098,187505086.586140,174409864.677239,175916407.466667,0
2016-11-10,172555686.789146,192372361.927393,169658516.784158,187273335.466667,0
2016-11-11,181363102.147586,181363102.147586,165138926.506997,166529570.133333,0
2016-11-14,162705304.121764,169774405.094948,162705304.121764,168499660.800000,0
2016-11-15,165370711.239570,166645472.037158,157606280.085520,158996923.733333,0
2016-11-16,160039850.965563,160039850.965563,152970752.145911,153318417.066667,0
2016-11-17,152623157.305450,154593248.439879,146133486.052717,148683008.000000,0
2016-11-18,149494171.173267,149610070.495328,144626927.061099,145322257.066667,0
2016-11-21,143815731.888260,145438157.779492,141613891.724022,142309205.333333,0
2016-11-22,140802680.677867,140802680.677867,137326063.139301,137557845.333333,0
2016-11-23,138253124.542638,139991432.879279,136398933.378674,137210146.133333,0
2016-11-25,137210146.030073,138253124.438593,136051276.553468,136862481.066667,0
2016-11-28,137094280.243433,138253141.623233,135819519.540292,137673710.933333,0
2016-11-29,138021367.213402,140454989.142475,135935393.787267,138600797.866667,0
2016-11-30,137673718.661510,140918553.781478,137673718.661510,140802670.933333,0
2016-12-01,141150336.291708,163980084.180830,141150336.291708,161662344.533333,0
2016-12-02,163980086.666588,163980086.666588,154709127.936063,155404441.600000,0
2016-12-05,152507221.650361,154477295.621164,148335291.574819,149725934.933333,0
2016-12-06,148682939.435410,148682939.435410,143004467.346597,143352132.266667,0
2016-12-07,143931599.693603,144974594.721071,133501781.272537,134312994.133333,0
2016-12-08,134428895.329478,134428895.329478,128634546.392862,131068177.066667,0
2016-12-09,128518629.763025,135240081.435110,127012103.459207,132574677.333333,0
2016-12-12,134081211.500315,138716690.000600,133270006.883191,135587746.133333,0
2016-12-13,133501790.586652,134776551.388027,128170989.920866,130836386.133333,0
2016-12-14,130720486.264550,132574677.559083,128634521.058201,131415808.000000,0
2016-12-15,130488722.973297,130488722.973297,122492518.244383,124114944.000000,0
2016-12-16,122724299.203246,129909282.742504,121565421.320443,128170982.400000,0
2016-12-19,125969135.084298,127359778.664396,122840182.908653,124346709.333333,0
2016-12-20,121333648.993988,122492510.331682,120058888.337165,120985984.000000,0
2016-12-21,121681305.673820,121681305.673820,119131792.602559,120638318.933333,0
2016-12-22,116929945.291672,120406562.533874,116002849.557978,119015918.933333,0
2016-12-23,118900028.274059,119943015.098643,117045836.800000,117045836.800000,0
2016-12-27,117393485.846403,117393485.846403,112178576.789625,112758007.466667,0
2016-12-28,110787955.877730,119479483.733333,110324407.945187,119479483.733333,0
2016-12-29,121333657.902044,123071958.277057,119131801.420730,119247684.266667,0
2016-12-30,117972922.308472,125969126.467488,116350504.909338,124926139.733333,0
2017-01-03,122492534.899397,127823344.270724,119247699.428673,124578508.800000,0
2017-01-04,123071940.202627,125389679.189493,121913070.709193,123535488.000000,0
2017-01-05,123303746.862645,127591561.007179,121565438.040208,126780356.266667,0
2017-01-06,125853235.458542,128286865.678994,122724291.736075,123883153.066667,0
2017-01-09,123187840.571747,123419606.247080,118436471.169568,119827114.666667,0
2017-01-10,120058880.267712,120058880.267712,117393476.295784,118204689.066667,0
2017-01-11,117972906.595235,119595323.778274,116929920.000000,116929920.000000,0
2017-01-12,118320580.091051,125042031.901212,118320580.091051,119827114.666667,0
2017-01-13,118784128.423954,119595341.254438,116582280.331361,117509376.000000,0
2017-01-17,118900010.057143,124346692.557269,118784118.987345,123303714.133333,0
2017-01-18,122956067.838713,123071958.926112,117741158.445320,118088823.466667,0
2017-01-19,119595340.750484,119943005.745183,115655184.175371,119827114.666667,0
2017-01-20,117161737.011615,117161737.011615,112642140.821202,115075763.200000,0
2017-01-23,117277593.763267,119827106.671165,115771067.529026,117161710.933333,0
2017-01-24,115886978.352163,115886978.352163,109860855.477851,110208520.533333,0
2017-01-25,106384222.016703,108470187.154286,104877687.519135,105457126.400000,0
2017-01-26,104993603.247033,108586095.484950,104993603.247033,107195451.733333,0
2017-01-27,105688918.287510,105804801.138891,103139404.907768,103255296.000000,0
2017-01-30,105225352.608850,108701961.175221,104414139.822938,104761804.800000,0
2017-01-31,106384238.134468,110787942.980993,106384238.134468,108933751.466667,0
2017-02-01,105225387.468456,106963696.447943,103255312.748614,103602969.600000,0
2017-02-02,105341226.936718,107195418.022433,102791722.434710,103834700.800000,0
2017-02-03,101980526.758200,103371170.304903,101516978.909299,102096409.600000,0
2017-02-06,101748770.426911,103371188.178593,100821674.568807,101053448.533333,0
2017-02-07,100010461.866667,101632871.248582,98851583.895268,100010461.866667,0
2017-02-08,99199266.013986,100937575.029517,98156287.197350,99431040.000000,0
2017-02-09,99199240.005896,102328192.117162,98735692.155401,101864644.266667,0
2017-02-10,100010460.985127,105109487.754590,99662795.948602,102212309.333333,0
2017-02-13,101285196.761035,102096401.310321,99431005.515982,101516970.666667,0
2017-02-14,102096418.163737,104182391.899611,101864652.460697,102444083.200000,0
2017-02-15,101864644.625298,103023506.014764,99662788.207270,99894562.133333,0
2017-02-16,100126327.546047,101401088.151433,98967458.014264,99662779.733333,0
2017-02-17,100937540.624759,101980519.085894,97924471.592735,98040362.666667,0
2017-02-21,97229167.584748,97229167.584748,93636667.555629,93752550.400000,0
2017-02-22,94331989.523432,94795537.383498,93404893.803300,93636667.733333,0
2017-02-23,94100222.372578,100010462.134632,93984339.519639,98388036.266667,0
2017-02-24,103023488.680056,103950584.228317,98388010.938752,98619793.066667,0
2017-02-27,98503919.741100,98967467.598706,95490858.666667,95490858.666667,0
2017-02-28,95374966.662481,99894553.719626,95374966.662481,99199232.000000,0
2017-03-01,95722650.324083,98619829.091122,94216115.387419,94447897.600000,0
2017-03-02,93752549.542916,97924480.237453,92941344.917181,97576823.466667,0
2017-03-03,96997384.642569,99431015.004359,96997384.642569,97692714.666667,0
2017-03-06,98503910.434833,100937540.577766,96997375.919522,97460923.733333,0
2017-03-07,97808588.963317,98851567.426624,94911419.240042,96881493.333333,0
2017-03-08,95722640.902169,96765627.792715,93752558.215960,96186188.800000,0
2017-03-09,96649728.131436,97808597.773300,95143193.476588,95606741.333333,0
2017-03-10,93868433.366834,93868433.366834,91666585.346556,92246016.000000,0
2017-03-13,91550703.443129,92014251.308663,90044168.759715,90275950.933333,0
2017-03-14,91203071.837593,93173146.689456,90739523.844113,90971289.600000,0
2017-03-15,90275951.336143,92014251.719229,88421759.865730,88885307.733333,0
2017-03-16,87958186.376084,89696486.252807,87842295.322516,89117047.466667,0
2017-03-17,88421751.129947,89348846.773559,88305860.054070,88653516.800000,0
2017-03-20,88421734.104782,88653499.730209,85640447.709468,86799308.800000,0
2017-03-21,86335784.887128,93173119.949091,85408689.166241,92825454.933333,0
2017-03-22,92709564.306632,93404886.038932,89464729.555900,89696503.466667,0
2017-03-23,90044177.081625,91087163.995897,89001198.408205,90391842.133333,0
2017-03-24,87031116.284205,89464738.469291,85061033.725984,88305868.800000,0
2017-03-27,91203029.490249,92014233.981754,87378756.199298,88074077.866667,0
2017-03-28,87958177.907658,88653491.198725,86103987.155885,87146965.333333,0
2017-03-29,87031091.053758,88537617.066667,87031091.053758,87842295.466667,0
2017-03-30,87494664.582512,87842321.364585,85872238.796669,86335786.666667,0
2017-03-31,86799343.216839,87262891.133193,85176933.750453,86451686.400000,0
2017-04-03,85988121.360709,89696503.953084,85524573.536662,87958203.733333,0
2017-04-04,89580638.179141,90044186.134119,87610563.490909,89232981.333333,0
2017-04-05,88537633.776529,91434803.536226,86799325.328031,91203037.866667,0
2017-04-06,91550703.129252,93636668.517007,90275950.623827,90855381.333333,0
2017-04-07,90855373.020500,91434803.676991,88769407.823600,89696503.466667,0
2017-04-10,89464745.989504,92361916.285837,89348863.133260,91666602.666667,0
2017-04-11,92825463.150510,97924490.066766,92825463.150510,94100224.000000,0
2017-04-12,94795527.852269,99431005.986854,94447871.112600,98735684.266667,0
2017-04-13,100474009.229297,100821666.026203,96302078.221316,100705774.933333,0
2017-04-17,99662780.052050,99662780.052050,96765610.333752,96997376.000000,0
2017-04-18,97924489.464724,98735702.407748,95374984.263122,95722641.066667,0
2017-04-19,93173128.383696,94563772.090916,91434819.629246,93984341.333333,0
2017-04-20,91898351.498524,93288994.963124,89117064.569325,89696503.466667,0
2017-04-21,90391825.146958,92941338.163924,90275942.312067,90739490.133333,0
2017-04-24,86219903.795200,87842321.339733,85988129.860267,86915225.600000,0
2017-04-25,85292808.998304,86219904.748285,83786282.525009,84249830.400000,0
2017-04-26,84481595.363445,87262882.589252,84133938.580645,86219904.000000,0
2017-04-27,84365704.743061,84829252.571320,82279739.515898,82627396.266667,0
2017-04-28,84133938.380800,87610547.404800,83554499.423041,86915225.600000,0
2017-05-01,85895414.110903,87517831.538794,84203460.387106,84319351.466667,0
2017-05-02,85849074.027326,88236349.914710,85849074.027326,87031125.333333,0
2017-05-03,88978046.084603,88978046.084603,85640500.358413,86057685.333333,0
2017-05-04,85594110.253768,87286064.103226,85292808.258065,86219904.000000,0
2017-05-05,85547735.029344,87633691.508572,85269606.400000,85269606.400000,0
2017-05-08,85269621.334322,86706611.263426,84921956.366327,86243063.466667,0
2017-05-09,85431857.714708,85431857.714708,82905518.138260,83624021.333333,0
2017-05-10,80657288.028402,80657288.028402,77876002.234320,78339549.866667,0
2017-05-11,79243525.938114,80425569.086685,76415875.210640,77482043.733333,0
2017-05-12,77064827.259697,78107814.060455,76508569.830186,76740352.000000,0
2017-05-15,76369514.382832,76485397.227904,73101497.835397,73263735.466667,0
2017-05-16,72684316.649115,73286928.968272,69972565.333333,69972565.333333,0
2017-05-17,72777033.498641,79289878.554367,72081711.522540,79150822.400000,0
2017-05-18,78594516.762903,79753377.773640,73935858.251108,74654353.066667,0
2017-05-19,73008776.777099,73750453.239596,71386359.515385,72197572.266667,0
2017-05-22,71571799.732626,71571799.732626,69763962.822281,69903027.200000,0
2017-05-23,69462643.870119,72336640.650509,69346761.023594,70598340.266667,0
2017-05-24,69787128.263658,70343385.646401,68883205.896276,69300398.933333,0
2017-05-25,68605084.280082,69509006.740684,67562101.579878,68187891.200000,0
2017-05-26,68581900.207080,69648056.076357,67214434.133333,67214434.133333,0
2017-05-30,67214441.325372,67330328.293174,65452959.414776,65986039.466667,0
2017-05-31,64664930.527203,66913137.789259,64085495.665848,66032396.800000,0
2017-06-01,65800616.090453,66936308.301947,65337068.249027,65870148.266667,0
2017-06-02,64827173.872468,65962866.228475,63482884.961276,63923255.466667,0
2017-06-05,63691480.860278,63992786.992441,62277659.778591,63366997.333333,0
2017-06-06,63390177.545208,64294095.981867,61396921.505395,62718033.066667,0
2017-06-07,61929978.898726,62277639.708412,60539335.659982,61257834.666667,0
2017-06-08,60122158.686361,61350560.540785,57850774.125349,58059370.666667,0
2017-06-09,56946856.158466,68605085.156313,56158824.774914,65290717.866667,0
2017-06-12,67909754.290240,72012156.536731,66333691.733333,66333691.733333,0
2017-06-13,63853709.472885,67492559.704189,62996146.042577,65105288.533333,0
2017-06-14,64108663.728552,69277217.819069,64108663.728552,67214434.133333,0
2017-06-15,70575154.896741,70737400.762033,68048823.275665,68860032.000000,0
2017-06-16,68141531.842771,70134787.536131,67005839.645392,69578530.133333,0
2017-06-19,67237617.096076,67260794.489077,65290716.083987,65568844.800000,0
2017-06-20,64966232.005107,67817051.318924,64224555.435659,67770696.533333,0
2017-06-21,66866777.085162,67654808.426893,65313891.794102,65499310.933333,0
2017-06-22,65545668.167616,66750892.617657,64896701.156056,65893329.066667,0
2017-06-23,65823797.955429,66472764.977525,64108670.825605,65174830.933333,0
2017-06-26,63575574.058977,68002455.081676,62323995.131093,66913117.866667,0
2017-06-27,67979299.158974,72336645.274446,67793880.000000,72313472.000000,0
2017-06-28,70737401.733559,73240560.117315,68234243.349803,68489194.666667,0
2017-06-29,69485821.316562,76415857.414166,69346756.964361,73704106.666667,0
2017-06-30,73008797.825748,75813266.878529,71896282.811261,74839808.000000,0
2017-07-03,73356447.239956,78084635.574085,72777016.515513,77690624.000000,0
2017-07-05,76879405.549649,76948941.846441,72753837.992708,73124676.266667,0
2017-07-06,75790047.258937,76184066.915570,72104847.246587,74005384.533333,0
2017-07-07,72290276.484648,72776997.506785,69462626.939395,70482432.000000,0
2017-07-10,69833484.729193,70876471.590486,67353507.665779,67886587.733333,0
2017-07-11,68419658.698105,68442836.089263,66055564.800000,66055564.800000,0
2017-07-12,64780818.498287,64873528.077533,62602143.386001,63135223.466667,0
2017-07-13,62926616.611799,64155018.335713,61582327.932799,63645115.733333,0
2017-07-14,63019337.205911,63042514.600985,60956549.044335,61165145.600000,0
2017-07-17,60446636.929438,62463069.986517,60400282.146517,61883635.200000,0
2017-07-18,62602137.089680,63621942.358819,61188316.148372,61234670.933333,0
2017-07-19,60261222.599222,60794302.645292,59426836.440156,59565900.800000,0
2017-07-20,59496360.163556,60956535.734379,58801038.463163,59102344.533333,0
2017-07-21,60307572.867433,61466442.445977,60307572.867433,60492992.000000,0
2017-07-24,60516178.537931,61535983.921182,60400291.562562,61165145.600000,0
2017-07-25,61281025.718294,63158394.509210,60747945.691244,61234670.933333,0
2017-07-26,59820856.537091,60353936.622466,58360680.651063,59218244.266667,0
2017-07-27,58870574.287352,64039132.581084,58407026.458318,61999522.133333,0
2017-07-28,62880275.655006,63575597.538401,61767760.641574,62810743.466667,0
2017-07-31,62509431.004779,64641751.231861,61535980.466329,64015961.600000,0
2017-08-01,63529239.219517,64618576.776364,62903449.559201,63019336.533333,0
2017-08-02,61790926.775138,65661551.220542,61420088.504920,64386794.666667,0
2017-08-03,64433159.407091,65986044.903593,63784192.333926,65151658.666667,0
2017-08-04,64757634.519481,65568843.255409,63297458.794811,64919876.266667,0
2017-08-07,64595397.226948,64595397.226948,61512803.817840,61582336.000000,0
2017-08-08,61582340.852817,62857097.626210,59936745.745346,62254485.333333,0
2017-08-09,63506054.985251,64433150.678466,62532604.507375,62857088.000000,0
2017-08-10,63784184.915065,68164712.149421,63737830.129516,68002470.400000,0
2017-08-11,68790509.917601,69300412.619146,66472770.365121,66982673.066667,0
2017-08-14,64595385.563977,64780804.682927,61466437.931707,61767744.000000,0
2017-08-15,61257848.325814,62625314.482160,60863832.653646,61234670.933333,0
2017-08-16,60794303.928700,61906818.830941,60238046.477579,61026077.866667,0
2017-08-17,61883636.855834,65754261.333333,61396911.622136,65754261.333333,0
2017-08-18,64664927.386799,66356877.099787,63784186.440312,65313894.400000,0
2017-08-21,65035772.769249,68095189.022114,65035772.769249,66727722.666667,0
2017-08-22,65035769.716052,65151656.689887,63042513.766095,63482884.266667,0
2017-08-23,64919885.668785,65522497.959892,62184952.962996,62718033.066667,0
2017-08-24,61906822.511866,63807368.916199,61651871.164943,62764386.133333,0
2017-08-25,61837279.233989,63946421.816557,61744569.669920,63645115.733333,0
2017-08-28,63390165.380306,64108664.512587,62996149.727119,63158391.466667,0
2017-08-29,65198014.418527,65592030.147327,62231307.754619,62718033.066667,0
2017-08-30,61767765.599376,62416732.742634,59241429.220265,59473203.200000,0
2017-08-31,58986464.753344,59148706.503157,57503111.612199,57758062.933333,0
2017-09-01,57317681.515881,57317681.515881,56066102.542222,57016375.466667,0
2017-09-05,58036186.237164,60840650.508210,57364041.907740,59287765.333333,0
2017-09-06,58638804.378109,59959915.781095,58221611.303483,59009642.666667,0
2017-09-07,58870574.098843,59565895.840168,58082542.792008,58777864.533333,0
2017-09-08,58916940.026900,61466453.560716,58801053.048090,60887018.666667,0
2017-09-11,59171878.731258,59334120.466909,56946849.213748,57317687.466667,0
2017-09-12,56877314.600901,57595813.685102,56066105.957449,56576008.533333,0
2017-09-13,56946861.482421,57526296.377439,55834346.483985,56297894.400000,0
2017-09-14,57109097.420145,57132274.813578,54582761.535893,55533034.666667,0
2017-09-15,55278076.145934,55324430.926769,52519966.686242,52728563.200000,0
2017-09-18,51755121.868253,51755121.868253,49645978.970801,50642606.933333,0
2017-09-19,50410836.612679,51175690.685423,49553272.955360,50086353.066667,0
2017-09-20,49900922.479324,54119207.612272,49900922.479324,52125952.000000,0
2017-09-21,52566329.936842,54211924.921637,52288201.207018,52844458.666667,0
2017-09-22,53423885.008593,53586126.741807,51824645.066904,52149128.533333,0
2017-09-25,52867636.168474,55857520.020177,52867636.168474,55139020.800000,0
2017-09-26,53215297.874612,55787988.669073,53215297.874612,55231731.200000,0
2017-09-27,53655667.970504,53655667.970504,50665784.096554,51337928.533333,0
2017-09-28,51592875.880647,51824649.806436,50132700.148176,50179054.933333,0
2017-09-29,49669146.553535,50387645.640404,48718873.567677,48950647.466667,0
2017-10-02,48394401.400964,49089723.260174,47328241.216843,48069917.866667,0
2017-10-03,47907676.273418,48208982.413502,47165999.620902,47606370.133333,0
2017-10-04,47977202.516414,48533459.936894,47235525.955773,47305058.133333,0
2017-10-05,46586560.692232,47907672.114848,46517028.512094,47142818.133333,0
2017-10-06,47745425.278939,47861312.233499,46517023.560597,46586555.733333,0
2017-10-09,46331601.157909,46331601.157909,45358150.808418,45520392.533333,0
2017-10-10,44431058.715855,46123008.265285,44245639.587150,44732364.800000,0
2017-10-11,45195924.228330,45195924.228330,43782103.008879,43851635.200000,0
2017-10-12,44037050.786674,44361534.318786,43364906.327298,44292002.133333,0
2017-10-13,43758919.781999,44013871.115475,42947710.993668,43434436.266667,0
2017-10-16,42947700.919610,43666199.963597,42739104.422969,42785459.200000,0
2017-10-17,42808641.692829,43503963.431207,42785464.301550,42878173.866667,0
2017-10-18,42484165.991043,44129761.073075,42229214.640306,42437811.200000,0
2017-10-19,43643022.575081,44732359.835320,42762281.811484,42785459.200000,0
2017-10-20,41927901.815063,42345094.867949,41487531.370350,42159675.733333,0
2017-10-23,41788844.481965,42090150.626317,40815393.861753,41510715.733333,0
2017-10-24,41139869.963913,41696127.360608,40490903.001102,40676322.133333,0
2017-10-25,41510708.736842,43457609.649123,41023983.508772,42275562.666667,0
2017-10-26,41997441.043439,42206037.604913,41209409.588982,41510715.733333,0
2017-10-27,40537260.849612,41232582.648062,38706246.780362,38868488.533333,0
2017-10-30,40537262.725766,40537262.725766,38590361.600000,38590361.600000,0
2017-10-31,38126819.218391,38636721.967816,37292432.901149,37640093.866667,0
2017-11-01,36828870.718505,39053900.038188,36689806.386025,38034094.933333,0
2017-11-02,37987741.929916,38822127.963764,37199710.675726,37524194.133333,0
2017-11-03,36991123.325163,37918219.147849,35507770.008866,35554124.800000,0
2017-11-06,34673375.667438,35275987.811391,33954876.572725,34047586.133333,0
2017-11-07,34186655.587237,34789267.821317,33885349.470197,34140300.800000,0
2017-11-08,34441612.252391,34627031.430062,33699935.541707,33769467.733333,0
2017-11-09,34812443.904663,37037473.608290,34789266.511917,35785894.400000,0
2017-11-10,35484578.556346,35762707.192973,35021030.828634,35183272.533333,0
2017-11-13,35670003.319149,35693180.709220,34719730.326241,34858794.666667,0
2017-11-14,35067393.299227,35739537.651955,34580668.078286,34974683.733333,0
2017-11-15,35623657.710250,36712995.324031,35391883.749871,35878609.066667,0
2017-11-16,35415060.510043,35507770.092530,33769465.420898,34233013.333333,0
2017-11-17,33769463.170252,34858800.691873,33607221.411712,34696558.933333,0
2017-11-20,34487963.231025,34487963.231025,33259561.314866,33468157.866667,0
2017-11-21,32772837.306533,33027788.657574,32170225.022254,32286112.000000,0
2017-11-22,31961623.262203,33050960.675781,31961623.262203,32888718.933333,0
2017-11-24,32633768.679875,32633768.679875,31961624.296553,32054333.866667,0
2017-11-27,32541061.756425,33375447.955307,32541061.756425,33190028.800000,0
2017-11-28,32888718.008641,33815813.653705,32680121.488502,33259556.266667,0
2017-11-29,33329084.296260,38567174.039622,33329084.296260,37593723.733333,0
2017-11-30,36620272.626072,37686432.462021,35762709.279766,36921578.666667,0
2017-12-01,38034089.819551,41023972.565877,37547364.721311,38173154.133333,0
2017-12-04,36712994.249236,41626602.065422,36689816.853877,40954457.600000,0
2017-12-05,41255760.308041,42345097.799320,38613537.456852,40931276.800000,0
2017-12-06,42113328.445972,42692763.344788,40259136.769759,40467733.333333,0
2017-12-07,39586993.624228,40096896.352409,38891671.722163,39285687.466667,0
2017-12-08,38149980.900348,40004171.952613,37825497.466202,39911462.400000,0
2017-12-11,39841947.619858,40096899.000788,38845319.494405,39216157.866667,0
2017-12-12,39424742.223550,40514079.604212,39424742.223550,40351837.866667,0
2017-12-13,39934659.146177,40444561.932722,39239337.164526,40421384.533333,0
2017-12-14,40212781.977854,40792216.876670,39679701.870943,40467733.333333,0
2017-12-15,40027349.425475,40560429.354129,38265867.922096,38636706.133333,0
2017-12-18,37361959.683290,37779152.781491,36017670.811311,36064025.600000,0
2017-12-19,36087198.700320,36759343.056331,35785892.609695,36179908.266667,0
2017-12-20,35090573.117701,36388507.129980,34881976.580013,35484588.800000,0
2017-12-21,35275995.667131,36736171.571881,35275995.667131,36597107.200000,0
2017-12-22,36921577.818182,37477835.111111,36573917.010101,36712981.333333,0
2017-12-26,37918210.589353,38706241.860770,37640081.905324,37732791.466667,0
2017-12-27,37895043.654873,38010930.638527,36805706.008525,37338786.133333,0
2017-12-28,36875237.441198,37292430.573783,36782527.856180,37130188.800000,0
2017-12-29,37060661.953939,38242709.333333,36944774.955960,38242709.333333,0
2018-01-02,37640085.093949,37755972.055446,35067394.548735,35113749.333333,0
2018-01-03,34627024.102364,34766088.456189,33259557.956421,33329090.133333,0
2018-01-04,32796010.251474,33537686.808398,32401994.580609,32749655.466667,0
2018-01-05,32402001.171182,32865549.113545,31799388.846110,32170227.200000,0
2018-01-08,32309284.908555,32401994.477876,31104060.507375,31428544.000000,0
2018-01-09,31173591.237276,32448347.756272,31173591.237276,32332460.800000,0
2018-01-10,33607223.510957,34256190.585652,33050966.018362,33491336.533333,0
2018-01-11,33074138.067559,33584040.686681,32865541.541555,32888718.933333,0
2018-01-12,32911900.342639,33097319.499499,32170223.715199,32378820.266667,0
2018-01-16,31613968.467728,32587419.109696,30895469.184370,32031161.600000,0
2018-01-17,31613964.168277,31613964.168277,29157160.501240,29273047.466667,0
2018-01-18,29504821.073087,29504821.073087,28438661.002889,28879031.466667,0
2018-01-19,28531369.752872,29319401.086420,28369128.007729,28786321.066667,0
2018-01-22,28554542.536516,29087622.470233,28160526.933333,28160526.933333,0
2018-01-23,27812874.343434,28067825.691582,27465213.414141,27534745.600000,0
2018-01-24,28369125.814049,29945188.359274,28021464.958485,29365753.600000,0
2018-01-25,28345952.498951,30918643.200000,28137355.955622,30918643.200000,0
2018-01-26,29690246.357581,29713423.755206,27928764.138083,27975118.933333,0
2018-01-29,28299596.863419,29064450.832700,27488388.108120,28067822.933333,0
2018-01-30,29458467.336453,29852483.028601,28739968.133125,29713418.666667,0
2018-01-31,28693617.772098,29504826.675186,28369134.210863,29018101.333333,0
2018-02-01,29620705.737215,29759770.083399,28183707.493312,29458464.000000,0
2018-02-02,29922017.010771,31868918.195051,29922017.010771,31845740.800000,0
2018-02-05,32958258.562452,36527577.703533,31080889.403831,36295803.733333,0
2018-02-06,38103634.750072,38242699.110473,32216576.826399,32309286.400000,0
2018-02-07,32819192.115131,34464787.200000,32123870.248285,34464787.200000,0
2018-02-08,33769452.373333,38868477.440000,33653565.440000,38822122.666667,0
2018-02-09,36040851.029668,40328669.319372,34603852.467714,35415061.333333,0
2018-02-12,34348891.431111,34997858.340741,32680119.377778,33375441.066667,0
2018-02-13,34186654.498382,34325718.855663,33282736.176052,33421800.533333,0
2018-02-14,34186656.087172,34186656.087172,30964998.327093,31196772.266667,0
2018-02-15,30524626.044444,32262930.488889,30037900.800000,30037900.800000,0
2018-02-16,30686866.835772,30686866.835772,29273045.931707,30408738.133333,0
2018-02-20,30547801.517486,30825930.211120,27928756.319098,28763142.400000,0
2018-02-21,28276419.835019,29806127.793307,28183710.261790,29782950.400000,0
2018-02-22,29342573.605560,30223314.361493,29018090.169163,30014717.866667,0
2018-02-23,29249869.976769,29296224.762786,28044645.540325,28067822.933333,0
2018-02-26,27488394.444287,27604281.436042,26213637.534982,26236814.933333,0
2018-02-27,26236806.772960,26514935.466667,25170646.780420,26514935.466667,0
2018-02-28,25981856.161864,27256612.708610,25541485.718443,27187080.533333,0
2018-03-01,27210257.236501,29435286.789060,26862596.368914,28531368.533333,0
2018-03-02,29574352.850957,29667062.421023,26908952.711568,27048017.066667,0
2018-03-05,27488391.732628,27859230.069662,25912328.800235,26306344.533333,0
2018-03-06,25796436.616974,26005033.139483,24915695.744157,25124292.266667,0
2018-03-07,25819613.168124,25865967.949395,24799807.980155,24915694.933333,0
2018-03-08,24660746.189055,25263358.407960,24382617.472637,24846165.333333,0
2018-03-09,24382614.800931,24382614.800931,23246922.666667,23246922.666667,0
2018-03-12,22806555.807803,22991974.960712,22180766.166735,22574781.866667,0
2018-03-13,22180768.666405,23895896.024100,21670865.938441,23594589.866667,0
2018-03-14,23293283.709234,24266734.371709,23246928.915783,23594589.866667,0
2018-03-15,23385990.736402,24034957.773686,23200571.582893,23664119.466667,0
2018-03-16,23571408.178299,23803182.103356,23270102.075725,23710472.533333,0
2018-03-19,24336260.554529,26051387.488848,24058131.862477,25077937.066667,0
2018-03-20,24987231.056799,24987231.056799,24222315.820367,24430929.066667,0
2018-03-21,24709077.700096,24709077.700096,23364681.352436,24268672.000000,0
2018-03-22,25427639.718976,26308451.304501,24709082.899206,26262092.800000,0
2018-03-23,26377983.181594,28904521.113751,26262086.946174,28881341.866667,0
2018-03-26,26957464.747449,27977351.633853,25242200.438497,25288558.933333,0
2018-03-27,24593186.201867,28695913.777485,24477289.942669,28139611.733333,0
2018-03-28,28580011.713488,30248917.506977,27838275.805271,29901228.800000,0
2018-03-29,29205848.835821,29924405.434163,27073358.285904,27954169.600000,0
2018-04-02,28742269.015873,31917826.157143,28046891.539683,31152910.933333,0
2018-04-03,30040304.846093,31013833.243883,29113134.943436,29368106.666667,0
2018-04-04,31801938.760011,31941014.293947,27977361.576773,28209154.133333,0
2018-04-05,27606485.498484,29669438.654961,27536947.751636,29043598.933333,0
2018-04-06,30225740.762628,32149618.433869,29344929.298686,31755571.200000,0
2018-04-09,30666146.700000,31222448.680952,28394580.277778,31152910.933333,0
2018-04-10,29089960.454321,29623083.235556,27652846.870123,28162790.400000,0
2018-04-11,28440942.007249,28858168.540362,27374696.422625,28139611.733333,0
2018-04-12,27397873.913287,27583307.916084,26308449.146853,26517062.400000,0
2018-04-13,25636253.582708,27467414.552901,25497178.065984,27166084.266667,0
2018-04-16,26656136.331903,27676023.287210,26563419.335966,27003825.066667,0
2018-04-17,26447525.947298,26563422.204736,25265384.121433,25450818.133333,0
2018-04-18,25914404.016240,26957470.367520,25821687.007237,26262092.800000,0
2018-04-19,27745560.799375,29947589.434246,27699202.301798,29646259.200000,0
2018-04-20,29692614.496604,31106548.520252,29229029.570818,30712501.333333,0
2018-04-23,30295279.607832,32149619.599130,30133024.858593,31964185.600000,0
2018-04-24,31176089.027384,33563551.607177,30202560.596789,32729098.666667,0
2018-04-25,32219155.964269,34398005.360414,32103259.719793,32868174.933333,0
2018-04-26,31338349.475796,31894651.537497,30735688.908954,30805226.666667,0
2018-04-27,29646258.081492,31941003.624939,29623078.833579,31477418.666667,0
2018-04-30,31732391.364862,32937712.293257,30921117.663058,32543665.066667,0
2018-05-01,32636380.637559,32868173.113678,30782040.828607,30897937.066667,0
2018-05-02,30921117.095506,31709211.534222,30527069.876148,31291985.066667,0
2018-05-03,32010544.579553,32798639.087666,30364817.812610,30758865.066667,0
2018-05-04,31338344.590523,31755571.071757,28464117.719794,28533655.466667,0
2018-05-07,28046893.409015,28232327.415025,27374695.137229,27768742.400000,0
2018-05-08,27977358.114221,28185971.389306,27166084.266667,27166084.266667,0
2018-05-09,26957465.385337,27189257.865004,26007116.218700,26030295.466667,0
2018-05-10,25566714.100188,25636251.853861,24616364.800000,24616364.800000,0
2018-05-11,25126298.582198,25334911.762308,24477279.799632,25172657.066667,0
2018-05-14,24175956.169697,24407748.654545,23318323.975758,24222314.666667,0
2018-05-15,24778618.546396,25543533.805545,24523646.793346,25079948.800000,0
2018-05-16,25010407.903218,25033587.150579,23897804.029858,24013700.266667,0
2018-05-17,24338213.435115,24801798.452926,23666015.159288,24291854.933333,0
2018-05-18,24871335.528149,25589892.286185,24848156.277890,25334920.533333,0
2018-05-21,24222317.731569,25242204.793951,23781911.954631,24523648.000000,0
2018-05-22,23990524.495677,24384571.757925,23596477.233429,24129600.000000,0
2018-05-23,24871336.872585,25010412.381659,23735553.548488,23758732.800000,0
2018-05-24,23781910.516881,24361391.767292,23341504.766568,23480580.266667,0
2018-05-25,23550109.892525,23642826.860606,22854732.631919,22947449.600000,0
2018-05-29,23318322.040212,23828265.464550,22762020.122751,23364680.533333,0
2018-05-30,23016997.059109,23225610.325506,22391157.259919,22901100.800000,0
2018-05-31,23016995.463231,23480580.467526,22692485.960225,23387863.466667,0
2018-06-01,22947452.327311,23016990.061637,21811669.333333,21811669.333333,0
2018-06-04,21603054.468555,21904384.627451,21209007.337691,21278545.066667,0
2018-06-05,21232193.572921,21371269.076674,20814967.061663,21000401.066667,0
2018-06-06,21023579.562955,21255372.060892,20606353.066667,20606353.066667,0
2018-06-07,20583171.143860,21579878.755556,20467274.909942,21139473.066667,0
2018-06-08,21881209.982906,22228898.700855,21579879.760684,21695776.000000,0
2018-06-11,21811678.823613,22066650.627077,21510348.510428,21858037.333333,0
2018-06-12,21672600.846789,22089827.387155,21463987.576606,21533525.333333,0
2018-06-13,21533525.708727,21672601.224607,20907685.887268,21603063.466667,0
2018-06-14,21324913.280932,21626243.577293,20907686.716739,21232196.266667,0
2018-06-15,21649412.954539,21858026.141467,21232186.580683,21278545.066667,0
2018-06-18,21765312.209725,22483868.842847,21742132.963495,21927566.933333,0
2018-06-19,22925573.163761,23620989.943248,22577864.774017,22601045.333333,0
2018-06-20,22137432.918488,22577863.521054,21928807.896219,22276516.266667,0
2018-06-21,21789728.738215,23203743.049950,21789728.738215,23111020.800000,0
2018-06-22,22763303.719243,23806428.635095,22716942.611872,23690525.866667,0
2018-06-25,24525026.359916,26657637.347735,24525026.359916,25753595.733333,0
2018-06-26,25336347.067516,25869499.842038,25081360.957962,25475430.400000,0
2018-06-27,25127720.670734,27353053.866667,24872734.575367,27353053.866667,0
2018-06-28,27538497.036031,27677580.354395,26495372.148303,26634455.466667,0
2018-06-29,26008583.507692,26541736.289044,25544972.393473,26518555.733333,0
2018-07-02,27237154.289107,27839848.766993,26008584.776492,26031765.333333,0
2018-07-03,25684058.882883,27538503.567568,25614517.207207,27445781.333333,0
2018-07-05,26704000.023465,26704000.023465,25266805.577757,25289986.133333,0
2018-07-06,25429063.715319,25707230.319315,24223675.098002,24362758.400000,0
2018-07-09,23597807.707961,24756835.591456,23597807.707961,23875974.400000,0
2018-07-10,23852792.445691,23852792.445691,22971931.305812,23134195.200000,0
2018-07-11,24246865.863693,24988643.786865,23875976.902107,24942282.666667,0
2018-07-12,24965459.765242,25591334.801140,24316404.172460,24409126.400000,0
2018-07-13,24409131.629268,24826381.742589,24270048.258161,24710478.933333,0
2018-07-16,24710475.871771,24872739.784625,24339586.928105,24826378.666667,0
2018-07-17,25313171.719257,25405893.959987,23713713.066667,23713713.066667,0
2018-07-18,23389182.056344,23690529.297902,23111015.371828,23203737.600000,0
2018-07-19,23458725.434921,23806433.815873,23064655.936508,23366003.200000,0
2018-07-20,23551445.150000,24061417.387500,23342820.143750,23736889.600000,0
2018-07-23,23968691.761073,24988636.091331,23481900.148904,23620983.466667,0
2018-07-24,23203737.441975,24501848.627540,22809667.974929,24409126.400000,0
2018-07-25,24571388.252252,25382707.675676,24015054.933333,24015054.933333,0
2018-07-26,23620990.945318,23620990.945318,22670587.973034,22693768.533333,0
2018-07-27,22624223.860356,23528265.592481,22067890.486741,23018293.333333,0
2018-07-30,23041470.363470,24015053.618265,22856025.933986,23690525.866667,0
2018-07-31,23203737.600000,23366001.499301,22253334.761239,23203737.600000,0
2018-08-01,23203743.290301,23620993.419398,22624229.222112,23342826.666667,0
2018-08-02,23922337.722825,24200504.440532,22554684.694098,22647406.933333,0
2018-08-03,22624223.269887,22971931.619322,22438778.816855,22554681.600000,0
2018-08-06,22647403.709878,23041473.170541,22114250.910157,22137431.466667,0
2018-08-07,21998351.114163,22091073.352790,21557920.480687,21604281.600000,0
2018-08-08,21789719.780664,21836080.886580,21326108.721501,21418830.933333,0
2018-08-09,21766546.522432,22137435.494060,21673824.279525,22114254.933333,0
2018-08-10,23412361.812500,24038236.831250,23180556.250000,23736889.600000,0
2018-08-13,23597803.651924,23736886.974038,22995109.256099,23690525.866667,0
2018-08-14,23342816.434568,23852788.591033,23111010.908902,23783246.933333,0
2018-08-15,24339584.119850,25521792.491386,24084598.000499,24756834.133333,0
2018-08-16,24177317.262752,25081358.847841,24154136.709289,24872733.866667,0
2018-08-17,25637698.096384,26541739.891826,25243628.595807,25429073.066667,0
2018-08-20,25127722.309818,26379472.314182,25035000.087273,25498611.200000,0
2018-08-21,25243630.822029,25313172.504734,23829616.607021,23991880.533333,0
2018-08-22,24246859.155121,24640928.567776,23597803.651924,23690525.866667,0
2018-08-23,23783247.337390,23783247.337390,23087830.748577,23620983.466667,0
2018-08-24,23342818.571389,23342818.571389,22577860.266667,22577860.266667,0
2018-08-27,22160610.151685,22206971.260789,21024762.978638,21557915.733333,0
2018-08-28,21326117.925926,21928812.562963,21024770.607407,21279756.800000,0
2018-08-29,21279748.926316,21511554.470175,20955221.164912,21140665.600000,0
2018-08-30,21279746.581857,21789718.722163,21024760.511704,21720177.066667,0
2018-08-31,21812903.935722,21928806.719653,21233390.016069,21349292.800000,0
2018-09-04,21557912.275862,21743356.682536,20816134.649166,20839315.200000,0
2018-09-05,20908862.406426,21673820.787149,20723417.950493,21163848.533333,0
2018-09-06,21372471.951810,22902388.599120,21326110.841286,22832846.933333,0
2018-09-07,23087834.087375,23296459.094188,22114250.722244,23134195.200000,0
2018-09-10,22601040.993789,23064652.091097,22369235.445135,22392416.000000,0
2018-09-11,22856029.673508,23389182.495506,22554682.426291,23041474.133333,0
2018-09-12,23760066.380767,25336343.955296,23760066.380767,23783246.933333,0
2018-09-13,22971932.218865,23273279.462907,22114251.601208,23018293.333333,0
2018-09-14,22670585.753174,22856030.217412,21975169.012279,22276516.266667,0
2018-09-17,22670585.025150,23296460.071856,22322876.665868,23226918.400000,0
2018-09-18,22879207.477618,22902388.032307,22183790.836961,22577860.266667,0
2018-09-19,22624222.042975,22763305.375207,22160610.935537,22438777.600000,0
2018-09-20,21998345.099786,22067886.759743,21418831.266809,21650636.800000,0
2018-09-21,21604276.265538,22044706.790265,21395651.280141,21905623.466667,0
2018-09-24,22276511.739615,22554678.379443,21604275.693362,21650636.800000,0
2018-09-25,21746470.382567,22789744.548042,21746470.382567,22697009.066667,0
2018-09-26,22812924.539165,23392521.199205,22534718.142346,23322969.600000,0
2018-09-27,23091133.341935,23322972.030108,22789743.047312,22998397.866667,0
2018-09-28,23160680.338398,23346151.252019,22395612.819713,22581083.733333,0
2018-10-01,22372430.001380,22557900.923671,21839201.099793,22395613.866667,0
2018-10-02,22441987.070941,22581090.296587,21491448.362358,22418803.200000,0
2018-10-03,22140594.121149,22975213.375978,21885571.571063,22326065.066667,0
2018-10-04,22673821.728220,24134405.336480,22673821.728220,23577992.533333,0
2018-10-05,23647548.000000,25873199.576471,23485260.905882,25224051.200000,0
2018-10-08,25803648.353025,26731003.190510,25131316.095848,26058670.933333,0
2018-10-09,26313685.446809,26661443.404255,25780456.578723,26151398.400000,0
2018-10-10,27194675.109718,29675348.798328,27125123.510972,29582613.333333,0
2018-10-11,29721717.844815,31205485.350329,27867008.462924,30556337.066667,0
2018-10-12,27959744.494686,30231763.533226,27472883.272142,28794363.733333,0
2018-10-15,29165302.556444,29907186.246275,28608889.789072,29559428.266667,0
2018-10-16,28492972.846417,28701627.651639,26568711.864926,26638263.466667,0
2018-10-17,26290503.372361,27588799.835193,25942745.391245,27009203.200000,0
2018-10-18,27264225.949601,29327589.988304,27264225.949601,29072567.466667,0
2018-10-19,28330681.092683,30741802.887805,28006107.004878,30417228.800000,0
2018-10-22,29791267.334370,30649070.362675,29258038.424883,29814451.200000,0
2018-10-23,32202387.968196,33129742.553313,29791266.046891,30324494.933333,0
2018-10-24,31715521.102744,36421844.775154,31715521.102744,36329109.333333,0
2018-10-25,35401764.679287,35772706.548880,32944274.793233,33802077.866667,0
2018-10-26,35888627.750000,37210108.229167,33825263.493056,35610421.333333,0
2018-10-29,33616609.234662,38693876.422517,32944277.049968,36653696.000000,0
2018-10-30,36839165.357996,37117371.767245,31993737.063584,32086472.533333,0
2018-10-31,30672257.320330,31738715.246812,30139028.357089,30904096.000000,0
2018-11-01,30509969.296896,30509969.296896,26360057.059704,26638263.466667,0
2018-11-02,26846915.541333,28794360.192000,26499157.568000,27820637.866667,0
2018-11-05,27820638.830219,29930370.608178,27820638.830219,28539338.666667,0
2018-11-06,28701627.489113,28724811.356229,27194676.126599,27542434.133333,0
2018-11-07,26475974.668531,27542432.492308,26313687.608392,26522342.400000,0
2018-11-08,27356961.581609,27588800.239080,26290503.757241,26893284.266667,0
2018-11-09,27913376.515904,29095753.760349,27681537.840523,28377053.866667,0
2018-11-12,29698526.545455,32434222.199134,29675342.683983,32132832.000000,0
2018-11-13,31669161.182469,31669161.182469,28887097.242575,30857725.866667,0
2018-11-14,29884005.571001,31367773.109049,29049386.330849,30486786.133333,0
2018-11-15,30811364.641758,30973651.739194,27055577.529670,27426519.466667,0
2018-11-16,30440418.077560,30440418.077560,28006111.986057,28377053.866667,0
2018-11-19,29072567.575988,31738712.130405,28516154.799414,31669160.533333,0
2018-11-20,34335305.517708,34451224.847612,30278128.971051,31553241.600000,0
2018-11-21,30301316.717796,31182303.737900,29721719.994043,31135936.000000,0
2018-11-23,31761897.333333,31877816.666667,30347681.466667,31159116.800000,0
2018-11-26,29860822.025952,30788176.747255,29397144.665301,29420328.533333,0
2018-11-27,29976743.698257,30370869.485473,28539343.768410,29258043.733333,0
2018-11-28,28516157.817562,30023109.246945,27194677.333333,27194677.333333,0
2018-11-29,27658352.272208,28052477.996121,27055571.753283,27890190.933333,0
2018-11-30,27727904.533333,28701626.933333,26661446.666667,26707814.400000,0
2018-12-03,24296692.793962,25386334.550943,23995302.520755,24574899.200000,0
2018-12-04,25177678.722112,28168397.465347,25038575.524752,28098845.866667,0
2018-12-06,30579526.985281,31831456.065801,28562530.133333,28562530.133333,0
2018-12-07,28678440.418102,32179203.961460,28516153.366423,31761894.400000,0
2018-12-10,31877812.195122,32295121.736585,30046286.985366,30417228.800000,0
2018-12-11,28910278.897778,30440413.947700,27751085.678140,29907185.066667,0
2018-12-12,28446597.102352,29281216.088240,27310587.927115,28585700.266667,0
2018-12-13,28075658.393162,29258035.418803,27635164.991453,28933461.333333,0
2018-12-14,29953548.980374,30185387.594773,28400230.263900,30162203.733333,0
2018-12-17,30440413.561679,31831445.407605,28910278.531160,31298216.533333,0
2018-12-18,30533153.349189,30533153.349189,28539340.753874,30023108.266667,0
2018-12-19,30440414.413525,34265752.096870,29559427.553119,33825258.666667,0
2018-12-20,33848447.543977,35934995.680249,32318312.244044,34706250.666667,0
2018-12-21,34057101.884376,36676878.952405,32781989.152150,36305937.066667,0
2018-12-24,37186921.503943,39435756.532549,36120463.655327,39389388.800000,0
2018-12-26,37905623.084577,39829884.072968,32573333.598673,32619701.333333,0
2018-12-27,34275334.155701,35110186.679115,31793966.933333,31793966.933333,0
2018-12-28,31214213.187987,31956304.437627,29382175.415438,31144642.133333,0
2018-12-31,29985125.507202,31469308.053576,29730031.632044,30588074.666667,0
2019-01-02,32512870.918380,32559251.618692,29057508.745171,29776409.600000,0
2019-01-03,31979492.391076,35086999.265916,31376543.295958,34994237.866667,0
2019-01-04,33301342.016260,33533245.512195,30031502.723577,30425738.666667,0
2019-01-07,29938743.048265,30495311.470541,27851611.464730,28732844.800000,0
2019-01-08,27874800.524409,30240216.209509,27805229.474847,29103889.066667,0
2019-01-09,28384989.998966,28384989.998966,26483381.191846,26923997.866667,0
2019-01-10,27689284.486247,27712474.841763,26019578.889086,26135530.666667,0
2019-01-11,26552946.654490,26738469.425875,24674528.594216,25393429.333333,0
2019-01-14,26344235.187900,26993564.928447,26065951.013380,26576138.666667,0
2019-01-15,26321046.652632,26738472.943158,25463003.722105,26436998.400000,0
2019-01-16,26112332.715838,27086327.364208,25741287.135506,27039946.666667,0
2019-01-17,27503761.642118,28083520.530021,25671723.556344,26135530.666667,0
2019-01-18,25347052.741023,25764479.044169,23839679.979663,24326677.333333,0
2019-01-22,25045583.409490,26924002.165202,24999202.699473,26390624.000000,0
2019-01-23,25973190.425703,27689276.221687,25602144.848193,26947185.066667,0
2019-01-24,25138343.223237,25277485.344398,22007645.497095,22355500.800000,0
2019-01-25,22100403.866962,22541020.523282,20662602.146341,20917696.000000,0
2019-01-28,23236730.437696,23399062.885864,21659786.655497,22146784.000000,0
2019-01-29,22007643.910933,23213542.207422,21891692.151655,23120780.800000,0
2019-01-30,21891687.861251,22656969.322503,20848122.232272,21126406.400000,0
2019-01-31,21172787.094621,21706165.082766,20569838.064544,21126406.400000,0
2019-02-01,20871314.077449,21080027.218223,20082842.212301,20361126.400000,0
2019-02-04,20337937.591378,20894506.008930,20082843.733333,20082843.733333,0
2019-02-05,20036460.275410,20198792.708197,19526272.629508,19804556.800000,0
2019-02-06,19108844.870568,19108844.870568,17763804.818999,18227611.733333,0
2019-02-07,18900131.338909,19874125.837356,18645037.541697,19410318.933333,0
2019-02-08,20268362.986667,20523456.800000,19387129.813333,19479891.200000,0
2019-02-11,19271181.719807,19758179.091787,19085658.911433,19201610.666667,0
2019-02-12,18482710.505706,18598662.265465,17879761.354955,18018903.466667,0
2019-02-13,17694236.041266,18042091.271435,17439142.205808,17833378.133333,0
2019-02-14,18088474.925295,18088474.925295,17323193.293840,17694238.933333,0
2019-02-15,17299999.300221,17763806.251970,17184047.562284,17462331.733333,0
2019-02-19,17717428.949559,17740619.301587,17184050.852910,17531906.133333,0
2019-02-20,17392763.093623,17392763.093623,16766623.622252,17091288.533333,0
2019-02-21,17021715.129172,17624664.166445,16975334.433997,17462331.733333,0
2019-02-22,17068095.684384,17276808.810959,16836192.210411,16928953.600000,0
2019-02-25,16094103.241632,16534719.900985,15908580.437693,16488339.200000,0
2019-02-26,16697051.983448,16952145.833195,16441958.133701,16813003.733333,0
2019-02-27,17068095.773050,17926138.631206,17068095.773050,17439141.333333,0
2019-02-28,17671045.785600,17810187.878400,17230429.158400,17392761.600000,0
2019-03-01,16813002.871513,17485522.986374,16673860.778784,16905764.266667,0
2019-03-04,16557909.034842,17555094.032739,16418766.942112,16905764.266667,0
2019-03-05,16998525.163243,17369570.732973,16836192.726486,17160857.600000,0
2019-03-06,17184050.796396,18018903.466667,17160860.444444,18018903.466667,0
2019-03-07,18250807.118204,18923327.329676,18204426.413965,18598662.400000,0
2019-03-08,19526275.416521,19734988.574180,18598661.382482,18621851.733333,0
2019-03-11,18273995.764790,18389947.514567,17044907.217158,17300001.066667,0
2019-03-12,17184049.936499,17578285.899955,16836194.674627,17091288.533333,0
2019-03-13,16813002.871513,16975335.313032,16488337.988477,16905764.266667,0
2019-03-14,16905764.920755,17230429.816352,16650671.074214,17207239.466667,0
2019-03-15,16650669.868242,16697050.564254,15328820.031905,15699865.600000,0
2019-03-18,15653486.217009,16094102.866080,15398392.367546,15815818.666667,0
2019-03-19,15424143.746810,15424143.746810,15006648.126595,15145813.333333,0
2019-03-20,15169009.914286,15841641.852381,14890679.457143,15586505.600000,0
2019-03-21,15563308.125568,15563308.125568,13684577.934554,13939714.133333,0
2019-03-22,14218048.862168,15169011.347239,14078883.620450,15122622.933333,0
2019-03-25,15400949.452901,16096775.482399,15053036.438151,15725668.266667,0
2019-03-26,15076232.572298,15609699.263318,14821096.328767,15238592.000000,0
2019-03-27,15215395.327502,16235940.136054,15076230.126336,15911221.333333,0
2019-03-28,15725670.158491,16305525.252830,15400951.305660,15980806.400000,0
2019-03-29,15424145.631659,15586505.059361,15169009.388128,15238592.000000,0
2019-04-01,14565960.281117,14774708.119540,14102076.195731,14125270.400000,0
2019-04-02,14125270.542339,14357212.587370,13986105.315321,14078882.133333,0
2019-04-03,13591801.890224,13614996.091402,12780004.848999,13127917.866667,0
2019-04-04,13290276.802832,13290276.802832,12826392.795752,13104723.200000,0
2019-04-05,12849591.156927,13081533.235572,12780008.533333,12780008.533333,0
2019-04-08,12988753.433272,13035141.838391,12664034.597441,12687228.800000,0
2019-04-09,12919170.056066,13290277.274912,12919170.056066,13127917.866667,0
2019-04-10,13127918.840580,13174307.246377,12687228.985507,12803200.000000,0
2019-04-11,12733617.391304,12942365.217391,12548063.768116,12803200.000000,0
2019-04-12,12455287.426415,12617646.852830,12292928.000000,12292928.000000,0
2019-04-15,12292928.808380,12780007.119655,12246540.397782,12548065.066667,0
2019-04-16,12316121.789388,12339315.992381,11365159.466667,11365159.466667,0
2019-04-17,10738915.391453,11086828.417094,10391002.365812,10854886.400000,0
2019-04-18,10831693.404292,10994052.834335,10715722.382833,10808499.200000,0
2019-04-22,11017247.508922,11110024.330050,10738917.045539,10831693.866667,0
2019-04-23,10715722.779691,10762111.189993,10391003.907579,10506974.933333,0
2019-04-24,10530169.075171,10530169.075171,9880731.334852,10182256.000000,0
2019-04-25,10298225.375378,11017245.615551,10275031.174082,10738915.200000,0
2019-04-26,11388356.403649,11713075.323509,11017249.066667,11017249.066667,0
2019-04-29,11017246.792453,11225994.626415,10924469.977358,11063635.200000,0
2019-04-30,11133218.535332,11156412.740614,10762111.250821,10831693.866667,0
2019-05-01,10483777.517434,11110020.864714,10344612.329149,11086826.666667,0
2019-05-02,11133217.246753,11179605.651948,10367808.561039,10715721.600000,0
2019-05-03,10553363.343635,10901276.420898,10506974.933333,10506974.933333,0
2019-05-06,11597101.886792,11689878.701887,10994052.588679,11063635.200000,0
2019-05-07,11434742.207958,12223345.118852,11388353.801435,11852237.866667,0
2019-05-08,12084179.063352,12200150.071638,11597100.828553,12130567.466667,0
2019-05-09,12733618.709057,13383056.457425,12385705.629575,12548065.066667,0
2019-05-10,12872784.089054,13406250.817069,12292928.949907,12501676.800000,0
2019-05-13,13823744.165964,14449987.609724,13522219.544895,14310822.400000,1
2019-05-14,13754163.715587,13939717.357618,13035143.352715,13243891.200000,0
2019-05-15,13684578.776780,13730967.179414,12664033.918851,12919170.133333,0
2019-05-16,13522222.181570,13823746.861433,13174309.089420,13591804.800000,0
2019-05-17,14218046.376812,14565959.420290,13406249.275362,14403600.000000,0
2019-05-20,15725669.746187,16398301.637986,15424145.105036,16119971.200000,1
2019-05-21,15099427.200000,15516922.882949,14821096.744700,15099427.200000,0
2019-05-22,15934418.312139,16189554.558767,15609699.452794,16050389.333333,0
2019-05-23,16931767.138010,17604398.983219,16792601.928657,16862184.533333,0
2019-05-24,16491079.631099,17326071.004826,16212749.173190,17302876.800000,0
2019-05-28,17001350.324706,17859535.811765,16792602.503529,17743564.800000,0
2019-05-29,18253836.859338,18323419.464901,17302874.583311,17511622.400000,1
2019-05-30,17372457.218945,17534816.632206,16676631.162111,17140515.200000,0
2019-05-31,17766759.789857,17929119.213524,17024545.281665,17836342.400000,0
2019-06-03,17395651.764706,18021895.228235,16699825.694118,17743564.800000,0
2019-06-04,16769409.851874,17233293.941829,15424145.991004,15470534.400000,0
2019-06-05,14983455.733333,16375107.968627,14937067.325490,15772058.666667,0
2019-06-06,15772056.763655,15888027.769270,14960259.724349,15145813.333333,0
2019-06-07,15076232.266244,15099426.469731,14496377.179081,14635542.400000,0
2019-06-10,14009300.334596,14078882.952151,12988755.277108,13475833.600000,0
2019-06-11,12756812.918108,13707775.335640,12710424.507497,13406250.666667,0
2019-06-12,13870133.019202,14380405.471413,13754162.007335,14334017.066667,0
2019-06-13,14009298.919298,14426794.582456,13916522.105263,14102075.733333,0
2019-06-14,15354564.240611,15470535.269618,14983456.947786,15192204.800000,0
2019-06-17,15099426.989537,15540116.870952,15006650.172397,15516922.666667,0
2019-06-18,14913871.336541,15029842.342268,13174306.250630,13499025.066667,1
2019-06-19,13313474.159036,13661387.246816,13174308.923924,13475833.600000,0
2019-06-20,12548063.545293,13290278.024867,12478480.937833,13058336.000000,0
2019-06-21,13290278.722222,13406249.740741,12942365.666667,13359861.333333,0
2019-06-24,13267085.405254,13406250.636778,13104725.968476,13243891.200000,0
2019-06-25,13243891.010291,13870134.543177,13011948.961074,13823746.133333,0
2019-06-26,12919172.500186,12965560.911317,12316123.155473,12501676.800000,0
2019-06-27,12246539.654475,12292928.062257,11759461.372763,11921820.800000,0
2019-06-28,11641170.909260,11993722.807688,11585504.820035,11947334.400000,0
2019-07-01,10360851.004399,11256147.285505,10031493.305133,10966219.733333,1
2019-07-02,11107704.895749,11566950.159762,11098427.213647,11420826.666667,0
2019-07-03,11392993.740486,11833683.644943,11390674.319936,11587825.066667,0
2019-07-05,12035474.202543,12167681.184533,11736268.927513,11796573.866667,0
2019-07-08,12116648.472615,12274369.011692,11951969.674462,12060982.400000,0
2019-07-09,12292927.077024,12339315.481088,11761779.850488,11794251.733333,0
2019-07-10,11409228.177029,11599420.636984,11040440.358337,11564629.333333,1
2019-07-11,11383717.092976,11655089.321965,11314134.470158,11425466.666667,0
2019-07-12,11353563.000858,11353563.000858,10794582.677425,10808499.200000,0
2019-07-15,10657735.950748,10729637.977836,10437391.029024,10548723.200000,0
2019-07-16,10667013.414286,11052037.164399,10639180.372109,10910552.533333,0
2019-07-17,10692527.215215,10910552.715916,10627583.449049,10813137.066667,0
2019-07-18,10773703.325243,10785300.422472,10240236.852734,10321416.533333,0
2019-07-19,10182254.002832,10388682.386944,10077880.100753,10374765.866667,0
2019-07-22,10182255.314033,10217046.619206,9720690.665401,9774037.333333,1
2019-07-23,9556011.570666,9727648.671693,9407568.672481,9414526.933333,0
2019-07-24,9210417.596091,9226653.537459,8482119.654723,8544744.000000,1
2019-07-25,8711744.003306,9041101.737190,8711744.003306,8980796.800000,1
2019-07-26,8776687.781818,8994713.323967,8776687.781818,8980796.800000,0
2019-07-29,9022545.255717,9263764.974636,8874102.351767,8925129.600000,1
2019-07-30,9168667.505274,9247527.787384,8908892.458325,8971516.800000,1
2019-07-31,9103724.423529,10119630.486588,9103724.423529,9857536.000000,1
2019-08-01,10019896.497336,10687889.597158,9133877.871877,10446669.866667,1
2019-08-02,10757468.218491,11179602.590152,10502332.059795,10912869.333333,1
2019-08-05,11914861.492011,12615326.387979,11836001.205710,12348593.066667,1
2019-08-06,11687559.023509,12276691.786354,11358201.337195,11852237.866667,1
2019-08-07,12408897.534466,12420494.634965,11511281.955804,11608697.600000,1
2019-08-08,11242229.119166,11532156.628944,10650776.999218,10673971.200000,1
2019-08-09,11021885.830196,11460256.289351,10864165.241716,11260786.133333,1
2019-08-12,11553034.072423,11829045.125348,11260787.075209,11657408.000000,0
2019-08-13,11750185.264616,11917183.554993,10349255.162005,10629905.066667,1
2019-08-14,11406907.370330,11782653.404083,11107702.195306,11627252.266667,1
2019-08-15,11348923.882996,12016916.950297,11318771.418153,11703795.200000,0
2019-08-16,11249187.823335,11290937.386390,10662374.520386,10748193.066667,0
2019-08-19,10024532.752977,10314460.238891,9876089.880189,10154420.266667,0
2019-08-20,10228645.159198,10467545.488313,10091799.339608,10300547.200000,0
2019-08-21,10022214.794010,10182254.789563,9876091.319809,10015256.533333,0
2019-08-22,9975825.121665,10342293.470705,9859854.125133,10031491.200000,0
2019-08-23,10393320.341477,11427781.593943,10168336.616165,11335004.800000,1
2019-08-26,10850249.299972,11188884.699244,10789944.365855,11049719.466667,0
2019-08-27,10785303.631076,11346603.303919,10657735.523612,11165688.533333,0
2019-08-28,11360519.401877,11564628.366222,10894315.971951,10959259.733333,0
2019-08-29,10437392.821445,10462906.448342,9992064.061063,10210089.600000,0
2019-08-30,9931759.884605,10200812.697920,9769400.428294,10033814.400000,0
2019-09-03,10349250.490218,10727315.893603,10261112.543416,10551040.000000,0
2019-09-04,10061645.337802,10061645.337802,9678940.985396,9688218.666667,0
2019-09-05,9089808.523347,9092127.943741,8456606.755837,8795242.133333,1
2019-09-06,8767408.881356,8925129.464407,8667673.806780,8758131.200000,0
2019-09-09,8581854.841888,8739575.417361,8419495.425961,8630562.666667,0
2019-09-10,8774366.670005,8932087.244565,8516911.026238,8521549.866667,0
2019-09-11,8431092.777651,8551702.633067,8136526.400000,8136526.400000,1
2019-09-12,7939375.492560,8233941.863449,7844279.262587,8073901.866667,1
2019-09-13,8073902.143970,8266414.030769,8020555.476543,8141165.333333,0
2019-09-16,8356870.441106,8523868.684725,8196830.457638,8305843.200000,0
2019-09-17,8345275.166207,8500676.343565,8210748.773867,8236262.400000,0
2019-09-18,8266415.032684,8560981.449393,8199151.835168,8217707.200000,0
2019-09-19,8141165.240000,8373107.269630,8085499.152889,8349913.066667,0
2019-09-20,8273372.718651,8913532.760801,8273372.718651,8804520.000000,1
2019-09-23,8862505.433288,8862505.433288,8393982.508000,8533147.733333,1
2019-09-24,8344491.415029,9026716.241508,8279517.622031,8903730.133333,1
2019-09-25,8991907.911160,9258764.533040,8353772.511013,8428028.266667,0
2019-09-26,8428028.881600,8662398.627481,8335209.180261,8432669.866667,0
2019-09-27,8548693.117036,9212353.874764,8502283.273838,9017432.533333,1
2019-09-30,8913012.165032,9005831.869953,8711129.306829,8755218.666667,0
2019-10-01,8588143.914005,9077767.898295,8251672.455607,8980307.200000,1
2019-10-02,9237881.407448,9578993.833194,9145061.699762,9409597.866667,1
2019-10-03,9416558.909494,9741427.871379,8903730.048233,8929255.466667,1
2019-10-04,8815551.432683,8854999.807086,8430349.659105,8448913.600000,1
2019-10-07,8532450.823656,8634552.492473,8365375.365591,8632232.000000,0
2019-10-08,8915329.661185,9444401.801411,8880522.283538,9425837.866667,1
2019-10-09,9033676.388212,9121855.094287,8762178.793190,8950138.666667,0
2019-10-10,8880525.151852,8915332.540741,8409465.155556,8687924.266667,1
2019-10-11,8237748.692418,8237748.692418,7792214.115250,8110121.600000,1
2019-10-14,8131006.033305,8226146.229471,8049788.792675,8110121.600000,0
2019-10-15,7984814.074020,7989455.058660,7513754.133007,7574086.933333,1
2019-10-16,7676189.111516,7945366.238763,7576407.935036,7905917.866667,1
2019-10-17,7594973.396852,7968572.760400,7543922.552143,7813099.733333,0
2019-10-18,7871110.906537,8298081.545334,7813098.591482,8082275.733333,1
2019-10-21,7873430.315303,7915199.176392,7615855.671920,7627458.133333,0
2019-10-22,7576409.178571,7808458.464286,7532319.814286,7796856.000000,0
2019-10-23,8226146.130036,8400183.072138,8049788.695372,8256312.533333,1
2019-10-24,7905918.733718,7973213.022910,7643703.055141,7650664.533333,1
2019-10-25,7622819.015504,7622819.015504,7163361.431008,7184245.866667,1
2019-10-28,7045016.090010,7045016.090010,6778159.419934,6806005.333333,1
2019-10-29,6787440.358566,7005566.647012,6636608.350598,6989323.200000,1
2019-10-30,6875620.565404,7142477.252890,6845454.157254,6984683.733333,1
2019-10-31,7063579.481288,7379166.475196,7051977.018277,7109989.333333,1
2019-11-01,6933631.917058,6996285.217513,6625006.400000,6625006.400000,1
2019-11-04,6395278.538183,6397599.031121,6156267.765529,6188754.666667,1
2019-11-05,6142344.695084,6225882.439331,6014717.585817,6151626.666667,1
2019-11-06,6193393.364273,6476493.398158,6186431.888029,6300136.000000,1
2019-11-07,6010075.796763,6263009.488596,5968306.930222,6165548.800000,1
2019-11-08,6253727.571338,6358149.738577,6072729.148123,6077370.133333,1
2019-11-11,6242124.100251,6307097.882707,6130740.473183,6172509.333333,1
2019-11-12,6086651.241461,6200355.363014,5979908.596739,6119138.133333,1
2019-11-13,6246764.706192,6309417.992621,6058804.846904,6121458.133333,1
2019-11-14,6172509.333333,6307097.882707,6149304.411028,6172509.333333,1
2019-11-15,5961345.958780,6088973.061829,5849962.305210,6012396.800000,1
2019-11-18,6000791.887773,6142341.889766,5928856.640859,6054163.200000,1
2019-11-19,5965987.595920,6237485.281148,5933500.693414,6142345.066667,1
2019-11-20,6232843.303320,6490417.989347,6128421.133309,6360470.400000,1
2019-11-21,6420804.061858,6641250.894484,6383676.174257,6562354.133333,1
2019-11-22,6485776.485704,6625006.034592,6397597.771408,6573955.200000,1
2019-11-25,6404560.280702,6404560.280702,6079691.280956,6084332.266667,1
2019-11-26,6105216.153927,6249086.698033,6105216.153927,6174830.933333,1
2019-11-27,6088972.518177,6126100.399386,6035601.188940,6042562.666667,0
2019-11-29,6123780.126389,6258368.700595,6112177.663095,6237484.266667,0
2019-12-02,6225881.371130,6548429.828300,6188753.491168,6515942.933333,1
2019-12-03,6919708.061538,7038053.169231,6806003.938462,6817606.400000,1
2019-12-04,6527546.139238,6573955.994476,6418482.979429,6497379.733333,1
2019-12-05,6383675.317383,6502020.443224,6316381.030141,6420803.200000,1
2019-12-06,6188752.403942,6209636.832752,6077368.783624,6121458.133333,1
2019-12-09,6123780.331144,6221241.026070,6068088.505473,6218920.533333,1
2019-12-10,6144663.671718,6223560.410705,6017036.593944,6156266.133333,1
2019-12-11,6084331.699314,6095934.162508,5731616.818194,5747860.266667,1
2019-12-12,5754821.057068,5780346.473047,5262876.676383,5286081.600000,2
2019-12-13,5295364.012325,5434593.565673,5123647.563197,5371940.266667,1
2019-12-16,5186300.226079,5218787.117876,5067955.120249,5214146.133333,1
2019-12-17,5149173.292696,5223429.058972,5107404.424166,5146852.800000,1
2019-12-18,5132928.412841,5204863.666367,5102762.016202,5156133.333333,1
2019-12-19,5105083.993232,5163096.311337,5026187.240609,5028507.733333,1
2019-12-20,4954250.742930,4986737.633047,4847508.103972,4868392.533333,1
2019-12-23,4748694.027513,4841532.620426,4746373.062690,4825285.866667,1
2019-12-24,4809039.083277,4874026.097916,4788150.400000,4788150.400000,0
2019-12-26,4748693.288716,4834568.973800,4748693.288716,4771902.933333,1
2019-12-27,4718519.719339,4860098.520558,4718519.719339,4820642.133333,1
2019-12-30,4839211.442561,5034172.479096,4839211.442561,4929729.066667,1
2019-12-31,4990073.677888,5008641.393899,4876346.417323,4894914.133333,1
2020-01-02,4702273.481901,4774223.372295,4586225.271587,4590867.200000,1
2020-01-03,4797433.308393,4867062.238849,4720841.484892,4839210.666667,1
2020-01-06,5008641.543611,5092196.268157,4943654.535631,4983110.933333,1
2020-01-07,4850815.584110,4906518.729573,4658175.539382,4732446.400000,1
2020-01-08,4725483.631122,4795112.564783,4637286.981818,4723162.666667,1
2020-01-09,4560695.631632,4778866.313247,4544448.878745,4637287.466667,1
2020-01-10,4579262.749975,4764939.901520,4572299.856793,4732446.400000,1
2020-01-13,4628002.921361,4686027.030204,4537485.311565,4549090.133333,1
2020-01-14,4544448.578782,4604793.656947,4416795.528816,4521238.933333,2
2020-01-15,4539806.759346,4727804.892018,4521239.042538,4681385.600000,1
2020-01-16,4567658.911366,4576942.770942,4446968.736879,4451610.666667,1
2020-01-17,4398227.801418,4463214.808511,4354129.475177,4363413.333333,1
2020-01-21,4409832.767162,4419116.625619,4316994.182590,4372697.333333,1
2020-01-22,4282179.551687,4303068.232427,4124353.963874,4265932.800000,2
2020-01-23,4219513.549164,4342524.670234,4161489.435452,4163810.400000,1
2020-01-24,4012947.640374,4395906.784770,3973491.243678,4307710.133333,2
2020-01-27,4679064.289715,4827606.013198,4644249.823274,4806717.333333,2
2020-01-28,4616397.663684,4727803.942144,4414473.783975,4460893.066667,1
2020-01-29,4525882.661410,4718522.795203,4479463.352062,4709238.933333,1
2020-01-30,4811359.211799,4997036.364208,4676743.276303,4720841.600000,2
2020-01-31,4818321.514742,5289477.231261,4818321.514742,5226811.200000,2
2020-02-03,5157183.600553,5189677.106587,5008641.858683,5038814.400000,1
2020-02-04,4644249.210987,4723161.991183,4549089.681926,4563015.466667,1
2020-02-05,4310031.022754,4463214.677844,4235760.159681,4263611.733333,1
2020-02-06,4256649.066667,4416795.623700,4245044.243693,4256649.066667,1
2020-02-07,4393586.308943,4569979.631436,4379660.520325,4567658.666667,1
2020-02-10,4688348.435925,4688348.435925,4356450.502094,4358771.466667,1
2020-02-11,4240402.436322,4240402.436322,4024552.722815,4089539.733333,2
2020-02-12,3968849.551601,3973491.480902,3892257.718149,3913146.400000,1
2020-02-13,4019910.838321,4024552.767696,3820307.875218,3908504.533333,2
2020-02-14,3829591.069108,3999021.461863,3771566.962000,3929392.533333,1
2020-02-18,4147563.349726,4175414.922304,4070971.525137,4096502.133333,1
2020-02-19,3922429.546404,3936355.331776,3759962.050400,3776208.800000,1
2020-02-20,3829591.665686,4117391.281774,3785493.337414,3943318.933333,2
2020-02-21,4026873.140493,4344845.255909,4015268.318762,4300746.933333,3
2020-02-24,4897235.279143,4990073.862634,4725483.899685,4911161.066667,3
2020-02-25,4704595.926413,5440341.811303,4699953.996540,5366070.933333,4
2020-02-26,5208243.325654,5435697.802443,4971504.992670,5319649.600000,4
2020-02-27,5811695.488294,6101816.069778,5489081.401683,6067001.600000,4
2020-02-28,6714551.006260,6740081.618451,5533179.951236,5635302.400000,3
2020-03-02,5303405.312586,5916140.105812,5068987.834874,5071308.800000,2
2020-03-03,5036492.804426,5707251.523541,4792791.539696,5593524.266667,2
2020-03-04,5208245.443588,5482119.312725,4757978.235007,4760299.200000,3
2020-03-05,5124688.961576,5294119.348440,4822963.615107,5182713.066667,1
2020-03-06,5651549.655134,5881325.185260,5368391.931139,5500686.933333,2
2020-03-09,6677414.517362,6897906.133333,6094852.458322,6897906.133333,2
2020-03-10,6053074.890680,6858449.502285,5586561.066667,5586561.066667,1
2020-03-11,6113421.093901,6695983.240662,5883645.585816,6545120.533333,1
2020-03-12,7844859.221333,8703616.000000,7099829.691733,8703616.000000,2
2020-03-13,6918795.061673,8680407.088446,5825620.800000,5825620.800000,1
2020-03-16,7888958.447072,8587568.771452,6895585.627023,8520260.800000,1
2020-03-17,7972514.184861,8935714.588563,5967200.573298,6101816.533333,1
2020-03-18,7512960.942271,8464556.242343,6698302.526844,7582589.866667,1
2020-03-19,8028215.118809,8434383.851331,6150555.092467,6860770.133333,1
2020-03-20,6131987.817212,7454937.497685,5755991.592235,7452616.533333,1
2020-03-23,7013956.023014,7752022.871233,6292135.929315,6777217.600000,1
2020-03-24,5659197.065710,5687052.014352,4468398.011276,4528750.400000,2
2020-03-25,4363941.403015,4846760.451859,3939153.489849,4619278.400000,2
2020-03-26,4296625.623471,4405724.167124,3713992.975447,3718635.466667,3
2020-03-27,4090034.596061,4273412.991685,3885764.990810,4243236.800000,2
2020-03-30,4101640.668877,4201454.222222,3772023.818293,3781308.800000,2
2020-03-31,3797557.166916,4113246.515755,3600251.323892,4032002.933333,2
2020-04-01,4410366.957672,4793372.509259,4127174.974074,4679631.466667,3
2020-04-02,4758553.008219,4800335.424877,4220024.082411,4236272.800000,2
2020-04-03,4289662.288025,4647134.145360,4103962.621877,4477683.200000,2
2020-04-06,3922904.673601,3946117.127291,3075650.113918,3124396.266667,3
2020-04-07,2762282.061592,3145287.557526,2757639.570732,3140645.066667,4
2020-04-08,2971194.197754,3110468.925774,2787815.805861,2824955.733333,3
2020-04-09,2704250.979118,3082613.991647,2646219.842227,3001370.400000,4
2020-04-13,3019940.139560,3103504.970478,2866737.949544,2882986.666667,3
2020-04-14,2692645.081714,2706572.556275,2502302.929386,2509266.666667,3
2020-04-15,2653184.147206,2790137.659616,2653184.147206,2699609.066667,2
2020-04-16,2585867.414423,2685680.968121,2476768.878985,2499981.333333,3
2020-04-17,2351421.394032,2530157.274921,2344457.658413,2437307.466667,3
2020-04-20,2532478.557087,2599794.669054,2437307.502238,2592830.933333,3
2020-04-21,2727463.119792,3001370.054375,2669431.989583,2971193.866667,5
2020-04-22,2701929.512204,2734426.946200,2425701.323242,2453556.266667,3
2020-04-23,2437307.612903,2541763.653456,2365349.007189,2518551.200000,3
2020-04-24,2516230.118080,2583546.237475,2339815.460355,2353742.933333,3
2020-04-27,2260892.444810,2293389.872148,2191255.100514,2258571.200000,2
2020-04-28,2137867.207265,2302675.645610,2098406.031887,2300354.400000,3
2020-04-29,2184292.259566,2186613.505325,1940561.454832,1961452.666667,3
2020-04-30,2000913.489626,2181970.626738,1998592.244278,2170364.400000,3
2020-05-01,2330530.085750,2520872.184387,2307317.634696,2497659.733333,5
2020-05-04,2576582.277512,2590509.749282,2414095.106858,2425701.333333,3
2020-05-05,2281784.435116,2349100.557820,2163400.908981,2300354.400000,2
2020-05-06,2235358.891441,2240001.381350,2123939.133612,2223752.666667,2
2020-05-07,2098405.799498,2191255.613635,2075193.345963,2156436.933333,2
2020-05-08,2096084.729551,2112333.448385,1961452.487786,1963773.733333,3
2020-05-11,2026447.269340,2033411.005660,1917348.733648,1968416.133333,2
2020-05-12,1935918.714597,2135545.824256,1912706.259985,2130903.333333,3
2020-05-13,2093763.231276,2346778.965432,2065908.288066,2256250.400000,5
2020-05-14,2307318.167752,2421059.204190,2063587.375383,2068229.866667,4
2020-05-15,2270177.663358,2314281.319395,2177327.861176,2198219.066667,4
2020-05-18,2042695.737274,2042695.737274,1861638.615107,1884851.066667,3
2020-05-19,1901099.951883,1915027.424058,1787358.929121,1910384.933333,3
2020-05-20,1798964.915641,1798964.915641,1671296.437756,1696830.133333,3
2020-05-21,1692188.023380,1833784.003388,1692188.023380,1826820.266667,3
2020-05-22,1815213.605175,1889493.445796,1792001.154981,1794322.400000,3
2020-05-26,1655048.006214,1752540.315135,1629514.306258,1743255.333333,3
2020-05-27,1720042.637883,1877887.306407,1664332.754875,1666654.000000,4
2020-05-28,1696830.453333,1798965.254902,1634156.825098,1775752.800000,4
2020-05-29,1754861.420455,1771110.137311,1620229.195076,1634156.666667,5
2020-06-01,1671296.626573,1701472.815664,1638799.192168,1659690.400000,2
2020-06-02,1648084.121574,1671296.573991,1550591.821425,1552913.066667,3
2020-06-03,1494882.312275,1494882.312275,1397389.987561,1418281.200000,3
2020-06-04,1434529.898990,1448457.373737,1346322.558923,1378820.000000,3
2020-06-05,1285969.917367,1290612.408044,1218653.802559,1269721.200000,3
2020-06-08,1248829.771014,1323109.608696,1248829.771014,1281327.200000,2
2020-06-09,1325430.853623,1341679.568116,1267399.730435,1281327.200000,3
2020-06-10,1255793.814842,1283648.760827,1230260.114355,1272042.533333,2
2020-06-11,1362571.090015,1513452.045469,1350964.862673,1511130.800000,5
2020-06-12,1376498.505511,1548270.663028,1355607.297164,1446135.866667,5
2020-06-15,1555234.277405,1557555.522595,1381140.888143,1383462.133333,2
2020-06-16,1265078.608747,1383462.111584,1241866.157210,1309182.266667,3
2020-06-17,1285970.006326,1299897.479319,1239545.096350,1272042.533333,2
2020-06-18,1290612.179710,1302218.404348,1262757.240580,1281327.200000,1
2020-06-19,1237223.922282,1311503.782531,1223296.448485,1302218.800000,2
2020-06-22,1306861.215815,1341679.898297,1262757.551338,1272042.533333,2
2020-06-23,1248829.952276,1265078.669127,1218653.763838,1258114.933333,2
2020-06-24,1281327.612457,1371856.193772,1260436.401384,1341680.000000,3
2020-06-25,1350965.044956,1408996.189499,1304540.129322,1311503.866667,2
2020-06-26,1320788.513199,1397389.604474,1302218.551678,1383462.133333,2
2020-06-29,1385783.667820,1436851.072664,1341680.000000,1341680.000000,2
2020-06-30,1323110.000000,1323110.000000,1220975.192982,1234902.666667,3
2020-07-01,1232581.269439,1285969.911995,1230260.024111,1283648.666667,1
2020-07-02,1230260.175439,1248830.140351,1197762.736842,1234902.666667,2
2020-07-06,1172228.904372,1172228.904372,1123482.751913,1132767.733333,2
2020-07-07,1151337.591601,1183835.023622,1123482.649869,1179192.533333,2
2020-07-08,1149016.407407,1176871.350617,1125803.954733,1128125.200000,1
2020-07-09,1118840.375054,1165265.286882,1063130.480860,1079379.200000,3
2020-07-10,1093306.578723,1125804.014184,1072415.370213,1090985.333333,2
2020-07-13,1046881.567742,1153658.845161,1012062.890323,1151337.600000,3
2020-07-14,1169907.630769,1218653.782051,1081700.309402,1086342.800000,3
2020-07-15,1065451.740254,1149016.582627,1065451.740254,1095627.933333,2
2020-07-16,1132767.651883,1149016.368201,1097948.974059,1109555.200000,2
2020-07-17,1093306.624307,1109555.342715,1079379.151386,1088664.133333,1
2020-07-20,1088664.304676,1107234.271493,1016705.683258,1025990.666667,1
2020-07-21,1007420.559350,1056166.715447,1000456.822764,1046881.733333,2
2020-07-22,1035275.335440,1058487.786907,1007420.393679,1028311.600000,1
2020-07-23,1030633.042581,1107234.147097,1005099.341075,1079379.200000,3
2020-07-24,1135088.933333,1179192.593320,1084021.537560,1135088.933333,3
2020-07-27,1088664.047121,1088664.047121,1021347.933333,1021347.933333,3
2020-07-28,1042239.162375,1088664.069385,1042239.162375,1081700.333333,2
2020-07-29,1046881.565523,1056166.546148,1000456.662395,1014384.133333,2
2020-07-30,1023669.349756,1023669.349756,951710.733333,951710.733333,4
2020-07-31,940104.388489,1009741.750600,940104.388489,967959.333333,3
2020-08-03,947068.010178,949389.255301,905285.597964,912249.333333,2
2020-08-04,916891.906667,916891.906667,870467.000000,870467.000000,2
2020-08-05,872788.266667,893679.475177,863503.285106,872788.266667,1
2020-08-06,877430.533333,902964.226102,872788.043739,877430.533333,1
2020-08-07,884394.524103,937783.169915,870467.051282,905285.733333,2
2020-08-10,898321.996923,944746.906325,893679.505983,905285.733333,2
2020-08-11,909928.059406,942425.490099,879751.873762,937783.000000,2
2020-08-12,907607.057827,919213.286188,837969.687661,840290.933333,3
2020-08-13,840290.919073,879752.094831,837969.673440,868145.866667,2
2020-08-14,858860.884135,877430.849198,837969.673440,868145.866667,2
2020-08-17,854218.385965,854218.385965,826363.438596,837969.666667,1
2020-08-18,828684.697826,861182.136957,821720.960870,854218.400000,1
2020-08-19,849575.792000,875109.490667,844933.301333,870467.000000,1
2020-08-20,902964.561632,909928.298611,877430.859375,891358.333333,2
2020-08-21,891358.229787,905285.702128,870467.021277,872788.266667,1
2020-08-24,844933.266667,865824.473810,835648.285714,844933.266667,1
2020-08-25,844933.092351,844933.092351,819399.400000,819399.400000,1
2020-08-26,814757.112000,826363.338667,803150.885333,812435.866667,1
2020-08-27,810114.631589,856539.538843,800829.650138,842612.066667,2
2020-08-28,834487.611713,840677.598633,792511.762909,792705.200000,2
2020-08-31,793092.309437,813983.521490,778197.648991,795993.866667,3
2020-09-01,783420.162665,791931.394061,749181.800000,749181.800000,3
2020-09-02,717071.414687,737575.749717,672967.750660,683993.666667,7
2020-09-03,713396.121890,812822.804822,713396.121890,802377.200000,10
2020-09-04,820173.242843,908767.428037,782453.011155,826556.666667,8
2020-09-08,915924.760082,942038.771193,866791.731770,940104.400000,6
2020-09-09,870467.056969,906252.924867,836808.997433,859054.266667,3
2020-09-10,831972.902372,911282.107201,819786.366020,897161.200000,4
2020-09-11,874916.057888,927144.078147,848028.299310,897548.200000,4
2020-09-14,842612.066667,864083.586272,825396.163560,842612.066667,3
2020-09-15,808373.715721,813209.643668,781679.393450,797347.800000,3
2020-09-16,785934.993067,824622.415812,779164.694086,822107.733333,3
2020-09-17,882653.699156,890778.059306,817465.380810,825202.866667,5
2020-09-18,808567.092759,892325.358588,804891.787792,861955.733333,4
2020-09-21,915731.199108,931399.603656,866017.866161,867758.800000,5
2020-09-22,846867.670644,894066.325655,834100.821338,836422.066667,5
2020-09-23,837582.612465,905092.157904,824042.015959,896967.800000,4
2020-09-24,916892.201152,918439.698538,835261.714045,873175.400000,6
2020-09-25,867178.745078,906833.360902,827911.003554,834487.866667,4
2020-09-28,802957.475044,817658.695980,765043.800000,765043.800000,3
2020-09-29,768718.972539,770266.469212,740477.158248,759820.866667,5
2020-09-30,764270.046825,770653.471665,735061.042251,758466.933333,6
2020-10-01,729257.865324,737575.660604,704304.479481,710494.466667,5
2020-10-02,761948.794415,776069.703781,729838.233392,775876.266667,6
2020-10-05,751696.613060,751890.050171,698114.533333,698114.533333,4
2020-10-06,701016.239607,718038.709002,659814.126187,709140.600000,8
2020-10-07,680511.814092,680511.814092,661941.849864,666197.466667,4
2020-10-08,650722.432771,656912.420241,639116.206265,642211.200000,4
2020-10-09,619192.098666,622867.403219,603910.569208,608939.933333,8
2020-10-12,586501.283394,594625.641542,572767.249384,580504.733333,6
2020-10-13,579731.160676,593078.324536,570252.739965,583406.466667,6
2020-10-14,578183.621859,602363.264794,572573.944698,592304.533333,5
2020-10-15,622674.262071,628864.251629,593271.811672,597720.866667,7
2020-10-16,581085.157942,606425.422819,581085.157942,605264.800000,3
2020-10-19,591337.228598,621319.979803,580311.313639,615516.866667,4
2020-10-20,605845.149200,621706.995380,600815.783339,616871.066667,3
2020-10-21,615516.933742,630798.466667,609713.819973,630798.466667,3
2020-10-22,625962.569585,651689.708570,618805.395582,627510.066667,3
2020-10-23,632345.997330,653817.519417,632345.997330,637568.800000,2
2020-10-26,651496.310870,701016.220485,644339.136434,677997.200000,5
2020-10-27,664263.050752,692117.995222,657105.877521,685541.133333,3
2020-10-28,716684.510371,755371.933333,716684.510371,755371.933333,5
2020-10-29,748601.653363,754211.329835,670259.619872,693085.200000,4
2020-10-30,714556.678554,748021.298313,702563.577831,722487.600000,4
2020-11-02,701209.471036,732159.406309,690570.430786,711268.200000,4
2020-11-03,694826.082833,694826.082833,654204.290685,670066.133333,4
2020-11-04,628863.954861,653817.338490,591530.597959,600235.266667,4
2020-11-05,551489.220519,551489.220519,517057.413696,519765.533333,9
2020-11-06,527309.572233,529630.817599,490169.646382,494618.700000,9
2020-11-09,464055.740201,514155.963925,449354.516252,512608.466667,9
2020-11-10,524794.980182,562321.786727,519378.740062,559613.666667,9
2020-11-11,534273.267055,534273.267055,495392.410184,498293.966667,6
2020-11-12,498100.606117,524021.181348,491717.180874,516477.133333,6
2020-11-13,497907.215253,507965.946874,483979.740700,497133.466667,5
2020-11-16,486494.387090,489009.069807,459993.500000,459993.500000,5
2020-11-17,465022.797596,482045.262732,464442.486284,471986.533333,5
2020-11-18,468891.539832,482625.574208,458832.810429,482238.700000,6
2020-11-19,485527.162253,493651.521143,458832.840185,460186.900000,5
2020-11-20,459026.285655,468117.830293,448193.806938,466570.333333,6
2020-11-23,459413.108167,464635.909818,441423.458036,445292.200000,6
2020-11-24,436200.728698,459219.747196,436200.728698,438135.100000,5
2020-11-25,439102.261395,448000.368895,431751.650852,442777.566667,4
2020-11-27,436200.745471,436200.745471,418404.528804,427109.200000,5
2020-11-30,425368.209872,440262.867517,409506.366667,409506.366667,6
2020-12-01,400608.214151,404670.393049,383005.438928,389582.300000,9
2020-12-02,394418.246900,395385.432400,381264.524100,386874.200000,6
2020-12-03,381264.571894,387647.996994,373720.524048,386100.500000,7
2020-12-04,380490.835378,382618.643812,353216.200000,353216.200000,13
2020-12-07,349154.007580,358825.863746,347606.510593,348767.133333,7
2020-12-08,351475.338125,354570.332847,340836.293768,344511.600000,7
2020-12-09,347219.697933,380490.889044,341996.894677,374300.900000,16
2020-12-10,384359.502489,388034.807243,366176.415808,375654.833333,10
2020-12-11,383005.506012,399060.787325,378556.452154,386100.500000,13
2020-12-14,376622.038278,377976.097994,366563.308956,372946.733333,7
2020-12-15,359019.271073,366176.444041,353989.906284,357084.900000,6
2020-12-16,354376.835334,366176.500703,353989.961060,357665.266667,4
2020-12-17,352055.499093,360179.856765,350894.876569,355537.366667,4
2020-12-18,354570.245416,367337.095496,352055.562824,360760.233333,6
2020-12-21,375267.988064,384166.094997,365402.695594,367337.066667,7
2020-12-22,361920.845595,377202.377824,361920.845595,368110.833333,3
2020-12-23,366176.451333,377202.366667,364242.080222,377202.366667,3
2020-12-24,373720.548336,373720.548336,365402.751453,366176.500000,2
2020-12-28,353216.157837,368884.563525,352635.846516,367337.066667,4
2020-12-29,361533.966963,382425.175327,361533.966963,370045.200000,6
2020-12-30,366563.328105,366563.328105,349734.299321,351475.233333,6
2020-12-31,350508.101895,358052.150446,346445.921906,347026.233333,6
2021-01-04,341996.814823,359986.466281,318784.361328,351475.233333,17
2021-01-05,354376.818214,354376.818214,331357.800000,331357.800000,8
2021-01-06,342383.726273,343350.911941,314335.341917,334259.366667,13
2021-01-07,319944.987049,319944.987049,293830.976619,296732.533333,12
2021-01-08,285900.069542,306017.530458,279323.207320,295958.800000,16
2021-01-11,305050.333694,305050.333694,279129.760000,286286.933333,14
2021-01-12,282998.486151,288801.599333,272939.756637,280290.366667,15
2021-01-13,274680.701706,283578.808944,271779.144998,279710.066667,8
2021-01-14,270811.957164,270811.957164,252241.994387,261913.850000,22
2021-01-15,262687.580474,282224.727476,262494.143375,277388.800000,20
2021-01-19,265976.020672,266169.457778,248760.118243,249533.866667,16
2021-01-20,241022.670430,253982.958487,238701.424808,251855.150000,10
2021-01-21,245084.827939,253015.749758,237734.217472,240248.900000,12
2021-01-22,246632.337662,253596.074255,243730.780749,253209.200000,15
2021-01-25,246825.760736,266749.783742,244891.389571,252242.000000,14
2021-01-26,251661.659316,264428.507521,251661.659316,264041.633333,10
2021-01-27,277582.239259,308725.612444,277582.239259,304663.433333,42
2021-01-28,287834.471448,294604.771516,271779.188430,285900.100000,17
2021-01-29,282418.234863,303309.446757,279323.240509,299247.266667,15
2021-02-01,284932.903219,288221.334553,262300.758157,264428.566667,12
2021-02-02,251855.111316,263267.900539,251274.800000,251274.800000,11
2021-02-03,249727.349651,267910.440950,247019.229670,267523.566667,11
2021-02-04,269071.037172,275454.462209,260172.929544,260366.366667,8
2021-02-05,255337.000726,267330.102275,255143.563604,266362.916667,7
2021-02-08,260559.804724,260753.241847,241602.966667,241602.966667,10
2021-02-09,245471.698458,248179.818063,238894.836561,244697.950000,8
2021-02-10,238507.965228,252048.563416,234058.911537,241989.833333,14
2021-02-11,237347.335333,237347.335333,217423.312889,217616.750000,23
2021-02-12,219744.600803,222452.720884,207944.934739,208718.683333,14
2021-02-16,201948.341165,208718.639959,199433.658756,205817.083333,14
2021-02-17,210846.473190,224967.383780,209105.539008,216456.150000,18
2021-02-18,225547.682567,231350.796184,220131.443192,223033.000000,16
2021-02-19,213748.062090,214715.247891,202915.581115,206397.450000,20
2021-02-22,215295.515909,231931.108333,210653.025000,229803.300000,17
2021-02-23,243343.933140,261913.899421,229223.021281,234058.950000,36
2021-02-24,239281.700901,245278.251207,210846.446227,211039.883333,20
2021-02-25,219164.250997,250307.626470,214715.197358,248953.566667,38
2021-02-26,237734.219628,250694.506622,224000.184158,230770.483333,33
2021-03-01,219551.130975,225354.244569,207751.466667,207751.466667,15
2021-03-02,206010.536840,227675.494705,206010.536840,227095.183333,19
2021-03-03,226514.875162,249147.018966,224580.503897,248179.833333,30
2021-03-04,249920.755948,294411.292998,246825.762067,284546.000000,76
2021-03-05,263461.371504,304663.480263,255143.574900,257271.383333,67
2021-03-08,258045.189687,299827.619202,255530.506429,298860.433333,47
2021-03-09,268877.583465,270231.643238,237540.771580,244117.633333,40
2021-03-10,230770.455004,257658.211287,230770.455004,257077.900000,46
2021-03-11,235606.452446,238894.884049,220518.354506,225354.283333,31
2021-03-12,238314.530227,242570.146839,231350.793955,232511.416667,32
2021-03-15,228449.265714,233672.068571,216649.600000,216649.600000,20
2021-03-16,210072.706019,212974.262731,198853.353395,208912.083333,41
2021-03-17,217229.878909,222452.680985,196145.233494,200400.850000,39
2021-03-18,209298.954634,226708.294668,208331.769076,226127.983333,39
2021-03-19,224193.611778,233478.593111,211426.762444,217616.750000,37
2021-03-22,209685.858928,212007.104599,195951.822042,203302.433333,33
2021-03-23,201368.025132,222646.106558,200400.839613,219744.550000,32
2021-03-24,209298.951986,229222.974218,206010.521133,228836.100000,37
2021-03-25,240442.287972,246245.400312,224773.884652,227288.566667,58
2021-03-26,226901.724576,227868.910103,193437.105351,194017.416667,49
2021-03-29,199820.557360,209685.851092,197305.874644,203689.300000,32
2021-03-30,206977.721226,211813.649292,203302.415896,205043.350000,16
2021-03-31,199240.234050,200013.982532,184539.012897,188988.066667,38
2021-04-01,179703.068638,179703.068638,168096.842461,168483.716667,36
2021-04-05,160359.354314,166355.904355,156877.486549,158424.983333,34
2021-04-06,161133.092062,168290.264218,158231.535782,163260.900000,36
2021-04-07,162100.282841,167516.521409,161133.097383,163841.216667,26
2021-04-08,158618.440913,162680.620497,157651.255297,158231.566667,21
2021-04-09,161326.562165,164228.119039,159005.316667,159005.316667,16
2021-04-12,161519.976863,168870.586588,161519.976863,164421.533333,21
2021-04-13,161133.133041,170031.241228,160165.947368,165388.750000,17
2021-04-14,166742.792588,173706.528706,162680.613187,171385.283333,17
2021-04-15,166355.946762,169837.815415,161326.580930,162293.766667,18
2021-04-16,162487.187793,165775.618975,161520.002152,164808.433333,14
2021-04-19,169257.510007,182217.799345,166549.389847,177188.433333,33
2021-04-20,181057.146194,188407.756830,177188.403754,185506.200000,29
2021-04-21,184732.468845,187053.714527,170224.683333,170224.683333,20
2021-04-22,171578.709395,184732.432325,170804.960987,182217.750000,37
2021-04-23,179896.502825,180089.939925,169257.462335,171191.833333,22
2021-04-26,171385.318092,171772.192399,161520.023258,162874.083333,17
2021-04-27,160165.923921,167323.096849,159779.049708,165775.600000,23
2021-04-28,168483.742160,173899.981862,168096.867896,173126.233333,17
2021-04-29,166162.481927,177575.271722,165388.733466,169644.350000,22
2021-04-30,177188.397199,185312.756022,174480.277591,184152.133333,24
2021-05-03,179896.524873,192856.812149,179316.213503,190535.566667,19
2021-05-04,197112.388328,209685.798771,196532.077077,199433.633333,37
2021-05-05,192083.070266,200013.992604,188020.890533,196145.250000,27
2021-05-06,196918.993293,203495.855544,190535.568166,191309.316667,26
2021-05-07,184538.983810,187827.414339,178929.308201,182798.050000,20
2021-05-10,186860.250929,208138.333333,186860.250929,208138.333333,28
2021-05-11,225547.646009,227868.891080,204269.566197,206010.500000,54
2021-05-12,218390.510561,233672.043186,215488.953733,232317.983333,60
2021-05-13,219551.106976,229416.399008,211233.311734,220905.166667,46
2021-05-14,212007.070505,218970.806398,195371.479207,201561.466667,36
2021-05-17,207558.026485,216843.008099,206203.966667,206203.966667,34
2021-05-18,202141.806113,212200.537135,199820.560493,212007.100000,20
2021-05-19,224193.644817,226128.016213,198466.505248,199046.816667,47
2021-05-20,194791.194755,195371.506160,181057.158184,183184.966667,33
2021-05-21,179703.086340,187440.571220,179509.649218,185506.200000,35
2021-05-24,181057.124832,181637.436130,169450.898881,172932.766667,29
2021-05-25,168870.600847,173899.965820,166936.229703,171385.283333,40
2021-05-26,170031.224230,174286.840764,167323.104618,169644.350000,23
2021-05-27,170418.109214,171578.731978,164808.432520,166549.366667,24
2021-05-28,165388.736326,166355.921918,160359.371245,162680.616667,20
2021-06-01,159585.618390,166742.791579,155136.564787,164614.983333,32
2021-06-02,163841.277958,165969.086763,159005.348857,160746.283333,24
2021-06-03,166355.913806,171578.715751,164228.105606,169064.033333,39
2021-06-04,164228.102460,164614.976671,155910.306929,157264.366667,38
2021-06-07,159005.290350,163260.906393,158231.541978,160359.350000,27
2021-06-08,156490.602014,166936.204621,155910.290758,163260.900000,25
2021-06-09,160939.695906,165775.624269,160359.384503,165388.750000,15
2021-06-10,164808.435879,166162.495798,157844.699152,159585.633333,31
2021-06-11,158811.852124,161326.534314,157457.792484,157844.666667,15
2021-06-14,156877.496650,159392.179087,150880.946223,151074.383333,28
2021-06-15,152428.430673,156103.735474,149333.437157,155136.550000,24
2021-06-16,153008.764344,162487.183374,151654.704482,158231.566667,31
2021-06-17,160552.794807,160552.794807,150300.628392,153975.933333,31
2021-06-18,157457.822457,167323.116002,156490.636815,164808.433333,33
2021-06-21,163647.808383,168290.299401,161326.562874,161520.000000,31
2021-06-22,162487.194175,164615.002670,158618.451456,159392.200000,22
2021-06-23,159585.613525,159585.613525,155136.560057,158038.116667,14
2021-06-24,153782.512920,153975.950043,148753.147717,149720.333333,27
2021-06-25,149333.449338,152041.568886,147205.641122,151074.383333,17
2021-06-28,147979.392116,147979.392116,138114.099308,139855.033333,35
2021-06-29,140628.783215,142176.280142,136373.166667,136373.166667,26
2021-06-30,137146.899187,139468.144307,136179.713720,136760.025000,22
2021-07-01,138307.558525,144110.672869,137340.372801,142950.050000,24
2021-07-02,139274.697931,143723.750782,138887.823770,140241.883333,16
2021-07-06,138887.838128,146625.322146,137533.778425,141209.083333,28
2021-07-07,138500.983070,148946.587939,138114.108816,147012.216667,24
2021-07-08,156877.473295,159392.155358,150107.175434,152234.983333,32
2021-07-09,150880.975904,154169.407430,143917.238554,144497.550000,20
2021-07-12,143143.493056,144497.553125,139081.312847,139274.750000,17
2021-07-13,140822.218215,143143.463570,139081.284199,141595.966667,22
2021-07-14,138500.975856,143917.215135,134245.359279,143143.466667,39
2021-07-15,144110.625900,155329.976641,143917.188818,152234.983333,35
2021-07-16,149720.329727,163067.490904,148172.832778,162680.616667,39
2021-07-19,169644.356885,171578.728115,161519.997718,162487.183333,52
2021-07-20,160939.672305,166355.911277,152235.002529,155523.433333,37
2021-07-21,153975.931963,154362.806164,141209.083333,141209.083333,35
2021-07-22,144304.097692,147785.966001,141982.852153,145271.283333,22
2021-07-23,142369.724251,147785.963760,141595.975749,141982.850000,18
2021-07-26,144304.067119,145271.252555,141015.636635,142563.133333,16
2021-07-27,144110.661840,158811.883719,144110.661840,150300.650000,41
2021-07-28,148753.106635,150687.477332,141015.623845,142369.683333,34
2021-07-29,142369.731612,142369.731612,133665.060521,134825.683333,45
2021-07-30,138500.978788,138694.415909,131150.368182,131924.116667,41
2021-08-02,129409.433333,130183.181814,124186.631091,129409.433333,45
2021-08-03,129022.554465,133665.045180,126894.746220,127088.183333,41
2021-08-04,127088.183150,127088.183150,120898.195538,122832.566667,52
2021-08-05,121285.107759,125347.288401,120898.233412,123412.916667,30
2021-08-06,125540.681757,126120.993075,123219.436486,124766.933333,21
2021-08-09,123799.759061,127861.938655,123219.447690,126314.441667,19
2021-08-10,125347.248000,133278.169556,124960.373778,130570.050000,25
2021-08-11,128829.118282,136760.039978,128829.118282,131730.675000,30
2021-08-12,133471.621804,139468.172929,133471.621804,136179.741667,24
2021-08-13,136179.744928,137340.367754,133084.750725,133471.625000,17
2021-08-16,135212.537106,138114.093696,133665.040258,135019.100000,21
2021-08-17,138114.092818,146431.888324,138114.092818,142756.583333,43
2021-08-18,143143.478411,149526.903800,141209.107081,149333.466667,28
2021-08-19,150880.969456,154749.712262,142950.046702,145658.166667,51
2021-08-20,144497.491101,147785.921286,141595.935054,142369.683333,22
2021-08-23,138307.522493,138307.522493,130183.164528,131150.350000,27
2021-08-24,129796.301556,131730.672667,128635.678889,130570.050000,15
2021-08-25,129409.430257,129602.867373,124766.939486,127861.933333,23
2021-08-26,128635.677210,130570.048295,125927.557689,127668.491667,22
2021-08-27,127088.191037,127668.502412,119544.143167,120317.891667,33
2021-08-30,118576.955303,120704.763636,115868.835606,119157.266667,31
2021-08-31,119157.280000,124960.394286,118770.405714,121865.400000,37
2021-09-01,120317.898229,123993.203802,119931.023958,123799.766667,24
2021-09-02,122639.129554,124380.063570,121478.506877,122832.566667,20
2021-09-03,123026.006763,123606.318116,118576.953060,120124.450000,25
2021-09-07,120124.456768,123606.325080,119931.019639,121478.516667,18
2021-09-08,123412.892243,129216.006298,122445.706567,125927.575000,40
2021-09-09,126314.425556,126314.425556,122252.246480,124573.491667,26
2021-09-10,121865.390924,121865.390924,115868.839942,121478.516667,72
2021-09-13,117996.634123,123219.435961,117416.322808,118383.508333,48
2021-09-14,117222.880378,119930.999726,115288.509414,117803.191667,55
2021-09-15,117803.201453,120898.195252,116062.267442,116449.141667,37
2021-09-16,118383.515075,120124.449121,114127.898520,115481.958333,48
2021-09-17,116255.720793,122445.709255,116062.283654,120704.775000,50
2021-09-20,128055.374242,135019.110606,127088.188636,129796.308333,63
2021-09-21,126894.761245,132311.001054,125734.138429,128442.258333,40
2021-09-22,125734.118513,127088.178250,119737.568245,120511.316667,46
2021-09-23,118963.805393,120317.864967,114708.189590,115675.375000,38
2021-09-24,118770.390876,118963.827995,115481.959859,116255.708333,29
2021-09-27,119737.577253,122058.822692,115675.397734,116642.583333,36
2021-09-28,122832.569115,130763.490900,121478.509298,130376.616667,67
2021-09-29,129989.754802,137727.240207,128635.694856,136953.491667,49
2021-09-30,133665.060370,137146.928802,130376.629073,136953.491667,43
2021-10-01,135019.120315,143530.354261,134438.808910,136953.491667,35
2021-10-04,139274.708661,148559.689239,138694.397375,147399.066667,50
2021-10-05,144690.962769,146045.022581,137533.789477,140628.783333,42
2021-10-06,145077.864583,146818.798958,138694.438542,139274.750000,43
2021-10-07,133665.042448,134632.227994,128442.240500,134051.916667,37
2021-10-08,132504.430946,138694.418961,132117.556695,137727.233333,27
2021-10-11,140435.338683,141209.087106,134051.914198,141015.650000,24
2021-10-12,137920.693214,148172.862555,137727.256057,145851.616667,44
2021-10-13,143530.370490,145271.304903,141015.687449,143336.933333,30
2021-10-14,135405.977778,137146.911778,130570.050000,130570.050000,43
2021-10-15,127668.491667,129796.299861,126507.869015,127668.491667,28
2021-10-18,130376.604633,132310.975621,124573.491667,124573.491667,26
2021-10-19,123993.197039,125734.131163,120124.454542,120317.891667,27
2021-10-20,121285.062101,122445.684704,119544.128195,121091.625000,25
2021-10-21,123412.900909,123412.900909,116642.600702,117029.475000,31
2021-10-22,119157.253994,121671.936302,115288.511981,121091.625000,35
2021-10-25,119544.135563,120704.758238,116449.141762,118576.950000,26
2021-10-26,115675.388862,119544.130964,114514.766231,118383.508333,46
2021-10-27,120511.313698,122058.810503,116642.571685,121091.625000,37
2021-10-28,116062.271945,116642.583305,112386.966667,112386.966667,52
2021-10-29,115481.940913,116062.252174,111032.887913,111226.325000,41
2021-11-01,111032.915511,111419.789781,105616.675730,106003.550000,40
2021-11-02,106196.970881,106390.407986,101747.917456,102134.791667,45
2021-11-03,101554.472195,102521.657644,97685.730397,98266.041667,42
2021-11-04,94977.642758,96525.139993,87046.719432,88594.216667,101
2021-11-05,86466.393948,88013.890931,83371.399981,85499.208333,95
2021-11-08,83951.699724,84725.448109,80082.957801,81823.891667,89
2021-11-09,79502.646513,84532.011013,79115.772321,81823.891667,108
2021-11-10,86466.376250,90141.680833,83177.945833,88981.058333,119
2021-11-11,84532.005839,86659.813766,82791.072080,83371.383333,76
2021-11-12,82210.781126,83951.715314,79696.098409,81050.158333,60
2021-11-15,79502.648624,83564.827751,78922.337321,80856.708333,50
2021-11-16,82404.202369,82597.639464,76987.963716,77568.275000,61
2021-11-17,77374.849226,80276.406072,77374.849226,79115.783333,52
2021-11-18,75053.596230,77374.841474,73892.973608,75247.033333,72
2021-11-19,75440.481120,76214.229644,72925.798416,74279.858333,59
2021-11-22,72925.789013,77955.153773,70024.232421,77761.716667,96
2021-11-23,78342.041667,82597.658745,76214.233128,78342.041667,103
2021-11-24,80469.854453,82791.100254,75827.362850,76020.800000,69
2021-11-26,80276.395686,83951.700549,77955.150510,82210.766667,70
2021-11-29,78535.448123,79502.633445,72152.025000,72152.025000,82
2021-11-30,73506.105330,78342.033312,71571.734137,76214.225000,93
2021-12-01,73312.667514,78342.032568,68863.613813,77955.158333,127
2021-12-02,80469.840860,82404.212035,76214.224276,77955.158333,113
2021-12-03,74666.732389,81243.594828,72152.049692,78535.475000,108
2021-12-06,79502.656818,86272.956061,77955.159848,78728.908333,123
2021-12-07,73506.103565,73506.103565,66348.930323,66929.241667,152
2021-12-08,67896.433700,70411.116430,67702.996567,68089.870833,75
2021-12-09,69443.919282,73119.224202,67316.111170,72732.350000,92
2021-12-10,68863.612204,73699.540027,67702.989526,70797.983333,77
2021-12-13,70217.678481,76794.540928,69830.804219,76407.666667,82
2021-12-14,79115.788012,80469.847953,76214.230994,77181.416667,121
2021-12-15,76601.101685,80276.407069,68863.616667,68863.616667,91
2021-12-16,68283.310391,79309.227366,67896.436111,78342.041667,92
2021-12-17,80469.845545,81050.156931,74666.731683,78148.600000,99
2021-12-20,81823.904600,82984.527361,78535.473446,79889.533333,71
2021-12-21,75053.593548,78342.024194,71571.725806,71958.600000,68
2021-12-22,73119.227072,73892.975506,70024.233333,70024.233333,48
2021-12-23,69250.487835,69250.487835,66155.493966,67316.116667,75
2021-12-27,66735.811719,66735.811719,61899.883333,61899.883333,80
2021-12-28,60932.689205,64801.431376,60932.689205,63834.245833,93
2021-12-29,64221.120051,64801.431376,62286.748965,63834.245833,40
2021-12-30,63834.250365,66348.932956,63253.938999,66155.495833,52
2021-12-31,65768.621589,66348.932956,64221.124610,66155.495833,53
2022-01-03,65188.302316,65768.613613,62286.745833,62286.745833,72
2022-01-04,61706.440184,67509.553681,60352.380368,63060.500000,116
2022-01-05,64608.000605,69443.928794,62673.629330,69250.491667,127
2022-01-06,69637.358166,71765.166332,66735.801576,67509.550000,114
2022-01-07,68089.868772,74279.856842,67122.683136,73506.108333,105
2022-01-10,76020.798876,81050.164705,72925.804519,73119.241667,178
2022-01-11,74473.293709,75827.353595,69057.054167,69057.054167,104
2022-01-12,67316.113286,70024.232786,65768.616429,67702.987500,130
2022-01-13,64801.435606,73119.231818,63060.501515,72345.483333,182
2022-01-14,74279.852874,74473.289990,67122.679550,67316.116667,178
2022-01-18,70991.434097,76794.548601,70604.559796,76020.800000,167
2022-01-19,74666.743784,83177.978827,72925.809343,82984.541667,208
2022-01-20,80856.708599,91302.312102,79115.774682,91108.875000,209
2022-01-21,92076.045657,96138.224141,84918.874040,95751.350000,238
2022-01-24,102134.800000,111032.907576,91495.758333,91495.758333,255
2022-01-25,99426.681038,104069.171981,95751.375708,102521.675000,194
2022-01-26,93623.565206,102521.672643,84725.457769,97105.433333,241
2022-01-27,94010.447990,111613.227346,94010.447990,110646.041667,183
2022-01-28,111613.214892,120511.322145,104262.604552,104456.041667,191
2022-01-31,102521.674242,104456.045455,87046.704545,87240.141667,178
2022-02-01,84918.890885,91689.189703,84145.142449,84532.016667,215
2022-02-02,79889.538786,83758.281584,77955.167387,78342.041667,276
2022-02-03,84532.024855,89754.827306,80663.282298,88787.641667,220
2022-02-04,90528.568000,93623.561778,84725.454667,87046.700000,187
2022-02-07,86466.388667,88400.759778,83177.957778,87046.700000,159
2022-02-08,88594.202341,88981.076587,80082.968929,81243.591667,199
2022-02-09,77761.733201,80663.290410,72732.367372,73119.241667,190
2022-02-10,78148.599193,80856.718967,71378.299758,79889.533333,296
2022-02-11,79115.782576,93430.129545,77374.848485,91495.758333,259
2022-02-14,90722.009848,95171.063636,85886.081818,91495.758333,214
2022-02-15,85692.657506,86079.531807,76020.800000,76020.800000,237
2022-02-16,78728.907551,81050.152982,75440.476523,76214.225000,214
2022-02-17,79309.211187,85112.324201,78922.336986,84725.450000,256
2022-02-18,84338.580444,91108.879333,83564.832000,87046.700000,269
2022-02-22,90335.131001,93430.124783,82791.083659,89174.508333,315
2022-02-23,86079.496465,96331.661212,83177.940404,95751.350000,268
2022-02-24,106196.989943,107357.612784,84532.030246,85112.341667,299
2022-02-25,84532.026710,88594.206484,80856.721201,81050.158333,225
2022-02-28,83758.272717,87046.703747,79889.530328,82597.650000,250
2022-03-01,82984.516720,93816.994427,81630.457006,91108.875000,205
2022-03-02,89174.502196,89561.376392,80469.832784,82210.766667,178
2022-03-03,80663.283739,88981.080383,80663.283739,87433.583333,230
2022-03-04,90141.702852,97298.876684,87627.020155,93817.008333,201
2022-03-07,93236.677400,108518.207513,91689.180680,108131.333333,170
2022-03-08,106390.407986,111806.646938,90141.691130,102134.791667,304
2022-03-09,92269.520086,95557.951620,87240.154212,89561.400000,221
2022-03-10,94397.297081,100200.409606,93816.985828,94977.608333,213
2022-03-11,90722.000319,101554.477969,90141.689017,100974.166667,182
2022-03-14,101747.925058,112386.966652,100393.865219,110259.158333,210
2022-03-15,106970.723807,109678.843397,94977.622765,95944.808333,203
2022-03-16,91302.304265,94010.423460,81437.012915,81630.450000,331
2022-03-17,83177.968447,85499.214078,79502.662864,79696.100000,194
2022-03-18,80856.721589,82597.655786,73699.547668,74666.733333,227
2022-03-21,75247.045468,79115.788166,73312.674119,75053.608333,289
2022-03-22,75053.623037,75827.371728,71184.879581,73893.000000,213
2022-03-23,76020.785732,79502.653780,73119.229024,79309.216667,267
2022-03-24,76987.968643,77955.154179,67509.550393,67702.987500,283
2022-03-25,67509.550000,71378.292120,66929.238682,67509.550000,248
2022-03-28,69347.210808,71958.612051,66290.904167,66290.904167,428
2022-03-29,63099.187084,65826.650413,61377.596756,61841.845833,417
2022-03-30,63253.934036,68631.485614,62499.529318,67702.987500,341
2022-03-31,67954.468643,72771.053526,66832.533209,72422.866667,414
2022-04-01,71300.916877,79638.056100,70701.261852,76504.375000,485
2022-04-04,75788.654404,76736.496177,72384.161506,72906.441667,184
2022-04-05,74628.048728,83332.720042,74299.205590,82907.158333,370
2022-04-06,88149.292748,90992.818321,84493.331298,88690.916667,459
2022-04-07,89367.965284,93971.769556,85886.096507,88594.216667,350
2022-04-08,90567.254659,95383.838685,90335.130128,94938.933333,331
2022-04-11,99387.998700,101477.119731,96815.284837,100896.808333,241
2022-04-12,94900.257372,103295.428937,91979.356666,102076.775000,316
2022-04-13,99890.933790,101554.493105,92946.540832,94687.475000,223
2022-04-14,93314.051831,103276.061925,93159.302160,103005.250000,216
2022-04-18,104475.412373,104842.942985,94706.835582,97202.175000,280
2022-04-19,98652.939707,100161.749373,90489.892539,90954.141667,226
2022-04-20,86679.174445,92637.037808,84357.928979,91727.883333,248
2022-04-21,88246.009714,100529.266217,85112.328527,99271.925000,325
2022-04-22,100258.442977,106158.274177,97782.448244,105771.400000,245
2022-04-25,107879.905773,109233.965914,100045.700674,100432.575000,293
2022-04-26,104165.883375,113973.144818,103527.540914,113470.208333,368
2022-04-27,117919.278835,118093.372258,107028.768010,115520.658333,262
2022-04-28,108537.590697,112947.957954,92404.931520,96118.925000,362
2022-04-29,101090.238067,109350.003022,94822.875431,108769.691667,346
2022-05-02,108150.691361,110723.404999,97105.432057,97511.650000,269
2022-05-03,98072.614345,100374.515944,92733.750133,94861.558333,235
2022-05-04,92869.154683,101805.948990,83526.142454,83913.016667,315
2022-05-05,88284.707782,99716.842379,88052.583222,95693.350000,433
2022-05-06,98865.703612,104011.130565,92172.779830,98594.891667,367
2022-05-09,105036.352831,115346.551000,101535.141070,113760.366667,444
2022-05-10,103585.571993,113508.895697,99329.955590,105191.100000,313
2022-05-11,108789.033389,115984.894062,100896.799104,115095.083333,366
2022-05-12,118770.386944,122271.598677,109968.998335,113296.116667,294
2022-05-13,106680.562356,108924.432752,93159.308850,95441.866667,332
2022-05-16,98440.155159,100935.494129,95383.848514,100045.683333,277
2022-05-17,91998.692638,93198.002761,84532.019939,85131.675000,471
2022-05-18,89174.501417,98962.418492,85886.070779,97840.483333,458
2022-05-19,100161.750894,102270.215716,92134.109600,99523.408333,426
2022-05-20,94087.813977,113218.744903,93836.345725,100103.708333,586
2022-05-23,102038.083162,104514.078355,97724.435286,98730.308333,328
2022-05-24,102831.165124,109253.277017,102270.197519,106158.283333,390
2022-05-25,108286.095523,108305.439234,97028.055581,99813.550000,330
2022-05-26,102482.986554,103488.859582,87046.704321,88187.983333,439
2022-05-27,84299.895121,84299.895121,77026.659562,77645.658333,410
2022-05-31,77993.859587,82210.789495,76562.424664,78690.233333,407
2022-06-01,77278.136877,85634.621265,76117.514045,82520.283333,419
2022-06-02,83564.825197,83816.293421,73544.783657,73699.533333,362
2022-06-03,78477.434431,81282.272487,77278.124366,80044.275000,409
2022-06-06,75517.866150,81533.761738,74473.305502,79928.233333,320
2022-06-07,83042.574173,84609.415195,77297.490425,77781.083333,298
2022-06-08,79154.458465,84628.728198,78206.616709,83177.950000,335
2022-06-09,85286.421783,89948.256133,80740.649699,89890.225000,336
2022-06-10,94435.984281,100103.690834,92134.082984,99716.816667,429
2022-06-13,109543.457343,117938.629599,106815.993545,117029.475000,462
2022-06-14,113141.355304,119099.217748,111361.734054,114669.508333,311
2022-06-15,110491.289738,116932.746230,102792.491888,108382.825000,261
2022-06-16,118364.191354,132388.384643,118074.035631,128519.641667,344
2022-06-17,127707.171344,135908.904251,124012.522794,126952.766667,289
2022-06-21,119215.290601,119253.978023,110936.182313,116623.233333,143
2022-06-22,122503.746348,123451.588377,115346.571841,120492.000000,211
2022-06-23,118344.831997,128674.374378,117880.582901,123006.666667,200
2022-06-24,116932.733715,117996.637827,106680.566822,106757.941667,205
2022-06-27,103585.577160,109872.283524,102637.735277,106796.633333,183
2022-06-28,105577.977847,115733.426430,101689.891818,115404.583333,240
2022-06-29,119911.661510,127629.802007,119602.162142,123509.591667,249
2022-06-30,128635.675626,134051.914600,120917.535089,127919.958333,285
2022-07-01,135405.979938,146780.082253,132504.423225,142060.216667,289
2022-07-05,153124.807587,155349.334226,138578.337741,138694.400000,217
2022-07-06,138462.291671,142717.908348,131537.242717,136334.483333,152
2022-07-07,126527.216355,126972.121718,116100.955903,118015.983333,257
2022-07-08,123354.841579,124457.433075,114031.173139,116178.325000,288
2022-07-11,121788.003592,126778.680994,120008.382192,124592.841667,236
2022-07-12,121768.662057,126217.715635,119234.635889,123625.658333,210
2022-07-13,131305.103740,131962.789882,118344.818015,121014.250000,251
2022-07-14,122194.221964,127629.804736,112019.430013,113470.208333,277
2022-07-15,108440.843435,113915.113626,105055.694024,105191.100000,195
2022-07-18,100432.550054,108537.565169,97879.180138,106738.600000,309
2022-07-19,101496.450518,102424.948636,90586.597632,92501.625000,423
2022-07-20,92791.786549,94416.658358,83932.366444,84880.208333,509
2022-07-21,83893.690826,87627.027771,80934.102471,81146.883333,513
2022-07-22,82017.335695,89309.914836,81765.867449,87356.200000,627
2022-07-25,89174.503928,93159.308225,88555.505202,89058.441667,428
2022-07-26,90663.976435,94242.563087,89193.854350,93488.158333,399
2022-07-27,88323.397702,89058.458831,78032.541903,80392.475000,472
2022-07-28,79986.251342,85073.647740,76871.913624,77452.225000,461
2022-07-29,80643.942622,81591.784596,74956.890780,75595.233333,455
2022-08-01,77239.441172,78709.563267,72674.325189,74879.508333,471
2022-08-02,77181.406467,78303.341699,71668.448862,75227.691667,450
2022-08-03,75034.268206,75421.142494,68438.061591,69076.404167,405
2022-08-04,69405.241748,70101.615411,66793.840512,67277.433333,402
2022-08-05,70856.021392,71958.613043,67316.121879,68960.337500,568
2022-08-08,72016.652602,75343.771658,69560.000740,72306.808333,548
2022-08-09,77084.691526,85034.957076,76891.254408,82288.150000,633
2022-08-10,75614.584669,78883.672623,71358.967215,71668.466667,543
2022-08-11,69908.167398,72558.255648,65768.613490,72268.100000,586
2022-08-12,70449.798813,71475.015545,65168.965459,65613.870833,544
2022-08-15,66793.831645,67973.797973,64453.242699,64956.179167,509
2022-08-16,65981.395776,69173.107972,65168.959944,66967.925000,669
2022-08-17,69946.860456,74666.726040,69830.798188,72055.325000,780
2022-08-18,71416.978365,72190.726776,65304.365916,66967.925000,816
2022-08-19,69618.010252,73448.064719,68689.512199,72519.566667,714
2022-08-22,76813.880545,81630.464845,76407.662592,80701.966667,649
2022-08-23,80547.198653,80992.103929,75633.896910,78980.358333,527
2022-08-24,79405.944744,81669.159247,77916.478789,78825.633333,458
2022-08-25,78690.194281,78690.194281,69850.120833,69850.120833,710
2022-08-26,70488.480278,82365.518393,70024.231231,82191.425000,835
2022-08-29,84783.471555,87433.559532,81746.509421,87027.341667,678
2022-08-30,84396.610042,93197.998438,83951.704695,90373.816667,790
2022-08-31,88806.975336,95287.118385,88806.975336,93062.591667,611
2022-09-01,99678.145493,106699.912777,98072.617436,98459.491667,776
2022-09-02,93700.934591,102734.447484,91515.095283,101496.450000,692
2022-09-06,100625.984986,107260.877883,99697.486855,104552.758333,512
2022-09-07,104127.201238,106119.603565,96911.996694,99465.366667,460
2022-09-08,102212.167296,104436.694025,93507.497484,94319.933333,561
2022-09-09,90431.844074,90857.405694,86389.008692,87568.975000,666
2022-09-12,86582.462573,89754.831621,85267.090040,86621.150000,508
2022-09-13,96486.433358,103604.919220,94455.343643,102792.483333,856
2022-09-14,101051.554440,103933.767612,97066.749652,99039.808333,672
2022-09-15,101225.646786,106255.011999,97724.434848,103856.391667,792
2022-09-16,107241.529438,110104.398550,102038.071390,102308.883333,595
2022-09-19,106293.692743,106564.504699,99213.894464,100606.641667,427
2022-09-20,103682.288533,107183.500142,102192.822821,105210.441667,350
2022-09-21,104359.339448,107841.208049,94029.795933,107686.458333,687
2022-09-22,109910.975976,118712.365288,108518.228657,116913.400000,513
2022-09-23,121671.962857,127861.951429,120105.122000,121865.400000,571
2022-09-26,123006.646408,127765.198856,117164.846248,127223.575000,401
2022-09-27,120646.734206,129215.998797,117280.928249,123238.791667,401
2022-09-28,126585.230672,128152.071088,116816.657706,118480.216667,446
2022-09-29,124689.570299,134941.737884,124012.540364,129776.966667,512
2022-09-30,134845.016376,136818.075000,124515.474166,136818.075000,461
2022-10-03,131247.102562,134574.221448,117184.222155,121304.433333,492
2022-10-04,111013.551831,111226.332641,104436.690423,104842.908333,533
2022-10-05,109910.953983,112773.822901,99194.539251,101980.033333,635
2022-10-06,102096.107812,104649.477693,96911.993206,103914.416667,561
2022-10-07,112889.907646,124031.886194,111942.065721,122271.608333,706
2022-10-10,123470.894983,139758.298019,123142.051929,134883.683333,657
2022-10-11,141576.625861,151577.324805,138114.101468,146219.116667,701
2022-10-12,146431.903414,152118.954881,144400.813604,150339.333333,473
2022-10-13,168851.246160,173300.299501,128674.360116,136624.625000,969
2022-10-14,131924.103435,155910.304060,131827.384884,154846.400000,580
2022-10-17,142408.375654,148501.643561,138017.354020,145561.400000,435
2022-10-18,131575.914654,150958.311961,128152.078004,143665.733333,561
2022-10-19,146296.494140,147979.397087,136373.169865,140125.850000,385
2022-10-20,138442.958928,140338.642871,124960.390482,137649.866667,577
2022-10-21,139352.096105,140841.561874,121613.912856,122832.566667,604
2022-10-24,121613.935463,129660.920854,119292.689677,120492.000000,479
2022-10-25,119466.773032,120124.459282,110220.478098,112947.941667,459
2022-10-26,119466.760302,121517.193688,108112.001834,116294.391667,577
2022-10-27,114185.946361,122793.899289,110549.328046,122407.025000,454
2022-10-28,121884.750004,122832.592053,107493.025833,107957.275000,499
2022-10-31,110529.965011,116681.265129,109968.997390,114882.300000,390
2022-11-01,108324.788975,114456.745780,106932.041688,112290.250000,369
2022-11-02,110317.185742,123490.253161,104243.260383,122987.316667,666
2022-11-03,129931.725766,133645.718821,122310.302519,128113.416667,532
2022-11-04,114843.630421,119563.496653,109408.046768,109910.983333,702
2022-11-07,106893.349868,111497.153210,101651.204046,102637.733333,342
2022-11-08,97376.246283,102637.735951,92462.943432,96544.466667,716
2022-11-09,100761.400992,105964.859788,99968.308759,105636.016667,637
2022-11-10,87375.556802,90141.707925,71784.523200,73061.208333,1186
2022-11-11,71397.647380,74028.392447,64608.003861,65555.845833,1057
2022-11-14,67006.616244,68128.551504,64279.152938,67838.395833,864
2022-11-15,59772.074844,65033.564927,59095.044870,61899.883333,1532
2022-11-16,66310.246659,70972.081387,66039.434683,69966.208333,1202
2022-11-17,74511.974360,74628.036625,67180.707932,68012.487500,1494
2022-11-18,64917.499042,70004.895421,64588.655930,67644.962500,925
2022-11-21,69966.202192,71784.511013,69289.172311,71049.450000,774
2022-11-22,69559.981619,71165.509559,64627.335536,64685.366667,820
2022-11-23,64801.435292,65091.590973,60565.162358,62615.595833,1137
2022-11-25,63311.974123,65052.908333,63041.162135,65052.908333,412
2022-11-28,67470.871812,71300.927035,65420.438207,70178.991667,843
2022-11-29,69598.695538,72094.035094,68089.885574,70662.600000,796
2022-11-30,70159.647801,72016.644269,57934.421054,58050.483333,1280
2022-12-01,57044.608719,61745.130902,56831.827879,59404.541667,1071
2022-12-02,63930.965962,64743.401838,61068.096684,61493.658333,1108
2022-12-05,62576.908190,65401.090136,60855.317826,63563.437500,742
2022-12-06,63640.806852,69695.388172,63544.088300,67993.141667,866
2022-12-07,69908.171168,70217.670542,66755.146292,68012.487500,737
2022-12-08,66948.593740,68399.372281,62190.040125,62480.195833,860
2022-12-09,63331.304080,64878.800820,60893.996715,64279.145833,847
2022-12-12,64994.865900,66155.488506,60565.156290,60584.500000,731
2022-12-13,52614.899183,59965.510098,51841.150666,57624.920833,1451
2022-12-14,58089.164873,62267.406503,56019.387770,60313.691667,1060
2022-12-15,64085.713819,68205.924216,63253.934256,67819.050000,1097
2022-12-16,68999.017831,71591.075131,67316.114957,69579.329167,866
2022-12-19,69482.623775,74260.521345,69308.530341,72248.775000,734
2022-12-20,74734.633289,75295.675061,71329.690121,73438.433333,686
2022-12-21,72200.280349,72413.089321,67653.906854,68272.987500,761
2022-12-22,71987.439209,80848.026996,71987.439209,76804.658333,1288
2022-12-23,78739.303349,81196.279154,76572.521537,76727.291667,923
2022-12-27,78313.714286,81873.428571,78255.675466,80983.500000,769
2022-12-28,82376.397607,85394.414992,79397.072752,84349.716667,809
2022-12-29,80383.752449,81234.988335,75140.913240,76030.841667,931
2022-12-30,79725.965351,81370.398026,76321.022399,76437.100000,651
2023-01-03,72548.499022,80287.005584,72355.036358,79106.883333,719
2023-01-04,74695.924361,77191.592386,71349.020731,72664.566667,1078
2023-01-05,74870.047313,76862.712655,73457.769934,76669.250000,806
2023-01-06,73670.585626,76611.218246,64558.493759,65951.425000,1204
2023-01-09,62178.905471,63552.490501,57651.878750,62120.866667,1341
2023-01-10,62933.405256,63823.333520,59586.501134,59721.925000,843
2023-01-11,59663.890794,61250.284778,57419.723696,57477.762500,888
2023-01-12,56703.908042,60224.928603,54401.702291,55601.170833,1726
2023-01-13,57574.490123,58000.107994,54846.666498,55040.129167,946
2023-01-17,55349.676647,56258.951307,53028.124323,54537.133333,958
2023-01-18,52989.434004,55620.526747,51712.580172,55543.141667,1221
2023-01-19,57110.175409,60824.658363,56916.712755,60263.616667,1504
2023-01-20,58522.456167,60244.273886,54517.779002,54711.241667,1122
2023-01-23,53182.891258,53415.046476,45908.694418,46527.775000,2006
2023-01-24,48036.781858,48326.975868,46198.886458,47359.662500,1084
2023-01-25,49855.343693,51112.851392,46837.325216,47011.441667,1466
2023-01-26,45541.103402,47901.347504,44651.175299,44825.291667,1371
2023-01-27,47146.861978,47495.094853,44515.769147,45695.891667,1318
2023-01-30,47553.118789,49449.052736,46759.921934,49139.512500,1336
2023-01-31,49777.947126,49777.947126,46527.774131,46566.466667,1199
2023-02-01,45986.069898,46044.108690,37841.292688,39292.262500,2314
2023-02-02,38131.493780,39292.269846,35616.478969,36738.562500,2094
2023-02-03,39060.115728,39427.694826,36293.599359,38731.229167,2151
2023-02-06,40588.469964,41226.896804,38905.344661,40627.162500,1518
2023-02-07,40356.314096,40569.123039,36216.212842,36757.908333,1892
2023-02-08,37454.375107,39427.694457,36641.831846,39118.154167,1246
2023-02-09,37125.490384,39814.621788,35790.597817,38847.308333,1802
2023-02-10,40143.501956,42078.128556,39795.269168,40801.275000,1720
2023-02-13,40298.277869,41381.668920,38653.845022,39060.116667,1049
2023-02-14,40027.428771,40975.395910,36525.754239,36893.333333,2279
2023-02-15,38131.500139,38924.697250,36448.374562,36467.720833,1459
2023-02-16,38402.341819,39389.001483,37318.950816,39137.500000,1766
2023-02-17,39911.345767,42174.858832,39563.112987,41033.429167,1714
2023-02-21,42987.399288,45347.643534,41594.468258,45076.795833,1318
2023-02-22,44728.568696,46605.156570,43722.562826,45753.920833,1368
2023-02-23,41246.237932,44070.792687,40627.157438,41226.891667,1793
2023-02-24,43587.141847,44477.070176,42910.022466,43393.679167,1349
2023-02-27,41536.435602,42910.020571,41362.319198,42735.904167,910
2023-02-28,43180.870693,43490.410985,40665.855823,42445.712500,1168
2023-03-01,42078.131856,42987.406429,40878.663269,42329.633333,1242
2023-03-02,44341.649626,45386.348178,40801.282313,41401.016667,1343
2023-03-03,41362.327325,42484.411041,39427.700228,39601.816667,1118
2023-03-06,39272.917494,41265.582766,38208.872931,40917.350000,1084
2023-03-07,40898.006766,42793.940854,40278.926247,42271.591667,1346
2023-03-08,41729.900559,41768.593096,38769.921521,38924.691667,1509
2023-03-09,39156.852720,41478.405253,37222.225610,41246.250000,1852
2023-03-10,40665.843946,44264.248786,40278.918694,43567.783333,2456
2023-03-13,44960.724454,46392.348210,42039.438140,43683.870833,2064
2023-03-14,41401.017584,42078.137031,39021.426387,39698.545833,1670
2023-03-15,41575.129085,43761.257324,40956.048521,41207.550000,1654
2023-03-16,41845.984171,42407.026030,36177.526768,36467.720833,1885
2023-03-17,36312.938218,37744.561782,35403.663793,37028.750000,1496
2023-03-20,36990.054506,37879.982596,35577.777321,35848.625000,1149
2023-03-21,34730.702429,37053.826337,33607.859207,35466.358333,1333
2023-03-22,35427.626861,36453.672885,32601.160455,36414.954167,1863
2023-03-23,34653.257539,35524.428817,32039.743702,33491.695833,2452
2023-03-24,34324.147521,36337.521092,34091.835185,35234.037500,1568
2023-03-27,34943.649989,36957.023728,34595.181457,36589.195833,1127
2023-03-28,36879.576508,39105.902648,36821.498434,37402.279167,1247
2023-03-29,35698.662182,35795.458989,33007.710966,33782.085417,1790
2023-03-30,32601.163268,32910.913038,31594.476517,32233.335417,1691
2023-03-31,32910.913570,33143.225901,31497.680222,31517.039583,1410
2023-04-03,32213.976199,33607.850169,31826.788985,32426.929167,1372
2023-04-04,32330.136594,34808.135087,32252.699141,34266.072917,1439
2023-04-05,35427.636851,37208.698375,35292.121300,36143.933333,1504
2023-04-06,37228.050627,38021.784416,35911.614099,36666.629167,1246
2023-04-10,37731.393662,37924.987267,34711.333420,34827.489583,1124
2023-04-11,34188.623059,35563.137350,34130.544990,35408.262500,854
2023-04-12,34362.866613,37402.286364,34207.991721,37266.770833,1535
2023-04-13,37131.257895,37983.069859,35756.743135,36434.320833,1004
2023-04-14,36550.477108,37808.835694,35253.399795,36589.195833,1054
2023-04-17,37847.551230,38157.301010,36569.833388,36647.270833,797
2023-04-18,35659.938914,37073.172107,34846.845845,36105.204167,834
2023-04-19,37537.796729,38079.858776,37111.890835,37363.562500,776
2023-04-20,38583.209699,38660.647149,35834.180207,37460.366667,1257
2023-04-21,37905.631528,39376.943068,37886.272165,38331.537500,1090
2023-04-24,38621.922108,39706.046238,37944.344527,38912.312500,706
2023-04-25,39628.610783,42919.702054,39609.251422,42880.983333,1133
2023-04-26,41467.744336,42861.618095,40886.963603,42125.962500,1078
2023-04-27,42590.598390,44952.440664,41545.192793,41680.708333,1148
2023-04-28,41254.799861,41719.424543,39493.097943,39531.816667,852
2023-05-01,38989.746373,39376.933526,38079.856562,38428.325000,763
2023-05-02,38428.332892,40402.987781,37789.473957,39299.504167,1016
2023-05-03,39880.284898,40732.096808,38505.770224,40635.300000,1145
2023-05-04,41680.708138,42493.801377,40170.677839,41370.958333,951
2023-05-05,41293.509065,41913.008498,38118.574472,38679.995833,921
2023-05-08,38776.798500,39764.125871,38099.220892,38176.658333,647
2023-05-09,39802.844021,40615.937138,39647.969142,40151.312500,677
2023-05-10,38815.517810,40170.673045,38079.862111,38951.033333,1010
2023-05-11,38912.312104,40848.248029,38718.718511,39706.045833,787
2023-05-12,39396.297164,41061.202106,38854.235090,39764.125000,701
2023-05-15,39628.614745,39977.083267,36647.272942,36685.991667,1025
2023-05-16,37092.545728,37111.905095,35621.233894,36860.233333,963
2023-05-17,35853.542837,36685.995505,33724.012755,34188.637500,1468
2023-05-18,33762.727263,33840.164711,30742.666797,30936.260417,2037
2023-05-19,31168.570013,32039.741224,31052.413851,31458.960417,1219
2023-05-22,32330.140033,32407.577494,30878.187636,31149.218750,1042
2023-05-23,31788.070179,32523.725884,31187.929999,32310.772917,1061
2023-05-24,34266.069614,35059.803430,33607.851328,34014.397917,1730
2023-05-25,29484.307872,30607.150851,26909.512766,27296.700000,3300
2023-05-26,26135.137665,26154.497026,21546.969053,21972.875000,3603
2023-05-30,20443.486467,22321.344599,20211.174121,22030.954167,3079
2023-05-31,23173.158643,23773.298925,22243.909173,23715.220833,3256
2023-06-01,23347.386857,24063.683137,21914.794297,22573.012500,2477
2023-06-02,22011.593206,23231.232935,21837.358959,22689.170833,1962
2023-06-05,23037.640125,24141.123728,23037.640125,23812.014583,1396
2023-06-06,24315.361762,24431.517949,22573.018961,22960.206250,1758
2023-06-07,22534.296197,23211.873832,21508.250065,23037.639583,2482
2023-06-08,22921.485063,23250.594224,22185.829293,22379.422917,1613
2023-06-09,21624.409713,22592.377918,21179.144338,22224.550000,1844
2023-06-12,21450.174157,21546.970972,19998.221935,20095.018750,2090
2023-06-13,19127.044916,19978.856633,18875.373273,19262.560417,2564
2023-06-14,19494.876346,19862.704202,18430.111501,18488.189583,2937
2023-06-15,19107.688438,19340.000759,18526.907634,18972.172917,2335
2023-06-16,18372.035130,19572.315613,18352.675767,19552.956250,1855
2023-06-20,19804.629256,20501.566355,19262.567067,19959.504167,1685
2023-06-21,20129.865913,21292.322078,19839.251872,21214.825000,2327
2023-06-22,21737.929596,21776.678134,20672.344812,20866.087500,1668
2023-06-23,21970.422399,22377.282073,21699.182616,22067.293750,1664
2023-06-26,21641.061450,21873.552710,20594.850780,21834.804167,1724
2023-06-27,21641.062477,21931.676566,19471.143948,19587.389583,2027
2023-06-28,20556.100610,20614.223420,19529.264293,20129.866667,1920
2023-06-29,19800.506547,20575.477449,19761.758002,19974.875000,1869
2023-06-30,19451.766751,19645.509448,18889.912931,19122.404167,1518
2023-07-03,18870.541268,19296.775260,18483.055821,18638.050000,747
2023-07-05,19064.282700,19897.376354,18909.288532,19878.002083,1444
2023-07-06,20943.583384,21427.940077,20556.098030,20614.220833,1988
2023-07-07,20517.349495,20749.840707,19664.881716,20614.220833,1520
2023-07-10,20478.601295,20536.724099,19296.770946,19354.893750,1769
2023-07-11,19141.778140,20246.111494,19083.655331,19335.520833,1602
2023-07-12,18541.176660,18889.913525,18192.439795,18308.685417,2074
2023-07-13,17766.206246,17959.948954,17068.732501,17184.978125,1972
2023-07-14,17184.975515,18056.817564,16719.993088,17804.952083,2274
2023-07-17,17824.327485,18173.064327,16293.760234,16565.000000,2247
2023-07-18,16816.865702,17184.976818,16313.134702,16487.503125,1764
2023-07-19,16410.007095,17223.726455,16410.007095,17068.732292,1846
2023-07-20,18018.073161,19219.278039,17843.704711,18967.412500,3083
2023-07-21,18386.183436,18812.417404,17940.575197,18444.306250,2252
2023-07-24,18463.677083,18773.665366,18076.191730,18463.677083,1481
2023-07-25,18192.439772,18192.439772,17223.726259,17533.714583,1754
2023-07-26,18192.439795,18851.164985,17843.702930,18308.685417,2135
2023-07-27,16913.737416,17591.836854,16119.392360,17243.100000,3999
2023-07-28,16274.385928,16816.865459,15983.771894,16177.514583,2446
2023-07-31,16022.520413,16293.760178,15828.777723,15983.771875,1898
2023-08-01,16351.886081,16565.003079,15848.154993,15925.652083,2026
2023-08-02,16565.001465,18056.820311,16545.627195,17766.206250,3424
2023-08-03,18502.428108,18638.048000,17533.714595,17921.200000,2761
2023-08-04,18134.320011,18657.425396,17301.226250,18056.822917,2581
2023-08-07,17649.960413,17998.697282,17417.469167,17456.217708,1690
2023-08-08,18308.684794,19025.532770,18250.561985,18347.433333,1903
2023-08-09,18386.181634,19451.766450,18347.433095,19335.520833,2032
2023-08-10,18889.913160,20013.620815,18250.562253,19626.135417,2518
2023-08-11,20362.355414,21156.700392,20304.232611,21001.706250,2452
2023-08-14,21331.073458,21524.816178,19238.652083,19238.652083,2241
2023-08-15,19490.515254,20284.860309,19335.521097,20226.737500,2218
2023-08-16,20304.235339,21447.317291,20226.738258,21408.568750,2281
2023-08-17,21292.322237,22241.661446,21156.702351,22047.918750,2015
2023-08-18,22784.138125,22939.132262,21466.687961,21699.179167,1921
2023-08-21,21369.820953,21524.815121,19742.382186,19878.002083,1753
2023-08-22,19141.778018,20614.222481,19044.906672,20381.731250,1964
2023-08-23,20769.219461,20827.342277,18909.289360,19180.529167,2101
2023-08-24,18114.943497,21195.452606,18076.194955,21098.581250,3238
2023-08-25,21117.953514,22086.666978,20265.485665,20769.216667,3391
2023-08-28,20187.993466,20672.350315,19839.256534,20013.625000,1559
2023-08-29,20323.606779,20439.852385,18250.560139,18463.677083,2391
2023-08-30,18599.297872,19025.531782,17959.947008,18211.812500,2143
2023-08-31,18405.553746,18444.302280,17533.711726,17843.700000,2006
2023-09-01,17494.968415,18134.319420,17378.722778,17708.085417,2052
2023-09-05,17959.950328,18231.190138,17339.973617,17746.833333,1913
2023-09-06,17882.451877,18773.668330,17553.089274,18153.691667,2110
2023-09-07,19432.395106,20110.494636,19258.026655,19413.020833,2580
2023-09-08,19548.636486,19994.244652,19141.776856,19742.379167,1736
2023-09-11,19064.283203,20594.850655,19006.160388,19781.131250,1696
2023-09-12,20226.736879,20362.356762,19296.771965,20265.485417,1710
2023-09-13,20342.984694,20420.481778,19374.271137,19936.125000,1992
2023-09-14,19393.646137,20168.617011,19335.523321,19568.014583,1932
2023-09-15,19974.870591,21602.309126,19955.496322,21292.320833,2632
2023-09-18,21834.803553,21951.049179,20846.715725,21098.581250,1790
2023-09-19,20983.383792,21700.930188,20925.204354,21332.460417,1801
2023-09-20,21060.955456,22437.868750,20808.844571,22437.868750,1626
2023-09-21,23271.778689,23717.821113,22806.343115,23659.641667,2255
2023-09-22,23039.057458,23407.527232,22399.083640,23077.843750,1645
2023-09-25,23426.925407,23776.002110,22534.840499,22631.806250,1821
2023-09-26,23232.990985,24163.862076,23000.273212,23814.785417,1889
2023-09-27,23252.384212,24319.007341,22689.982926,23213.597917,2088
2023-09-28,23426.925236,23698.429336,21216.106132,21953.045833,3068
2023-09-29,21060.953951,21972.431700,20789.449940,21720.320833,2703
2023-10-02,21623.356448,22243.937081,20905.810090,21429.425000,2254
2023-10-03,22050.006309,23232.988177,21138.528475,22786.945833,2528
2023-10-04,22457.262511,22980.877440,21642.750399,21856.075000,2136
2023-10-05,21914.251640,22825.729364,21603.961352,22166.362500,1870
2023-10-06,22593.017542,23039.059949,20479.164399,20808.847917,2860
2023-10-09,21487.609381,21953.044963,20789.456007,20983.387500,1800
2023-10-10,20789.452097,21060.956136,19606.470215,20188.264583,2067
2023-10-11,19974.936456,20459.765011,19606.466755,19742.218750,1766
2023-10-12,19645.257126,20188.265220,18753.172399,19606.470833,2730
2023-10-13,19509.503291,21351.852011,19431.930713,21216.100000,2664
2023-10-16,21080.350883,21119.137178,20091.300382,20304.625000,1849
2023-10-17,21526.394397,22263.334025,20362.805510,20808.847917,2703
2023-10-18,21836.683662,22263.332898,21371.248131,21914.256250,2177
2023-10-19,21332.461113,23213.596321,21157.922795,22961.485417,3225
2023-10-20,22961.486122,24105.681799,22496.050593,23989.322917,2153
2023-10-23,24415.971105,25191.696955,23116.630308,24357.791667,2329
2023-10-24,23989.322358,24338.398997,23291.169080,23368.741667,1926
2023-10-25,24396.578175,26626.790011,24125.074125,26238.927083,2387
2023-10-26,25986.814647,27131.010217,25017.157384,26723.754167,2598
2023-10-27,25657.139627,26316.506783,25172.310836,25928.643750,1965
2023-10-30,26491.036554,27867.949874,26006.207920,26995.258333,2157
2023-10-31,26975.866367,27964.916823,26064.388496,26297.106250,1840
2023-11-01,26238.928798,26258.321945,24319.007178,24415.972917,2115
2023-11-02,23077.843901,23814.783454,22243.938617,22748.160417,2070
2023-11-03,22050.010709,22205.155903,20498.558768,20983.387500,2694
2023-11-06,20925.203362,21759.108594,20711.878768,21099.741667,1821
2023-11-07,21274.281620,21390.640498,20440.376324,20750.666667,2047
2023-11-08,20673.093750,21119.136110,20362.803412,20673.093750,1665
2023-11-09,20285.232695,21119.138054,19567.686223,21002.779167,2481
2023-11-10,20227.054228,20498.558311,18268.346196,18481.670833,2949
2023-11-13,18908.314926,19373.750370,18830.742352,18985.887500,1762
2023-11-14,17570.191118,17686.550000,16736.285800,16949.610417,2974
2023-11-15,16619.925875,16949.609352,16173.883523,16581.139583,2714
2023-11-16,16794.464017,16949.609181,16387.207961,16542.353125,2507
2023-11-17,16716.891129,16794.463710,16115.703629,16232.062500,1784
2023-11-20,16270.850274,16290.243421,15320.586075,15475.731250,2049
2023-11-21,15882.986377,16619.925916,15882.986377,16348.421875,2529
2023-11-22,16096.310484,16387.207661,15436.943548,16232.062500,2486
2023-11-24,16290.241328,16445.386483,16154.489317,16212.668750,925
2023-11-27,16425.993241,16542.352107,15882.985200,16309.634375,1630
2023-11-28,16639.318582,17007.788341,16348.421404,16600.532292,2061
2023-11-29,15921.773575,16154.491337,15301.192875,16076.918750,2520
2023-11-30,15960.561151,16813.859682,15941.168003,16387.210417,2793
2023-12-01,16716.891407,17104.754317,16096.310751,16173.883333,2677
2023-12-04,16716.892270,17453.831837,16639.319684,16736.285417,2161
2023-12-05,17240.507510,17473.225271,16910.824014,17046.576042,1948
2023-12-06,16329.027090,17434.436288,16290.240803,17395.650000,1880
2023-12-07,16949.608444,17124.146746,15824.806053,16018.737500,2575
2023-12-08,16154.489468,16173.882613,15417.549973,15650.267708,2595
2023-12-11,15204.225770,15262.405205,13885.491902,14060.030208,3367
2023-12-12,14273.355117,14350.927700,13730.347042,13769.133333,2267
2023-12-13,13749.742037,13904.887222,12857.657222,13090.375000,2975
2023-12-14,12799.475985,12818.869130,11907.391295,12062.536458,4070
2023-12-15,11965.571711,12004.358005,11500.136182,11926.785417,3556
2023-12-18,11907.391562,12353.433917,11849.212125,12004.357292,2211
2023-12-19,12004.356617,12023.749761,11752.245734,11849.211458,1754
2023-12-20,12043.142138,12877.047310,11887.996990,12857.654167,3057
2023-12-21,11954.592081,12129.253329,11644.083195,11721.710417,3120
2023-12-22,11585.864026,11876.966137,11391.795952,11605.270833,2164
2023-12-26,11450.015928,11469.422735,10848.404922,11003.659375,2090
2023-12-27,10867.809735,11100.691372,10790.182522,10964.843750,1850
2023-12-28,10867.812279,11042.473548,10790.185049,10984.253125,1258
2023-12-29,11003.660374,11450.016967,10945.439948,11294.762500,2324
2024-01-02,11799.336858,12769.677061,11799.336858,12478.575000,3820
2024-01-03,13138.407018,13448.915899,12924.932162,13293.661458,3592
2024-01-04,13953.495396,14031.122631,13235.443477,13642.986458,3611
2024-01-05,13584.762765,13720.610393,13060.779058,13429.508333,3175
2024-01-08,13157.813790,13196.627400,12012.812295,12129.253125,2907
2024-01-09,12536.796030,12595.016445,11838.151050,12129.253125,2543
2024-01-10,12071.033056,12711.457639,12032.219444,12226.287500,2310
2024-01-11,12245.693463,12866.711198,11896.370987,12109.845833,3927
2024-01-12,12109.846530,12497.982637,11915.778477,12303.914583,2200
2024-01-16,12284.507627,12478.575678,11527.642229,11799.337500,3885
2024-01-17,12148.659442,12711.456764,12071.032225,12109.845833,4221
2024-01-18,11178.320213,11547.049525,10887.218124,10945.438542,5386
2024-01-19,10518.487931,10712.555974,9625.774933,9664.588542,4552
2024-01-22,9451.114374,9839.250488,9179.419094,9567.555208,3725
2024-01-23,9567.552875,9839.248089,9334.671264,9392.891667,2667
2024-01-24,9062.978264,9295.859933,8577.808122,8985.351042,5808
2024-01-25,8480.773963,9218.232568,8480.773963,9062.978125,5046
2024-01-26,9586.963097,9897.472023,9451.115442,9819.844792,4423
2024-01-29,9761.622270,9975.097110,9489.927018,9528.740625,2832
2024-01-30,9664.588086,10072.130957,9489.926855,9936.283333,3272
2024-01-31,10421.453189,10654.334825,9839.249100,10382.639583,5710
2024-02-01,10305.013611,10654.336106,10169.165974,10266.200000,3507
2024-02-02,10266.200716,10343.827943,9781.030550,9878.064583,4789
2024-02-05,9606.370091,9936.285832,9315.267967,9451.115625,4498
2024-02-06,9373.486285,10110.944833,9373.486285,9781.029167,4039
2024-02-07,9625.776556,9897.471862,9315.267635,9354.081250,3783
2024-02-08,9257.047046,9295.860660,8674.842829,8888.317708,3899
2024-02-09,8713.655297,8888.316539,8306.112398,8364.332813,3325
2024-02-12,8344.925907,8519.587147,7937.383014,8422.553125,4583
2024-02-13,9160.013508,9276.454357,8655.436492,8907.725000,6645
2024-02-14,8577.808769,8713.656420,8306.113469,8344.927083,4138
2024-02-15,8209.079433,8480.774734,8131.452204,8344.927083,3303
2024-02-16,8189.671811,8597.214721,7995.603759,8519.587500,4261
2024-02-20,8752.467403,9334.671443,8674.840198,8946.535417,4532
2024-02-21,9257.046821,9412.301275,9004.758333,9004.758333,4516
2024-02-22,7956.790601,8092.638246,7568.654474,7685.095312,6156
2024-02-23,7588.060839,8073.230970,7491.026813,7937.383333,4553
2024-02-26,7723.908333,7879.162772,7607.467504,7723.908333,3272
2024-02-27,7607.468494,7801.536568,7549.248072,7743.316146,2960
2024-02-28,8015.010451,8112.044476,7879.162816,7995.603646,3164
2024-02-29,7704.502168,7801.536201,7316.366039,7374.586458,4763
2024-03-01,7122.298138,7141.704945,6326.619054,6443.059896,6473
2024-03-04,6229.584341,6365.431975,6035.516293,6248.991146,5312
2024-03-05,6462.466420,6811.788929,6346.025584,6598.314062,6795
2024-03-06,6190.770902,6365.432150,5919.075628,6151.957292,7255
2024-03-07,5919.076291,5919.076291,5433.906103,5511.533333,7568
2024-03-08,5472.719536,6190.771390,5356.278695,6171.364583,12467
2024-03-11,6384.838993,6637.127464,6287.804966,6423.652604,8790
2024-03-12,6190.770615,6520.686290,6016.109375,6016.109375,7598
2024-03-13,6229.584985,6578.907508,6210.178178,6462.466667,5804
2024-03-14,6559.500077,7005.856591,6423.652442,6811.788542,7763
2024-03-15,7083.484063,7141.704480,6714.754756,6967.043229,6298
2024-03-18,6617.720727,7005.856840,6520.686699,6967.043229,5251
2024-03-19,7205.410275,7496.734141,6991.772774,7088.880729,6237
2024-03-20,7030.616305,7224.832225,6661.606057,6719.870833,4563
2024-03-21,6078.958824,6331.439542,5923.586074,6292.596354,5163
2024-03-22,6389.704280,6447.969061,6137.223564,6253.753125,3775
2024-03-25,6545.077115,6583.920303,6176.066833,6331.439583,4028
2024-03-26,6214.910180,6486.812500,6137.223802,6486.812500,3756
2024-03-27,6312.017906,6642.184996,6253.753125,6253.753125,4131
2024-03-28,6292.595502,6331.438684,6156.644365,6234.330729,2534
2024-04-01,6234.332099,6253.753694,5787.635407,6040.116146,3694
2024-04-02,6331.439824,6525.655769,6292.596635,6312.018229,3952
2024-04-03,6564.499461,6564.499461,6137.224349,6273.175521,4283
2024-04-04,6020.694558,6875.244753,5981.851367,6836.401563,4894
2024-04-05,6739.293063,6875.244220,6447.969156,6583.920313,5279
2024-04-08,6467.390708,6622.763458,6370.282740,6545.077083,2874
2024-04-09,6331.439864,6681.028568,6273.175080,6350.861458,3618
2024-04-10,6661.605729,6797.556866,6428.546637,6661.605729,5816
2024-04-11,6564.497777,6739.292097,6195.487547,6234.330729,3737
2024-04-12,6583.920823,6894.666349,6545.077632,6836.401563,3900
2024-04-15,6568.382404,7222.890053,6502.348991,7112.186979,5084
2024-04-16,7102.476114,7207.352710,6857.764058,6964.582812,5155
2024-04-17,6968.467556,7650.165469,6916.029255,7603.553646,9209
2024-04-18,7774.464412,8091.036407,7619.091653,8015.292188,8494
2024-04-19,8228.928364,9097.073509,8085.208586,8959.180208,10932
2024-04-22,8704.757489,9042.693189,8349.342358,8539.673958,6536
2024-04-23,8370.706019,8440.623749,7889.050545,7997.811458,6572
2024-04-24,7380.205072,7920.125338,7244.253926,7692.892708,9169
2024-04-25,7778.348952,7902.647163,7133.551985,7271.445312,9494
2024-04-26,7312.229231,7376.320483,6737.350120,6816.978646,7539
2024-04-29,6869.418088,7022.848687,6659.664864,6679.086458,5448
2024-04-30,6778.135462,7108.302519,6552.845000,7102.476042,6859
2024-05-01,7496.735308,7943.431972,7118.014224,7813.307292,12129
2024-05-02,7448.180162,7865.744369,7224.831865,7302.518229,7318
2024-05-03,6877.186687,6993.716255,6700.450175,6820.864062,7219
2024-05-06,6655.780315,6733.466692,6403.299592,6411.068229,6228
2024-05-07,6381.935942,6572.267568,6321.728999,6562.556771,6560
2024-05-08,6760.656861,6787.847092,6539.250689,6550.903646,6274
2024-05-09,6564.498327,6737.350502,6525.655142,6628.589583,5487
2024-05-10,6442.143201,6539.251178,6253.753726,6440.201042,5759
2024-05-13,6364.455858,6447.968706,6292.595966,6409.125521,3991
2024-05-14,6436.316388,6447.969344,6080.901210,6092.554167,6467
2024-05-15,5911.933827,6009.041807,5573.998056,5583.708854,7439
2024-05-16,5593.418350,5680.815512,5465.235846,5673.046875,5696
2024-05-17,5577.881385,5911.932778,5540.980360,5766.270833,6554
2024-05-20,5717.717296,5733.254571,5290.442226,5401.145312,7623
2024-05-21,5608.956920,5622.552037,5424.451758,5438.046875,5412
2024-05-22,5302.094108,5436.103080,5220.523429,5255.482292,8761
2024-05-23,4894.242017,5484.658515,4890.357698,5352.591667,15158
2024-05-24,5222.466236,5292.383969,4997.175763,5049.614062,10367
2024-05-28,4876.762278,5036.019349,4727.216003,4789.365104,12967
2024-05-29,5067.093792,5111.763457,4999.118214,5105.936979,9764
2024-05-30,5098.168617,5282.673767,5045.730311,5197.218750,8819
2024-05-31,5162.259476,5774.039662,5107.879015,5348.706771,14440
2024-06-03,5088.458432,5607.015074,5074.863314,5313.748958,10011
2024-06-04,5352.591423,5570.113280,5325.401191,5443.872917,9333
2024-06-05,5162.259421,5214.697722,4723.331419,4734.984375,14266
2024-06-06,4736.925560,4958.331675,4733.041242,4845.686458,11051
2024-06-07,4874.819554,5004.944219,4808.786142,4894.241146,11969
2024-06-10,5036.018869,5043.787506,4653.413502,4686.430208,11178
2024-06-11,4756.348355,4905.894628,4663.124704,4678.661979,10148
2024-06-12,4430.065717,4463.082428,4237.791931,4292.172396,18715
2024-06-13,4195.064025,4329.073015,4096.013902,4138.741406,13763
2024-06-14,4272.750491,4317.420156,4167.873888,4198.948438,11026
2024-06-17,4125.146431,4278.577019,3983.368799,4004.732552,12192
2024-06-18,3971.715995,3991.137589,3794.979489,3853.244271,14434
2024-06-20,3839.649055,4237.791723,3822.169620,4169.816146,24411
2024-06-21,4274.692785,4443.660651,4156.221064,4297.998698,19306
2024-06-24,4422.296259,4676.719100,4344.609895,4665.066146,16544
2024-06-25,4517.026284,4676.405009,4398.464063,4398.464063,12895
2024-06-26,4427.618898,4610.321346,4342.098604,4458.717188,12011
2024-06-27,4507.307949,4616.151953,4390.689373,4528.688021,10469
2024-06-28,4452.886080,4515.082656,4136.072274,4408.182292,15485
2024-07-01,4412.069899,4658.912576,4394.577110,4414.013542,13754
2024-07-02,4489.814830,4497.589402,4215.761198,4215.761198,10968
2024-07-03,4196.324708,4264.352204,3949.482078,4011.678646,9576
2024-07-05,3931.989776,4069.988428,3900.891488,3992.242708,10431
2024-07-08,3910.609205,3914.496490,3762.892356,3770.666927,13296
2024-07-09,3729.850747,3885.342180,3667.654174,3776.498177,12852
2024-07-10,3679.315667,3735.681305,3498.556894,3510.218750,16778
2024-07-11,3451.909326,3900.890776,3446.078398,3865.905208,24427
2024-07-12,3805.652574,3883.398286,3527.711656,3720.132292,21493
2024-07-15,3681.259390,3790.103385,3572.415396,3724.019531,16365
2024-07-16,3667.654352,3836.751294,3638.499707,3652.105208,15349
2024-07-17,4035.003047,4448.999024,3998.073828,4421.788021,29061
2024-07-18,4188.549526,4631.700010,4188.549526,4396.519271,31046
2024-07-19,4415.956626,4829.952560,4375.140126,4800.797917,19461
2024-07-22,4495.646120,4623.926554,4198.268750,4198.268750,19375
2024-07-23,4402.351134,4439.280349,4270.183418,4394.576563,11690
2024-07-24,4583.109747,5123.442449,4550.067820,5090.400521,20368
2024-07-25,5245.891658,5710.422264,4946.570681,5434.425000,30529
2024-07-26,5090.399925,5292.538754,4975.725013,5107.892708,17544
2024-07-29,4958.232691,5205.075322,4746.375629,5144.822396,15285
2024-07-30,5069.020833,5760.957726,5030.147974,5702.648438,20861
2024-07-31,4925.190762,5057.358469,4544.236780,4550.067708,21397
2024-08-01,4843.557755,5718.196997,4686.122692,5531.607292,25904
2024-08-02,6266.303457,6647.257389,6089.431989,6460.667708,35639
2024-08-05,7774.571237,7774.571237,6272.135345,6761.933333,31454
2024-08-06,6579.231065,6944.635922,6062.222066,6594.780208,19628
2024-08-07,5976.701644,7208.971187,5830.928433,7168.154688,20737
2024-08-08,6507.316712,6964.072813,5661.832013,5685.155729,24552
2024-08-09,5836.759083,6040.841568,5642.394811,5784.280729,18752
2024-08-12,5770.676129,5922.280285,5486.904248,5687.099479,14239
2024-08-13,5488.847602,5566.593318,4977.669514,5000.993229,15989
2024-08-14,4888.261402,5290.595442,4814.402980,5047.640104,17566
2024-08-15,4707.502989,4775.530488,4260.465133,4312.943490,21472
2024-08-16,4454.829698,4530.631774,4299.338260,4355.703906,17065
2024-08-19,4406.238501,4559.786292,4134.128492,4136.072135,16152
2024-08-20,4215.761272,4396.520055,4116.635489,4297.394271,20456
2024-08-21,4225.479632,4270.183419,4054.439059,4120.522917,19604
2024-08-22,4046.664861,4579.223061,4009.735643,4534.519271,26296
2024-08-23,4340.154336,4406.238191,4089.424417,4182.719271,27275
2024-08-26,4254.633834,4548.123880,4196.324554,4499.532812,20818
2024-08-27,4606.433072,4726.938916,4309.055747,4351.815885,18133
2024-08-28,4402.350814,4728.882795,4320.717819,4586.996875,23702
2024-08-29,4518.970261,4701.672715,4285.733087,4631.701563,24225
2024-08-30,4316.830530,4520.913018,4246.859391,4289.619531,20468
2024-09-03,4518.970031,5335.300102,4517.026388,5261.441667,32244
2024-09-04,5422.763311,5486.903522,4969.894547,5210.906250,23245
2024-09-05,5432.481463,5463.579746,5057.358413,5304.201042,21744
2024-09-06,5413.045459,6075.827686,5413.045459,5992.251042,27770
2024-09-09,5708.479047,5939.772546,5576.311334,5630.733333,18411
2024-09-10,5622.958485,5889.237542,5446.086995,5455.805208,16639
2024-09-11,5350.848789,5700.704504,4670.573789,4695.841146,27007
2024-09-12,4779.417693,4979.612904,4637.531767,4769.699479,19314
2024-09-13,4664.741842,4688.065551,4483.983096,4526.743229,18113
2024-09-16,4717.221325,4878.543686,4635.588323,4697.784896,16705
2024-09-17,4534.518685,4814.403250,4495.645829,4693.897396,18058
2024-09-18,4645.305749,4861.050075,4431.505066,4843.557292,24787
2024-09-19,4305.168782,4419.843706,4025.284220,4225.479427,30839
2024-09-20,4359.589885,4602.545184,4314.886110,4412.068229,20959
2024-09-23,4359.590854,4468.434853,4310.999784,4373.196354,11384
2024-09-24,4208.961347,4366.505648,4092.261864,4172.006510,18166
2024-09-25,4230.356578,4230.356578,4008.627543,4090.317187,17776
2024-09-26,3588.509155,3983.342411,3549.609327,3656.583854,33591
2024-09-27,3621.574247,3886.093096,3617.684264,3831.633333,22334
2024-09-30,3977.507643,4101.987100,3860.808152,3938.607812,23492
2024-10-01,3950.277707,4362.615902,3903.597911,4271.201302,36029
2024-10-02,4236.190887,4325.660483,3954.167159,4086.426562,25260
2024-10-03,4203.126232,4208.961206,3903.597570,4059.196875,20735
2024-10-04,3812.182765,4041.691728,3798.567827,3893.872396,21871
2024-10-07,3977.507257,4016.407084,3839.412873,3934.717448,18088
2024-10-08,3932.772475,4006.682145,3773.283186,3810.238021,16071
2024-10-09,3827.742881,3907.487524,3681.868533,3691.593490,17541
2024-10-10,3841.357502,3913.322175,3716.878069,3773.282813,20477
2024-10-11,3864.697315,3870.532288,3650.748294,3687.703125,15967
2024-10-14,3619.628611,3625.463585,3462.084324,3485.424219,18349
2024-10-15,3510.709332,4100.041701,3456.249575,4026.132031,31627
2024-10-16,3878.312691,4084.481771,3876.367700,4026.132031,13948
2024-10-17,3711.043577,3936.662578,3687.703680,3930.827604,17974
2024-10-18,3827.742613,3981.396915,3823.852630,3932.772135,12152
2024-10-21,3987.232039,4109.766487,3923.047328,3954.167188,13809
2024-10-22,4024.186708,4100.041363,3963.891982,3998.901823,15072
2024-10-23,4035.856817,4280.925713,3983.342054,4103.931510,21598
2024-10-24,3995.011878,4138.941226,3987.231914,4041.691667,14420
2024-10-25,3936.662657,3942.497631,3744.108505,3924.992708,21823
2024-10-28,3932.772491,3993.067223,3843.302890,3919.157552,11589
2024-10-29,3913.322628,3969.727378,3582.674096,3637.133854,18931
2024-10-30,3917.212906,4026.132431,3853.028186,4022.242448,20123
2024-10-31,4135.051673,4584.344682,4135.051673,4489.040104,22120
2024-11-01,4401.514664,4436.524502,4216.740518,4362.614844,15601
2024-11-04,4391.790279,4481.259877,4247.860925,4430.690104,12095
2024-11-05,4434.580505,4450.140437,4267.311241,4277.036198,12930
2024-11-06,4030.022551,4146.722046,3864.698267,3909.433073,15640
2024-11-07,3728.548457,3761.613310,3654.638785,3662.418750,13046
2024-11-08,3734.383238,3812.182889,3668.253535,3747.998177,12741
2024-11-11,3853.027597,4173.951147,3853.027597,4035.856771,14659
2024-11-12,4086.426515,4335.385389,4061.141630,4168.116146,14164
2024-11-13,4280.925125,4461.809285,4232.300350,4442.359375,14405
2024-11-14,4298.430354,4477.369536,4259.530532,4444.304688,10824
2024-11-15,4689.373913,4926.662846,4611.574263,4887.763021,14574
2024-11-18,4881.927760,4955.837423,4671.868717,4687.428646,9433
2024-11-19,4767.173271,4800.238121,4642.693839,4662.143750,7889
2024-11-20,4745.778742,4985.012670,4720.493855,4790.513542,11801
2024-11-21,4623.243759,4911.102436,4479.314420,4557.114062,14530
2024-11-22,4599.904593,4662.144317,4525.994921,4555.169792,7734
2024-11-25,4385.955778,4520.160190,4300.376153,4420.965625,9338
2024-11-26,4317.880142,4704.933362,4288.705276,4597.958854,8443
2024-11-27,4677.704632,5023.913125,4666.034683,4784.679167,11247
2024-11-29,4706.879215,4706.879215,4430.690435,4599.904688,8326
2024-12-02,4520.159993,4535.719924,4156.446603,4247.861198,15064
2024-12-03,4337.330442,4364.560319,4243.970863,4319.825521,8721
2024-12-04,4063.086985,4247.861166,4055.307020,4146.721615,9245
2024-12-05,4170.060877,4420.964726,4152.555957,4384.009896,8815
2024-12-06,4376.230628,4424.855412,4278.981058,4306.210938,7595
2024-12-09,4393.735347,4455.975069,4210.906165,4366.505469,9300
2024-12-10,4347.055083,4773.008132,4329.550164,4683.538542,9945
2024-12-11,4483.205206,4572.674811,4251.751228,4341.220833,11229
2024-12-12,4444.304366,4543.498905,4384.009646,4442.359375,10115
2024-12-13,4138.941501,4278.980875,3993.067153,4066.976823,14683
2024-12-16,4035.856797,4127.271384,3788.842911,3845.247656,12939
2024-12-17,3963.892223,4078.646709,3895.817528,4006.682031,13628
2024-12-18,3928.882969,4549.335279,3839.413357,4469.590625,17972
2024-12-19,4424.854727,4714.658399,4401.514834,4683.538542,17291
2024-12-20,4757.448832,4806.073615,4304.265848,4494.875000,16144
2024-12-23,4339.166236,4339.166236,4025.749563,4037.429688,13704
2024-12-24,3963.454981,4043.269153,3916.734490,3920.627865,6232
2024-12-26,4008.228785,4023.802282,3850.547128,3920.627865,7861
2024-12-27,3996.548724,4175.643942,3969.295103,4023.802344,11607
2024-12-30,4228.204814,4356.686176,4156.177384,4245.725000,11994
2024-12-31,4230.151394,4428.713493,4179.537525,4374.206250,9509
2025-01-02,4237.937826,4417.033040,4093.882981,4306.071875,13440
2025-01-03,4214.578029,4237.938276,3936.201743,3973.188802,13316
2025-01-06,3708.439251,3714.279313,3474.836778,3626.678385,20377
2025-01-07,3504.036996,3834.973824,3490.410186,3768.786458,18520
2025-01-08,3825.240456,4014.069119,3792.146772,3885.587760,16231
2025-01-10,4039.375908,4249.618123,4035.482533,4175.644010,17250
2025-01-13,4418.979661,4438.446532,4195.110648,4202.897396,12998
2025-01-14,4103.616446,4302.178532,4031.589022,4144.496875,10721
2025-01-15,3934.254985,3984.868854,3817.453748,3891.427865,13276
2025-01-16,3694.812369,3879.747656,3659.771999,3879.747656,15588
2025-01-17,3620.838422,3694.812541,3537.130867,3568.277865,17976
2025-01-21,3468.996284,3564.383948,3342.461627,3435.902604,15486
2025-01-22,3336.621794,3359.982040,3182.833508,3289.901302,17312
2025-01-23,3445.636333,3486.516764,3309.368229,3309.368229,13837
2025-01-24,3311.315065,3556.597663,3309.368378,3521.557292,13798
2025-01-27,4056.896222,4475.433981,4019.909165,4325.539062,39012
2025-01-28,4282.711979,4566.928320,4206.791176,4282.711979,18590
2025-01-29,4163.963836,4372.259362,4128.923467,4239.884635,12380
2025-01-30,4076.363124,4158.123989,3905.054645,3982.922135,14214
2025-01-31,3916.734975,4054.949778,3683.132492,4012.122656,22410
2025-02-03,4331.379217,4413.140083,4088.043306,4218.471354,18986
2025-02-04,4265.191555,4290.498488,4053.002656,4107.509896,10764
2025-02-05,4136.710559,4224.311488,3846.654148,3868.067708,10981
2025-02-06,3957.615423,4019.909419,3871.961179,3893.374740,8686
2025-02-07,3866.121256,4154.230997,3803.827258,4070.523438,17142
2025-02-10,3977.081865,3992.655362,3889.480943,3918.681250,9782
2025-02-11,4014.069144,4019.909206,3842.760665,3912.841406,10876
2025-02-12,4088.043248,4123.083618,3895.321209,3899.214583,13019
2025-02-13,3903.107939,3912.841375,3749.319646,3753.213021,12550
2025-02-14,3770.733133,3813.560252,3718.172578,3755.159635,8291
2025-02-18,3665.611770,3733.745818,3533.237049,3566.330729,11127
2025-02-19,3541.023932,3593.584485,3340.515156,3395.022396,15544
2025-02-20,3328.835193,3470.943362,3266.541201,3369.715625,13014
2025-02-21,3338.568372,3720.119043,3338.568372,3677.291927,17458
2025-02-24,3632.518625,3951.775353,3618.891813,3928.415104,19160
2025-02-25,3953.721958,4224.311496,3912.841524,4181.484375,19296
2025-02-26,4021.855752,4109.456676,3862.227401,3965.401823,13456
2025-02-27,3908.947943,4683.729457,3889.481070,4675.942708,20989
2025-02-28,4656.475933,4819.997663,4343.059284,4450.127083,18527
2025-03-03,4253.510998,5045.812589,4253.510998,4917.331250,22081
2025-03-04,4932.905764,5252.162491,4444.287237,4841.411458,22490
2025-03-05,4707.089336,4965.998717,4489.060384,4531.887500,18639
2025-03-06,5001.039839,5145.094704,4726.556921,5084.747396,18782
2025-03-07,5041.920286,5228.802274,4601.968941,4652.582812,17286
2025-03-10,5002.985949,5499.391169,4897.864843,5289.148958,17310
2025-03-11,5283.309293,5734.940744,5145.094496,5487.711458,18293
2025-03-12,5119.787524,5310.562877,4930.958859,5147.041146,12117
2025-03-13,5148.987492,5384.536636,4909.544974,5219.068229,10521
2025-03-14,4964.052254,4981.572439,4710.982923,4749.916667,11729
2025-03-17,4812.210901,4818.050963,4393.673141,4520.207812,11072
2025-03-18,4646.742460,4784.957255,4596.128592,4660.369271,9218
2025-03-19,4709.036421,4810.264157,4360.579406,4584.448438,11390
2025-03-20,4765.490746,4775.224183,4551.355132,4685.676562,10023
2025-03-21,4958.212402,5069.173575,4800.530736,4849.197917,8728
2025-03-24,4539.674716,4570.821712,4323.592429,4428.713542,11281
2025-03-25,4409.690106,4505.129512,4364.892017,4456.435938,6311
2025-03-26,4518.763727,4976.483329,4475.913381,4842.089063,12195
2025-03-27,5019.334365,5219.951920,4947.267865,5118.669271,12512
2025-03-28,5239.429144,5702.992020,5163.467160,5607.552604,11973
2025-03-31,5954.250704,6193.823107,5636.768576,5646.507292,12827
2025-04-01,5726.364760,6047.742374,5630.925347,5640.664062,12145
2025-04-02,5913.348103,5965.937167,5313.443223,5523.799479,13364
2025-04-03,6396.389124,7261.187166,6267.838063,7169.643229,16989
2025-04-04,8040.283963,9232.302806,7798.763805,8866.127083,33647
2025-04-07,9775.722190,10406.790927,6663.228853,8248.691667,44797
2025-04-08,7284.558752,9771.826539,6914.487585,9158.287500,26965
2025-04-09,8953.775405,9193.347816,3700.712045,4031.828385,56501
2025-04-10,4590.831025,5383.562560,4512.921292,4957.006771,44542
2025-04-11,5122.565002,5354.346460,4579.144608,4647.315625,33097
2025-04-14,4255.818091,4777.813170,4244.131634,4563.561458,22958
2025-04-15,4499.286806,4577.196534,4314.251201,4497.339063,15676
2025-04-16,5120.616670,5467.314946,4859.619091,5027.125000,23949
2025-04-17,4931.685918,5278.384218,4923.894945,5118.669271,17116
2025-04-21,5414.725171,5702.991115,5362.136114,5387.456771,12657
2025-04-22,5235.533691,5295.913730,4951.163186,5081.661979,14863
2025-04-23,4316.198611,4573.300694,4148.692708,4499.286458,29848
2025-04-24,4135.058797,4236.341443,3700.712065,3716.294010,36164
2025-04-25,3844.844976,3876.008867,3546.840274,3618.906771,23991
2025-04-28,3681.234375,3883.799653,3566.317535,3646.175000,21159
2025-04-29,3780.569532,3837.054085,3642.279766,3763.039844,18728
2025-04-30,4039.619193,4119.476660,3652.018315,3673.443490,28118
2025-05-01,3560.474138,3706.554860,3474.773448,3690.972917,19122
2025-05-02,3439.714326,3453.348528,3209.880640,3317.006510,31479
2025-05-05,3414.393751,3428.027954,3295.581419,3385.177604,14822
2025-05-06,3564.369969,3628.645493,3410.498260,3496.198958,23465
2025-05-07,3503.989849,3603.324747,3281.947134,3317.006510,21550
2025-05-08,3174.821438,3289.738287,3052.113615,3213.776302,28090
2025-05-09,3093.015886,3200.141751,3032.635853,3116.388802,18910
2025-05-12,2502.849826,2588.550521,2374.298785,2442.469792,52972
2025-05-13,2415.201389,2424.940104,2200.949653,2237.956771,44938
2025-05-14,2191.211196,2257.434468,2146.413100,2208.740885,34800
2025-05-15,2269.120660,2325.605208,2199.001910,2249.643229,37120
2025-05-16,2236.009114,2339.239500,2236.009114,2259.382031,25905
2025-05-19,2411.305630,2421.044344,2284.702346,2302.232031,34225
2025-05-20,2364.560336,2384.037768,2310.023524,2313.919010,24836
2025-05-21,2374.298785,2485.320139,2236.009028,2442.469792,48788
2025-05-22,2442.469623,2516.483854,2378.194106,2510.640625,35579
2025-05-23,2713.206704,2728.788652,2590.498863,2627.505990,44017
2025-05-27,2463.894784,2526.222558,2333.396009,2364.559896,36025
2025-05-28,2350.926038,2422.992536,2331.448606,2403.515104,29252
2025-05-29,2241.852502,2424.940370,2236.009273,2378.194531,40427
2025-05-30,2421.044868,2654.774059,2421.044868,2524.275260,47911
2025-06-02,2541.804871,2545.700357,2380.142185,2409.358333,33136
2025-06-03,2409.358349,2456.104186,2199.002082,2210.688542,42269
2025-06-04,2163.942579,2220.427129,2093.823828,2117.196745,42433
2025-06-05,2068.503293,2189.263372,2015.914226,2140.569792,55019
2025-06-06,2082.137498,2107.458160,2019.809715,2105.510417,30519
2025-06-09,2045.130254,2050.973483,1899.049521,1953.586328,47198
2025-06-10,1936.056781,1943.847754,1809.453470,1830.878646,43605
2025-06-11,1788.028209,1902.945055,1770.498521,1850.355990,42827
2025-06-12,1887.363021,1895.153993,1813.348785,1840.617188,31981
2025-06-13,1963.325000,2004.227604,1899.049479,1980.854687,46517
2025-06-16,1908.788148,1912.683634,1772.446138,1797.766797,50205
2025-06-17,1828.930816,1846.460504,1749.073346,1838.669531,43463
2025-06-18,1815.296744,1858.147096,1756.864445,1821.139974,40960
2025-06-20,1772.446305,1930.213503,1764.655332,1858.147005,44553
2025-06-23,1862.042538,1941.900011,1791.923782,1825.035417,48451
2025-06-24,1720.542693,1722.491213,1601.683005,1609.477083,60106
2025-06-25,1578.300752,1615.322622,1564.661116,1566.609635,40017
2025-06-26,1531.536376,1568.558248,1517.896739,1533.484896,38299
2025-06-27,1525.690736,1584.146320,1490.617386,1535.433333,61037
2025-06-30,1512.051275,1560.764267,1510.102756,1537.382031,44462
2025-07-01,1578.300688,1630.910711,1531.536224,1558.815495,74729
2025-07-02,1572.455032,1574.403551,1451.646839,1471.132031,86958
2025-07-03,1455.544044,1465.286641,1438.007369,1451.647005,44874
2025-07-07,1492.565985,1552.970091,1475.029309,1533.484896,80265
2025-07-08,1494.514384,1510.102539,1408.779530,1449.698437,79853
2025-07-09,1434.110417,1475.029328,1391.242986,1434.110417,79048
2025-07-10,1393.191488,1432.161880,1375.654812,1391.242969,72846
2025-07-11,1418.522306,1436.058983,1385.397472,1399.037109,71109
2025-07-14,1432.161993,1500.360183,1424.367914,1438.007552,72565
2025-07-15,1356.169677,1400.985629,1334.735961,1399.037109,86925
2025-07-16,1432.161874,1519.845254,1406.831120,1406.831120,78906
2025-07-17,1414.625120,1441.904392,1385.397328,1393.191406,63191
2025-07-18,1375.654779,1426.316286,1365.912181,1395.139974,66744
2025-07-21,1383.448972,1389.294531,1336.684500,1389.294531,67765
2025-07-22,1408.779610,1496.462988,1399.037012,1447.750000,98655
2025-07-23,1482.823327,1529.587794,1469.183690,1473.080729,66745
2025-07-24,1484.771923,1525.690834,1476.977845,1486.720443,55486
2025-07-25,1513.999550,1533.484744,1484.771760,1490.617318,37240
2025-07-28,1443.853041,1445.801560,1404.882648,1408.779687,46433
2025-07-29,1385.397310,1432.161776,1346.426921,1402.933984,69219
2025-07-30,1367.860739,1410.728170,1348.375544,1375.654818,65305
2025-07-31,1422.419213,1545.175940,1418.522175,1504.257031,67273
2025-08-01,1589.991987,1654.293133,1515.948242,1560.764193,92499
2025-08-04,1527.639383,1551.021618,1490.617510,1498.411589,44479
2025-08-05,1476.977736,1584.146305,1461.389580,1529.587760,66484
2025-08-06,1574.403796,1628.962343,1554.918600,1564.661198,55950
2025-08-07,1465.286741,1527.639368,1441.904506,1492.566016,66353
2025-08-08,1490.617311,1504.256946,1447.749885,1453.595443,45195
2025-08-11,1438.007302,1471.132132,1389.294318,1459.441016,49829
2025-08-12,1428.264885,1457.492680,1319.147786,1319.147786,70056
2025-08-13,1291.868417,1309.405093,1260.692106,1262.640625,54347
2025-08-14,1315.250686,1323.044764,1247.052503,1258.743620,56693
2025-08-15,1287.971369,1360.066589,1287.971369,1346.426953,54317
2025-08-18,1358.118040,1363.963599,1332.787288,1334.735807,38014
2025-08-19,1336.684310,1408.779528,1321.096155,1397.088411,53547
2025-08-20,1408.779601,1539.330407,1408.779601,1426.316276,73630
2025-08-21,1451.646957,1475.029190,1418.522127,1449.698437,49302
2025-08-22,1439.955788,1453.595423,1282.125722,1326.941667,76374
2025-08-25,1338.633025,1362.015261,1323.044867,1336.684505,29123
2025-08-26,1324.993400,1326.941920,1291.868565,1305.508203,30977
2025-08-27,1321.096116,1336.684271,1291.868326,1295.765365,36089
2025-08-28,1284.074383,1305.508098,1252.898070,1280.177344,45348
2025-08-29,1334.735901,1408.779645,1334.735901,1391.242969,50445
2025-09-02,1500.359896,1515.948051,1432.161719,1432.161719,57762
2025-09-03,1428.264866,1500.360091,1426.316347,1455.544141,43183
2025-09-04,1482.823382,1510.102656,1404.882600,1406.831120,44247
2025-09-05,1346.426868,1414.625045,1338.632790,1363.963542,63442
2025-09-08,1342.529885,1356.169521,1317.199132,1334.735807,41266
2025-09-09,1334.735841,1362.015114,1321.096205,1330.838802,36214
2025-09-10,1268.486135,1287.971329,1250.949460,1260.692057,54161
2025-09-11,1241.206935,1245.103974,1217.824701,1237.309896,47765
2025-09-12,1229.515885,1252.898121,1219.773287,1229.515885,31756
2025-09-15,1239.258411,1249.001009,1200.288021,1200.288021,38633
2025-09-16,1190.545365,1210.030559,1174.957210,1176.905729,40195
2025-09-17,1192.493982,1235.361413,1153.523590,1180.802865,64984
2025-09-18,1095.067880,1108.707515,1042.457857,1059.994531,81202
2025-09-19,1063.891614,1108.707561,1063.891614,1077.531250,39757
2025-09-22,1073.634311,1075.582830,1022.972801,1028.818359,53901
2025-09-23,1015.896993,1047.095365,996.398010,1025.646484,52496
2025-09-24,1035.396049,1072.444119,1023.696659,1029.546354,58445
2025-09-25,1084.143466,1117.291738,1033.446110,1041.245703,74679
2025-09-26,1041.245658,1072.444030,1029.546269,1035.395964,55465
2025-09-29,1006.147490,1037.345862,990.548304,1035.395964,56000
2025-09-30,1035.396038,1050.995225,1008.097461,1008.097461,55707
2025-10-01,1033.446130,1037.345926,949.600500,955.450195,67095
2025-10-02,900.852921,920.351902,889.153533,896.953125,77522
2025-10-03,889.153665,930.101531,873.554478,914.502344,69580
2025-10-06,807.257961,832.606641,797.508468,832.606641,93225
2025-10-07,811.157679,893.053406,807.257882,887.203711,94587
2025-10-08,889.153545,895.003240,797.508333,797.508333,89829
2025-10-09,805.307979,832.606555,799.458285,807.257878,61766
2025-10-10,805.307981,967.149536,799.458286,963.249740,170120
2025-10-13,850.155635,875.504312,815.057467,820.907161,103505
2025-10-14,877.454224,891.103512,826.756868,873.554427,101007
2025-10-15,809.207780,850.155643,791.658695,793.608594,116814
2025-10-16,768.259928,809.207792,758.510437,783.859115,129081
2025-10-17,803.358114,828.706792,779.959334,791.658724,117091
2025-10-20,772.159658,774.109556,735.111594,752.660677,70456
2025-10-21,758.510397,781.909175,754.610600,764.360091,65059
2025-10-22,791.658715,867.704750,778.009427,818.957292,106004
2025-10-23,836.506387,838.456285,756.560555,760.460352,83421
2025-10-24,721.462313,729.261906,707.813026,725.362109,69233
2025-10-27,686.364210,694.163803,659.065633,662.965430,84023
2025-10-28,670.764986,676.614681,653.215902,661.015495,58537
2025-10-29,627.867224,647.366206,610.318140,629.817122,93921
2025-10-30,639.566662,655.165849,620.067678,653.215951,92849
2025-10-31,635.666886,662.965463,618.117800,647.366276,81288
2025-11-03,625.917342,647.366223,616.167851,637.616732,67652
2025-11-04,688.313985,717.562454,661.015413,711.712760,115322
2025-11-05,707.813016,707.813016,620.067601,645.416276,114489
2025-11-06,651.266012,711.712858,645.416318,696.113672,130555
2025-11-07,731.211853,795.558496,717.562565,717.562565,151293
2025-11-10,661.015531,690.264006,655.165836,662.965430,86178
2025-11-11,682.464345,713.662715,676.614651,707.813021,83196
2025-11-12,672.714889,694.163769,662.965398,678.564583,89039
2025-11-13,701.963406,768.259950,694.163812,746.811068,120345
2025-11-14,813.107519,826.756806,721.462307,752.660677,133848
2025-11-17,774.109611,818.957271,731.211849,793.608594,110365
2025-11-18,828.706810,873.554473,811.157725,848.205794,137820
2025-11-19,838.456279,852.105568,774.109635,805.308008,117202
2025-11-20,744.861167,932.051408,735.111676,920.352018,199494
2025-11-21,922.301897,1004.197625,856.005354,895.003320,234488
2025-11-24,867.704723,869.654621,766.310014,776.059505,120599
2025-11-25,811.157695,861.855051,764.360136,770.209831,104248
2025-11-26,744.861085,748.760882,690.263938,707.813021,89116
2025-11-28,700.013545,707.813138,668.815169,668.815169,40881
2025-12-01,696.113748,700.013545,653.215982,668.815169,90587
2025-12-02,645.416337,659.065625,616.167863,627.867253,121978
2025-12-03,622.017541,639.566625,586.919373,588.869271,107063
2025-12-04,598.618802,616.167888,594.719006,608.368294,86668
2025-12-05,590.819198,592.769096,569.370316,586.919401,100052
2025-12-08,575.220044,586.919435,563.520654,571.320247,96242
2025-12-09,583.019638,588.869333,569.370349,571.320247,72764
2025-12-10,575.219966,583.019558,545.971493,549.871289,101573
2025-12-11,569.370325,606.418394,557.670935,559.620833,121221
2025-12-12,583.019588,649.316130,577.169893,641.516536,177331
2025-12-15,620.067644,657.115710,616.167847,651.266016,148630
2025-12-16,657.115698,682.464375,641.516513,661.015495,147475
2025-12-17,651.265995,740.961312,647.366198,733.161719,198108
2025-12-18,653.215906,692.213871,643.466415,678.564583,178657
2025-12-19,662.965383,664.915281,614.217929,625.917318,110813
2025-12-22,584.969443,610.318119,583.019545,604.468424,73727
2025-12-23,605.001942,610.856800,587.437370,587.437370,58881
2025-12-24,589.388906,591.340525,579.630812,583.534049,26168
2025-12-26,573.775955,589.388906,573.775955,583.534049,41377
2025-12-29,601.098646,608.905122,581.582456,589.388932,72363
2025-12-30,585.485703,591.340560,575.727608,591.340560,45782
2025-12-31,587.437342,612.808390,583.534104,610.856771,51021
2026-01-02,567.921153,567.921153,524.985533,536.695247,154190
2026-01-05,503.517759,521.082332,491.808043,515.227474,112771
2026-01-06,491.807985,495.711223,462.533700,464.485319,166504
2026-01-07,480.098299,491.808013,474.243441,478.146680,90600
2026-01-08,484.001541,517.179066,484.001541,501.566113,140293
2026-01-09,487.904798,497.662894,450.824033,460.582129,132997
2026-01-12,474.243428,476.195047,448.872380,452.775618,73576
2026-01-13,444.969165,446.920784,429.356212,443.017546,125952
2026-01-14,448.872379,466.436950,444.969141,444.969141,144947
2026-01-15,403.985144,425.452954,400.081906,423.501335,126994
2026-01-16,403.985109,415.694822,398.130252,407.888346,102135
2026-01-20,429.356192,431.307811,403.985144,423.501335,173649
2026-01-21,407.888373,413.743230,374.710850,384.468945,193419
2026-01-22,364.952747,388.372175,363.001128,382.517318,89883
2026-01-23,390.323813,405.936765,384.468955,394.227051,142960
2026-01-26,402.033529,409.840005,394.227052,402.033529,113612
2026-01-27,384.468959,390.323817,366.904388,372.759245,117765
2026-01-28,351.291437,357.146295,339.581723,343.484961,168901
2026-01-29,343.484961,380.565724,335.678485,343.484961,205194
2026-01-30,359.097898,392.275421,345.436565,384.468945,208903
2026-02-02,400.081927,400.081927,351.291448,361.049544,195642
2026-02-03,353.243041,409.839992,349.339803,384.468945,260699
2026-02-04,396.178655,460.582082,386.420560,435.211035,357774
2026-02-05,450.823996,462.533710,415.694853,437.162663,328336
2026-02-06,411.791625,415.694863,361.049529,364.952767,195360
2026-02-09,376.662496,380.565735,345.436590,353.243066,142206
2026-02-10,349.339804,366.904376,345.436566,355.194661,150143
2026-02-11,335.678448,357.146256,323.968735,327.871973,292055
2026-02-12,322.017160,355.194686,316.162303,353.243066,285367
2026-02-13,349.339818,363.001152,335.678485,343.484961,220007
2026-02-17,361.049542,372.759257,337.630112,345.436589,274622
2026-02-18,341.533332,349.339808,323.968760,333.726855,194625
2026-02-19,347.388190,353.243048,339.581714,341.533333,180268
2026-02-20,351.291452,351.291452,325.920403,331.775260,252441
2026-02-23,337.630087,349.339801,327.871992,339.581706,164627
2026-02-24,325.920402,335.678498,316.162306,323.968783,202262
2026-02-25,312.259041,314.210660,306.404184,310.307422,121089
2026-02-26,312.259054,353.243055,312.259054,335.678483,329687
2026-02-27,357.146287,361.049526,343.484954,349.339811,243064
2026-03-02,376.662478,376.662478,349.339811,349.339811,332117
2026-03-03,390.323814,413.743243,388.372195,402.033529,420941
2026-03-04,384.468943,396.178657,368.855991,376.662467,286038
2026-03-05,386.323003,414.719061,371.100374,391.202051,512786
2026-03-06,423.696510,447.896587,400.569823,440.773177,840440
2026-03-09,461.362731,470.925664,385.152009,388.177018,863680
2026-03-10,388.762535,388.762535,356.658400,378.809277,505639
2026-03-11,373.539869,374.515678,357.829336,368.172917,374588
2026-03-12,385.444773,412.767441,383.883478,407.400488,369717
2026-03-13,393.348828,409.644847,377.443132,403.009342,341045
2026-03-16,376.760053,385.639920,364.952758,379.199577,230871
2026-03-17,370.124557,383.102824,368.465681,371.490690,190836
2026-03-18,371.100358,378.028605,361.147100,377.638281,241469
2026-03-19,409.840014,416.963424,363.293898,371.881022,329813
2026-03-20,373.930186,412.377079,368.563234,396.764128,287993
2026-03-23,370.905207,388.274616,353.438216,382.419759,365695
2026-03-24,391.295494,391.295494,358.297022,365.716797,292215
2026-03-25,354.587127,361.811644,343.945608,351.658268,286821
2026-03-26,369.426708,402.815697,368.059907,402.034668,311710
2026-03-27,409.454442,426.734708,398.324779,420.779362,273925
2026-03-30,410.040205,485.800014,405.842174,475.841895,370206
2026-03-31,447.822453,452.801513,386.706941,389.147656,373337
2026-04-01,371.672147,375.772549,339.552332,354.001367,481170
2026-04-02,396.079301,396.274558,348.827050,350.779622,438581
2026-04-06,343.457471,350.193846,332.034923,337.306868,280739
2026-04-07,339.942838,354.001359,326.372461,326.372461,416163
2026-04-08,270.431272,286.149480,261.156554,263.206755,588378
2026-04-09,261.254168,261.254168,244.950190,246.024105,509357
2026-04-10,238.018585,238.409100,224.643464,231.282210,571848
2026-04-13,233.527659,234.601574,217.907080,218.883366,505248
2026-04-14,210.877810,218.102327,205.020093,205.508236,473802
2026-04-15,207.265556,218.980990,204.043812,204.434326,540404
2026-04-16,206.289269,210.487300,195.940636,197.990837,588719
2026-04-17,187.739842,193.304674,184.127583,184.225212,680637
2026-04-20,181.979758,189.497162,180.027185,181.882129,530283
2026-04-21,178.172225,183.151285,174.267080,177.684082,673555
2026-04-22,169.580912,175.243372,163.235052,164.016081,739988
2026-04-23,159.622797,161.282484,147.028705,153.276937,1276979
2026-04-24,136.582442,143.123559,129.846067,131.993896,1551551
2026-04-27,131.896261,142.830666,130.919975,136.972949,1368814
2026-04-28,153.374554,158.841757,145.759522,152.203011,1585779
2026-04-29,145.564264,148.786009,140.389948,140.585205,1008970
2026-04-30,135.118015,141.463876,129.357926,129.846069,1283032
2026-05-01,132.872551,135.606153,125.648033,126.721948,830471
2026-05-04,124.964634,133.165438,123.500204,129.455550,902468
2026-05-05,122.035774,122.914431,109.441682,112.370540,1426679
2026-05-06,101.826648,108.758280,95.676045,95.773674,2230305
2026-05-07,97.823876,106.219938,97.335733,103.486336,1925821
2026-05-08,96.261817,97.335732,86.303698,86.401326,2087944
2026-05-11,84.448757,85.620300,79.567326,80.055469,2004827
2026-05-12,85.425040,96.749960,83.472468,87.377612,3466026
2026-05-13,81.812783,87.670501,79.469696,81.519897,2373893
2026-05-14,82.300925,84.253497,79.274438,80.738867,1699488
2026-05-15,89.134928,91.673272,85.913184,90.111214,2685397
2026-05-18,85.620294,102.217158,84.741636,97.140470,2743099
2026-05-19,103.876847,108.074877,91.478012,96.945215,3594585
2026-05-20,90.794621,91.282764,83.081960,83.374845,1885623
2026-05-21,84.448753,85.717925,80.153094,80.934123,1714514
2026-05-22,78.102892,78.688663,73.221461,75.466919,1883589
2026-05-26,67.363746,67.851889,60.432115,61.408401,40368300
2026-05-27,56.917484,67.461375,56.917484,63.751492,53730730
2026-05-28,63.360975,66.680349,59.553457,61.603657,35310780
2026-05-29,59.651085,63.360976,57.698513,61.798916,30771930
2026-06-01,63.946744,65.801689,59.065313,61.115513,33069110
2026-06-02,56.624597,57.893769,50.278737,50.473995,48050000
2026-06-03,47.642769,52.231315,47.056998,47.935654,63441940
2026-06-04,54.379144,56.722228,48.814311,50.766884,66575950
2026-06-05,57.210369,66.875604,56.526972,66.777977,97269150
2026-06-08,55.745940,59.065315,51.450283,55.550686,80565800
2026-06-09,51.255027,69.413949,50.181113,57.893772,138885730
2026-06-10,60.920258,64.923030,54.672025,64.141998,120889630
2026-06-11,59.553456,59.553456,47.838022,48.521423,91010800
2026-06-12,48.911935,50.278737,44.323393,46.080708,63481140
2026-06-15,39.734845,40.711131,38.172785,38.563301,46568520
2026-06-16,39.344332,45.397307,38.172788,45.202049,61626100
2026-06-17,40.711135,43.542362,38.270419,43.542362,65939990
2026-06-18,37.684645,37.782276,33.681873,35.048676,71115680
2026-06-22,32.510327,34.072387,32.119814,32.217442,47578730
2026-06-23,39.407602,40.790323,37.531049,39.901432,88624720
2026-06-24,39.506367,43.358239,38.716240,40.296494,82630030
2026-06-25,33.382880,40.987856,33.284116,35.852028,77759570
2026-06-26,39.901433,41.975515,39.012538,41.876751,68801770
2026-06-29,41.086623,45.728622,36.543392,36.740925,77876610
2026-06-30,36.148326,36.345859,31.308798,32.000160,58521310
2026-07-01,35.456969,38.419947,34.666838,38.123646,68950380
2026-07-02,37.926116,46.815050,36.642156,44.543430,93091920
2026-07-06,40.592793,41.284155,37.234754,41.185390,54487490
2026-07-07,47.407642,50.765685,46.024918,47.407642,69078340
2026-07-08,49.185427,49.284196,44.049599,44.444664,84320550
2026-07-09,38.222413,40.691561,37.037221,40.197731,68417330
2026-07-10,42.173047,43.358239,39.407603,40.296494,52604710
2026-07-13,43.852072,46.716282,43.259474,45.926155,61337190
2026-07-14,39.210070,44.444663,39.210070,42.271812,49315190
2026-07-15,40.721190,49.076786,40.652054,45.412571,52702200
2026-07-16,49.155799,52.681743,47.713818,51.378033,62582100
2026-07-17,57.866954,60.839807,50.706425,54.173107,107781500
2026-07-20,50.558274,53.738538,48.503945,53.323723,53490400
2026-07-21,45.768130,48.484193,43.891576,44.573063,66515300
2026-07-22,47.970608,47.970608,42.587864,43.970589,59449500
2026-07-23,46.410109,46.755788,43.377992,45.047138,68543000
2026-07-24,46.696526,52.168159,45.827388,50.894077,63109300
2026-07-27,49.471850,58.933624,48.889131,54.252121,67257400
2026-07-28,60.523757,65.471932,59.812645,62.094135,70523900
2026-07-29,63.180564,72.395427,60.286722,72.247276,78342300
2026-07-30,59.486712,61.244744,51.002720,53.254581,83779800
2026-07-31,46.489118,54.518789,44.622443,53.600266,97611400
2026-08-03,57.521275,59.526222,51.486676,52.424953,67768600
2026-08-04,45.965662,46.745913,40.898969,41.807617,83746200
2026-08-05,43.239718,45.027382,40.691559,44.523678,65233400
2026-08-06,46.578010,48.227403,41.639714,44.207626,70920500
2026-08-07,41.027366,44.523681,40.395265,41.560703,57604600
2026-08-10,40.839708,44.721209,40.632300,44.652073,41822200
2026-08-11,42.479220,44.602689,42.321195,43.486633,37132000
2026-08-12,38.815005,40.573041,38.795251,40.464397,51002300
2026-08-13,40.503902,40.632298,37.096480,39.624886,66460500
2026-08-14,40.108843,41.402674,39.239701,39.782913,44550700
2026-08-17,38.173030,38.607599,36.434748,37.886608,59100300
2026-08-18,42.360705,45.264425,41.422428,43.644661,75770500
2026-08-19,42.301445,47.743445,41.955762,46.469364,69280700
2026-08-20,46.745911,47.694063,44.908864,45.679237,45915900
2026-08-21,44.118735,47.861965,44.098985,46.449612,38721700
2026-08-24,48.533575,52.158286,48.523700,50.123707,46458800
2026-08-25,47.229862,49.215059,46.084178,47.822456,34329400
2026-08-26,48.405177,49.274318,47.279246,47.496532,35211900
2026-08-27,44.859480,47.121221,44.158243,44.790344,43149300
2026-08-28,46.034796,49.610121,45.580474,49.205181,49305400
2026-08-31,48.661969,49.620000,47.496531,48.415054,33045600
2026-09-01,51.239761,53.027422,50.271855,51.575565,46690500
2026-09-02,52.148407,53.718785,50.420003,51.190380,43524700
2026-09-03,52.839769,55.002741,50.647164,50.963215,42508100
2026-09-04,48.948391,49.590367,45.531088,45.768127,55333600
2026-09-08,43.012556,44.276763,41.985390,43.536018,56664100
2026-09-09,44.247133,44.266886,41.797738,42.706387,53556200
2026-09-10,45.945907,46.903937,44.938494,46.163193,56813600
2026-09-11,44.138488,45.254544,42.587863,43.595276,63890800
2026-09-14,50.973092,51.575565,49.590368,51.091610,62509600
2026-09-15,49.254563,51.160745,48.652090,50.469383,41087900
2026-09-16,47.950854,51.101489,46.982949,49.491604,58508100
2026-09-17,45.155782,45.768130,44.118737,44.434792,51115500
2026-09-18,43.565648,43.713794,40.958228,40.977982,55388600
2026-09-21,38.271794,39.022413,34.252021,34.894001,85759000
2026-09-22,35.980000,36.009998,32.250000,32.419998,86011700
2026-09-23,32.869999,35.060001,32.630001,33.660000,82489000
2026-09-24,35.450001,35.849998,33.430000,33.630001,84602000
2026-09-25,32.970001,33.389999,31.900000,32.430000,68411800
